NH투자증권(005940),시가,고가,저가,종가,거래량,시가총액(백만),상장주식수(주)
1999-01-04,13175,14542,13175,14140,3133040,707014.0,40171263.0
1999-01-05,14141,14622,13659,14462,2664020,723083.0,40171263.0
1999-01-06,14663,15025,14261,14301,1982560,715048.0,40171263.0
1999-01-07,15505,15586,14502,14702,2927850,735134.0,40171263.0
1999-01-08,14703,15748,14543,15185,2320100,759237.0,40171263.0
1999-01-11,15666,15666,14943,15425,1517930,771288.0,40171263.0
1999-01-12,15426,15426,14141,14341,1378720,717057.0,40171263.0
1999-01-13,14180,14462,13497,14060,1149890,702997.0,40171263.0
1999-01-14,13175,13658,12091,12533,1064080,626672.0,40171263.0
1999-01-15,12855,13296,12533,13096,1014630,654792.0,40171263.0
1999-01-18,13818,13899,12935,13015,755290,650774.0,40171263.0
1999-01-19,12855,13417,12212,13015,921040,650774.0,40171263.0
1999-01-20,13015,13175,12292,12292,578400,614620.0,40171263.0
1999-01-21,12052,12052,11168,11168,821730,558381.0,40171263.0
1999-01-22,10887,11811,10485,11248,1929310,562398.0,40171263.0
1999-01-25,11649,11649,10846,10846,932280,542312.0,40171263.0
1999-01-26,11248,11409,10123,10204,1135630,510175.0,40171263.0
1999-01-27,10284,11650,9803,11168,1669970,558381.0,40171263.0
1999-01-28,11087,11409,10685,10766,973540,538295.0,40171263.0
1999-01-29,10565,11328,10565,10927,767470,546329.0,40171263.0
1999-02-01,10926,11770,10805,11730,1524840,586500.0,40171263.0
1999-02-02,11730,11730,11088,11409,913360,570432.0,40171263.0
1999-02-03,11248,11248,10765,10886,463730,544321.0,40171263.0
1999-02-04,10846,11167,10685,10967,378600,548338.0,40171263.0
1999-02-05,10846,11569,10765,10927,835500,546329.0,40171263.0
1999-02-08,11087,11569,10926,11007,1016110,550346.0,40171263.0
1999-02-09,10926,11087,10685,10846,611950,542312.0,40171263.0
1999-02-10,10847,11209,10726,11168,613500,558381.0,40171263.0
1999-02-11,10927,11529,10927,11248,599070,562398.0,40171263.0
1999-02-12,11410,12293,11410,11971,1708120,598552.0,40171263.0
1999-02-18,12212,12251,11649,11650,1586930,582483.0,40171263.0
1999-02-19,11409,11409,10765,11007,951790,550346.0,40171263.0
1999-02-22,10921,10964,10234,10233,473940,478038.0,40171263.0
1999-02-23,10320,10577,9975,10233,608670,478038.0,40171263.0
1999-02-24,10234,10491,9890,9889,296840,461970.0,40171263.0
1999-02-25,9544,9846,9287,9545,759320,445901.0,40171263.0
1999-02-26,9545,9890,9460,9846,668380,541989.0,47335306.0
1999-03-02,9890,10448,9890,10319,1300090,596039.0,49669917.0
1999-03-03,10277,10707,10104,10319,874470,596039.0,49669917.0
1999-03-04,10319,10404,10060,10104,425400,583622.0,49669917.0
1999-03-05,9889,10190,9889,10061,486380,581138.0,49669917.0
1999-03-08,10664,11567,10491,11566,1455770,668060.0,49669917.0
1999-03-09,12040,12340,11695,12039,2362620,695379.0,49669917.0
1999-03-10,11780,12210,11609,12211,1053860,705313.0,49669917.0
1999-03-11,12297,13501,12211,13329,2510150,769884.0,49669917.0
1999-03-12,13586,13673,13027,13371,1907010,772367.0,49669917.0
1999-03-15,13760,13974,13330,13329,1511050,769884.0,49669917.0
1999-03-16,13070,13500,12984,13501,1089660,779818.0,49669917.0
1999-03-17,13844,14189,13500,13501,2762290,779818.0,49669917.0
1999-03-18,13330,13674,12297,12297,1281990,710280.0,49669917.0
1999-03-19,12641,12900,12297,12899,1212250,745049.0,49669917.0
1999-03-22,13157,13287,12727,12727,1068190,735115.0,49669917.0
1999-03-23,12727,12985,12555,12899,475630,745049.0,49669917.0
1999-03-24,12899,12899,12554,12641,561670,730148.0,49669917.0
1999-03-25,12469,12941,12469,12641,632750,733098.0,49870583.0
1999-03-26,12726,13027,12511,12984,1294760,753046.0,49870583.0
1999-03-29,12726,12899,12210,12211,1032270,708162.0,49870583.0
1999-03-30,12654,12743,12300,12521,625060,705669.0,49870583.0
1999-03-31,12565,12963,12387,12432,611700,702789.0,50020583.0
1999-04-01,12387,14157,12387,13980,2768750,790325.0,50020583.0
1999-04-02,14246,14689,14070,14069,2724980,795327.0,50020583.0
1999-04-06,14512,15751,14512,15397,3024040,870358.0,50020583.0
1999-04-07,15396,15927,14777,15042,2564710,850350.0,50020583.0
1999-04-08,15043,15707,14644,15662,1986280,885364.0,50020583.0
1999-04-09,15928,16282,15352,15839,2479090,895368.0,50020583.0
1999-04-12,16282,16370,15573,16104,1754360,910375.0,50020583.0
1999-04-13,15617,16369,15572,15750,1798330,890366.0,50020583.0
1999-04-14,15572,16104,15440,15529,2380070,1176211.0,67020583.0
1999-04-15,16105,17831,16105,17830,5505190,1350465.0,67020583.0
1999-04-16,18715,19600,17963,19157,6988870,1450996.0,67020583.0
1999-04-19,19909,20174,19024,20174,4348880,1528069.0,67020583.0
1999-04-20,20174,21413,19554,20617,4524170,1561580.0,67020583.0
1999-04-21,20528,22077,20086,20794,5032770,1574984.0,67020583.0
1999-04-22,20793,21236,19024,20440,4096730,1548175.0,67020583.0
1999-04-23,20793,22784,19997,22386,6823070,1695621.0,67020583.0
1999-04-26,24333,25704,23448,25705,4405580,1951325.0,67171249.0
1999-04-27,28580,29199,26103,27873,6700860,2115894.0,67171249.0
1999-04-28,26988,29112,26546,27607,4167000,2095743.0,67171249.0
1999-04-29,26987,27342,24333,24864,3128620,1891727.0,67321249.0
1999-04-30,24952,26810,24068,26545,4537840,2019637.0,67321249.0
1999-05-03,26546,27210,24953,25572,2197540,1945584.0,67321249.0
1999-05-04,25660,27342,25306,26368,3552890,2006173.0,67321249.0
1999-05-06,26810,27253,26280,26988,2885350,2053298.0,67321249.0
1999-05-07,27784,28315,26810,27430,3306460,2086959.0,67321249.0
1999-05-10,27165,27387,26546,26723,1874200,2033102.0,67321249.0
1999-05-11,25926,27608,24864,25572,2441290,1945584.0,67321249.0
1999-05-12,25219,26103,24599,25174,1757460,1915290.0,67321249.0
1999-05-13,24775,25040,23006,23094,1758050,1761000.0,67471249.0
1999-05-14,23448,23802,22165,22873,1813710,1744132.0,67471249.0
1999-05-17,22872,23581,22475,23094,2293510,1761000.0,67471249.0
1999-05-18,23271,23713,22386,23448,1397780,1787988.0,67471249.0
1999-05-19,23625,24289,23094,23271,1765690,1774494.0,67471249.0
1999-05-20,23007,23272,19821,19821,6562880,1511356.0,67471249.0
1999-05-21,17785,18493,16856,16856,8672460,1285327.0,67471249.0
1999-05-24,17167,17255,15573,16282,4516030,1241471.0,67471249.0
1999-05-25,16457,17121,16325,16458,2987950,1254965.0,67471249.0
1999-05-26,16192,17077,16192,17033,2260190,1298822.0,67471249.0
1999-05-27,17254,18493,17166,17564,4437410,1339304.0,67471249.0
1999-05-28,18139,18316,16192,17697,3575360,1349425.0,67471249.0
1999-05-31,17786,18096,16990,17166,1858910,1308942.0,67471249.0
1999-06-01,17077,17254,16502,16900,1334250,1288701.0,67471249.0
1999-06-02,16990,19423,16812,19423,3848940,1480994.0,67471249.0
1999-06-03,20307,20705,18669,19467,6346480,1484367.0,67471249.0
1999-06-04,19643,19997,18980,19112,2760470,1457379.0,67471249.0
1999-06-07,19157,20882,18803,19909,5768770,1518103.0,67471249.0
1999-06-08,20264,20794,19821,20529,3741960,1565333.0,67471249.0
1999-06-09,20351,21148,18581,18582,3085870,1416896.0,67471249.0
1999-06-10,18669,19997,18227,19997,2208350,1524850.0,67471249.0
1999-06-11,19910,20706,19467,19865,1772150,1514730.0,67471249.0
1999-06-14,19555,19866,18626,19201,1172300,1464126.0,67471249.0
1999-06-15,19820,19997,18625,19289,3847200,1470873.0,67471249.0
1999-06-16,19378,19687,18581,18803,1903150,1433764.0,67471249.0
1999-06-17,18581,19201,17652,18139,3319080,1383161.0,67471249.0
1999-06-18,17697,18494,16813,16989,2256980,1295448.0,67471249.0
1999-06-21,16989,17254,15572,16370,3144520,1248218.0,67471249.0
1999-06-22,15618,16990,15043,16104,4527370,1227977.0,67471249.0
1999-06-23,16634,17519,16590,17255,3967830,1315689.0,67471249.0
1999-06-24,17519,19024,17519,17962,3628430,1369666.0,67471249.0
1999-06-25,17741,18272,17077,17564,1342270,1389467.0,69998340.0
1999-06-28,17697,18052,16857,17210,1344920,1361468.0,69998340.0
1999-06-29,16634,17785,16634,17564,1362700,1389467.0,69998340.0
1999-06-30,17342,17563,16502,17255,1081590,1364968.0,69998340.0
1999-07-01,16634,17519,16634,17255,1688180,1364968.0,69998340.0
1999-07-02,17519,18537,17387,17476,1984180,1382467.0,69998340.0
1999-07-05,18052,20087,17963,20086,4769720,1588962.0,69998340.0
1999-07-06,20351,21103,19112,19467,3367830,1539963.0,69998340.0
1999-07-07,19467,20175,19025,19423,2393780,1536464.0,69998340.0
1999-07-08,19510,19865,19024,19467,1945140,1539963.0,69998340.0
1999-07-09,20175,21591,20087,20750,4951600,1641461.0,69998340.0
1999-07-12,21237,22741,19910,20086,3648870,1588962.0,69998340.0
1999-07-13,19910,20617,19025,19201,1706340,1518964.0,69998340.0
1999-07-14,19466,19731,18669,19112,1507470,1511964.0,69998340.0
1999-07-15,18847,19467,18759,19423,966070,1536464.0,69998340.0
1999-07-16,19422,20307,19112,19909,1769540,1574963.0,69998340.0
1999-07-19,20174,20439,19510,19997,1458460,1581962.0,69998340.0
1999-07-20,19643,19909,19024,19024,933270,1504964.0,69998340.0
1999-07-21,18581,18847,17741,17918,956060,1417466.0,69998340.0
1999-07-22,18140,20264,17919,20263,1505250,1602962.0,69998340.0
1999-07-23,20263,20263,17696,17697,1559870,1399967.0,69998340.0
1999-07-26,17254,17519,15396,15927,1086300,1259970.0,69998340.0
1999-07-27,16015,17519,16015,16812,1268510,1329968.0,69998340.0
1999-07-28,16813,18052,16547,16989,1400420,1343968.0,69998340.0
1999-07-29,17167,18052,16990,17432,1326350,1378967.0,69998340.0
1999-07-30,17432,17609,16105,16104,1485850,1273970.0,69998340.0
1999-08-02,16104,16634,15484,15927,1441040,1259970.0,69998340.0
1999-08-03,15840,16591,15751,16104,972340,1273970.0,69998340.0
1999-08-04,16193,17875,16193,16724,2044280,1322969.0,69998340.0
1999-08-05,16457,16900,15839,15927,917980,1259970.0,69998340.0
1999-08-06,16370,16724,16016,16326,600250,1291469.0,69998340.0
1999-08-09,16325,18139,16104,17077,2056280,1350968.0,69998340.0
1999-08-10,17210,18051,16546,17962,1692430,1420966.0,69998340.0
1999-08-11,17963,18582,17343,17388,2063880,1375467.0,69998340.0
1999-08-12,17696,19024,17342,18582,2879640,1469965.0,69998340.0
1999-08-13,17697,18273,16547,18051,2009250,1427966.0,69998340.0
1999-08-16,18051,18758,17696,18006,1294880,1424466.0,69998340.0
1999-08-17,18140,18538,16282,16282,1156350,1287969.0,69998340.0
1999-08-18,15618,17167,15529,16547,1320420,1308969.0,69998340.0
1999-08-19,16369,17652,16369,17255,1397130,1364968.0,69998340.0
1999-08-20,17342,18891,16900,18405,2274370,1455965.0,69998340.0
1999-08-23,18848,20175,18582,18936,4492300,1497964.0,69998340.0
1999-08-24,19466,19909,18847,19909,3097160,1574963.0,69998340.0
1999-08-25,19775,20837,19554,20351,3495580,1609962.0,69998340.0
1999-08-26,20351,20616,19731,20351,1844590,1609962.0,69998340.0
1999-08-27,20087,20264,18228,20263,4458740,1602962.0,69998340.0
1999-08-30,19644,20087,18937,18936,856800,1497964.0,69998340.0
1999-08-31,18316,18936,18006,18139,837530,1434966.0,69998340.0
1999-09-01,18360,18404,16634,16812,894380,1329968.0,69998340.0
1999-09-02,16105,16901,16105,16724,1076260,1322969.0,69998340.0
1999-09-03,16546,17431,16457,16812,1001370,1329968.0,69998340.0
1999-09-06,16193,17078,16193,16989,388400,1343968.0,69998340.0
1999-09-07,16856,17342,16856,17299,456040,1368468.0,69998340.0
1999-09-08,16946,17211,16635,16989,406760,1343968.0,69998340.0
1999-09-09,16812,17741,16768,17255,827500,1364968.0,69998340.0
1999-09-10,17342,18581,17254,18582,1376420,1469965.0,69998340.0
1999-09-13,19024,19378,18183,18582,817420,1469965.0,69998340.0
1999-09-14,18581,19333,18404,18847,760570,1490965.0,69998340.0
1999-09-15,18848,19202,18228,18494,466250,1462965.0,69998340.0
1999-09-16,18493,19909,18316,19024,3428930,1504964.0,69998340.0
1999-09-17,19025,19290,17963,19201,2287790,1518964.0,69998340.0
1999-09-20,19466,19554,18581,18582,1069560,1469965.0,69998340.0
1999-09-21,18758,19333,18669,19289,1130010,1525964.0,69998340.0
1999-09-22,19289,20660,18891,20351,3243330,1609962.0,69998340.0
1999-09-27,20706,21635,20219,20971,3331880,1658961.0,69998340.0
1999-09-28,21324,21324,20174,20617,2190350,1630961.0,69998340.0
1999-09-29,20616,22342,20351,20794,5086130,1644961.0,69998340.0
1999-09-30,21059,21236,19466,19467,2089300,1539963.0,69998340.0
1999-10-01,19466,19909,17962,18847,1586610,1490965.0,69998340.0
1999-10-04,18625,19731,18581,18582,1492800,1469965.0,69998340.0
1999-10-05,18848,19202,16813,17166,1195660,1357968.0,69998340.0
1999-10-06,17697,18538,16990,18317,1288260,1448966.0,69998340.0
1999-10-07,18582,19732,18317,19600,1543470,1550463.0,69998340.0
1999-10-08,19025,20706,19025,19644,4134860,1553963.0,69998340.0
1999-10-11,19953,20086,19289,19334,824340,1529464.0,69998340.0
1999-10-12,18891,19731,18891,19732,966120,1560963.0,69998340.0
1999-10-13,19731,20484,19333,20351,1503410,1609962.0,69998340.0
1999-10-14,20263,23360,20130,23006,7786930,1819957.0,69998340.0
1999-10-15,23006,23846,22386,22652,7108110,1791958.0,69998340.0
1999-10-18,21723,23184,21546,21591,3170190,1707959.0,69998340.0
1999-10-19,22386,22386,20439,20440,3280150,1616962.0,69998340.0
1999-10-20,20971,23492,20882,22564,4007840,1784958.0,69998340.0
1999-10-21,23094,23227,21501,21679,2971350,1714959.0,69998340.0
1999-10-22,22121,22740,21324,22386,1897840,1770958.0,69998340.0
1999-10-25,22209,22961,21369,21944,2294030,1735959.0,69998340.0
1999-10-26,21679,21945,20882,20971,1343760,1658961.0,69998340.0
1999-10-27,20793,21545,20793,20794,891860,1644961.0,69998340.0
1999-10-28,20351,22121,19731,22121,1531380,1749958.0,69998340.0
1999-10-29,22918,24024,22387,22918,3473180,1812957.0,69998340.0
1999-11-01,24599,25926,23891,25572,5301570,2563255.0,88693940.0
1999-11-02,25483,26943,25130,26368,5982230,2643079.0,88693940.0
1999-11-03,26811,27121,25794,25794,8655620,2585428.0,88693940.0
1999-11-04,25837,26412,25130,25970,3214960,2603167.0,88693940.0
1999-11-05,25970,26369,24953,25395,2386060,2545516.0,88693940.0
1999-11-08,25040,26810,24863,26545,3466050,2660818.0,88693940.0
1999-11-09,25748,27430,25748,27430,2517610,2749512.0,88693940.0
1999-11-10,27430,28315,26368,26545,2731560,2671570.0,89052338.0
1999-11-11,26369,27254,25749,26280,2188280,2644854.0,89052338.0
1999-11-12,26987,29111,26191,27696,4396700,2787338.0,89052338.0
1999-11-15,29466,29864,28316,29112,2969000,2929822.0,89052338.0
1999-11-16,29155,30084,28757,30085,2645640,3027779.0,89052338.0
1999-11-17,30969,31323,29199,29465,3107400,2968789.0,89152823.0
1999-11-18,29465,29907,27253,28403,2141090,2861806.0,89152823.0
1999-11-19,28757,29509,28315,28624,1615210,2884094.0,89152823.0
1999-11-22,28316,28714,26988,27607,1359330,2781568.0,89152823.0
1999-11-23,26810,28492,26722,27474,1614770,2768195.0,89152823.0
1999-11-24,26589,27165,26280,26634,1328910,2683500.0,89152823.0
1999-11-25,26457,26943,24598,24599,2957700,2478448.0,89152823.0
1999-11-26,25040,25218,22209,22386,3636830,2255566.0,89152823.0
1999-11-29,22652,23184,21502,22741,2908870,2291228.0,89152823.0
1999-11-30,23095,24953,22918,24245,3351930,2442787.0,89152823.0
1999-12-01,23890,24200,22828,23006,2043110,2405061.0,92502345.0
1999-12-02,23094,23802,22254,22785,1766140,2381935.0,92502345.0
1999-12-03,22209,23271,22121,22652,1107760,2368060.0,92502345.0
1999-12-06,22828,23094,21988,22564,1709060,2358810.0,92502345.0
1999-12-07,22828,22917,21148,22121,2210540,2312559.0,92502345.0
1999-12-08,22121,22740,20882,22121,3212400,2312559.0,92502345.0
1999-12-09,22216,22504,20732,21403,2191990,2067427.0,92502345.0
1999-12-10,20972,24611,20780,24611,3588760,2377310.0,92502345.0
1999-12-13,25137,25808,24036,24611,3180520,2377310.0,92502345.0
1999-12-14,24994,26047,24611,24707,2620560,2386561.0,92502345.0
1999-12-15,24419,24515,22887,23270,1218640,2247807.0,92502345.0
1999-12-16,22504,24084,22216,22792,1545760,2201556.0,92502345.0
1999-12-17,22983,23461,21642,21930,1229180,2118304.0,92502345.0
1999-12-20,21929,22408,21067,21068,1299610,2035052.0,92502345.0
1999-12-21,21498,21786,19391,19536,2105920,1887048.0,92502345.0
1999-12-22,19727,20301,18577,19344,2704350,1868547.0,92502345.0
1999-12-23,19727,20014,18482,18482,2360620,1785295.0,92502345.0
1999-12-24,18673,20924,18530,19296,4216720,1863922.0,92502345.0
1999-12-27,19535,19822,18769,18769,1854050,1813046.0,92502345.0
1999-12-28,18577,19487,18194,18482,2555350,1785295.0,92502345.0
2000-01-04,19152,21211,19008,21211,2330680,2048927.0,92502345.0
2000-01-05,21307,22887,20301,22504,4455610,2173805.0,92502345.0
2000-01-06,22983,23078,20876,21068,2237400,2035052.0,92502345.0
2000-01-07,21929,22791,21307,22025,3228210,2127554.0,92502345.0
2000-01-10,22695,23461,22121,22217,2509580,2146054.0,92502345.0
2000-01-11,21738,22504,21163,22025,1981800,2127554.0,92502345.0
2000-01-12,22169,23222,21546,22313,3376570,2155305.0,92502345.0
2000-01-13,22312,23940,22312,23941,2479740,2312559.0,92502345.0
2000-01-14,23940,24323,22695,22983,1869870,2220056.0,92502345.0
2000-01-17,23461,23701,22887,23462,1381630,2266307.0,92502345.0
2000-01-18,23749,23844,22408,22504,1077860,2173805.0,92502345.0
2000-01-19,21833,22216,21067,21068,1108950,2035052.0,92502345.0
2000-01-20,20397,21690,19631,21307,1430540,2058177.0,92502345.0
2000-01-21,20684,21833,20397,20924,889090,2021176.0,92502345.0
2000-01-24,20205,21163,19918,20110,1467630,1942549.0,92502345.0
2000-01-25,19439,20828,19344,20110,1444800,1942549.0,92502345.0
2000-01-26,20397,21738,20110,21116,2072550,2039677.0,92502345.0
2000-01-27,21259,24132,21163,23606,3534080,2280183.0,92502345.0
2000-01-28,23653,24706,23030,24132,3461440,2331059.0,92502345.0
2000-01-31,23174,25472,23174,24994,4660820,3197311.0,122502345.0
2000-02-01,25664,25808,24084,25090,3546630,3209561.0,122502345.0
2000-02-02,24802,26622,24515,25617,4709550,3276938.0,122502345.0
2000-02-03,25616,25951,24898,25186,2168280,3221812.0,122502345.0
2000-02-07,25185,25999,24467,25138,2533710,3215687.0,122502345.0
2000-02-08,24898,25951,24658,24707,2242850,3160561.0,122502345.0
2000-02-09,24515,25568,23749,24707,2981980,3160561.0,122502345.0
2000-02-10,24132,25233,23653,23989,2301500,3068684.0,122502345.0
2000-02-11,24323,24563,22600,22696,2851720,2903306.0,122502345.0
2000-02-14,22025,23366,21738,22121,2336960,2829804.0,122502345.0
2000-02-15,22599,23270,22169,22313,2529160,2854305.0,122502345.0
2000-02-16,22600,23126,20876,21786,2266410,2786928.0,122502345.0
2000-02-17,21067,22216,21067,22121,1831530,2829804.0,122502345.0
2000-02-18,21546,21881,20636,20637,1745620,2639926.0,122502345.0
2000-02-21,19727,21067,19391,20206,1629220,2584799.0,122502345.0
2000-02-22,20205,21067,19679,19871,1825840,2541924.0,122502345.0
2000-02-23,21498,22839,20636,22552,3896890,2884930.0,122502345.0
2000-02-24,21642,22408,20588,20828,3136730,2664426.0,122502345.0
2000-02-25,20349,21642,19918,20972,2299060,2682801.0,122502345.0
2000-02-28,20014,20588,19631,19775,1437720,2529673.0,122502345.0
2000-02-29,20876,21067,19008,19344,1599260,2474547.0,122502345.0
2000-03-02,18961,20588,18386,20493,3302470,2621550.0,122502345.0
2000-03-03,20110,20349,19152,19153,2027540,2450047.0,122502345.0
2000-03-06,19439,20924,19056,20158,2999500,2578674.0,122502345.0
2000-03-07,19822,20493,19439,19919,1857130,2548049.0,122502345.0
2000-03-08,19439,20972,19439,19727,1961390,2523548.0,122502345.0
2000-03-09,19775,19966,19152,19153,2449350,2450047.0,122502345.0
2000-03-10,19200,19918,18338,18386,2932660,2352045.0,122502345.0
2000-03-13,18482,18625,16758,16758,3044510,2143791.0,122502345.0
2000-03-14,15896,17428,15609,16280,3367730,2082540.0,122502345.0
2000-03-15,16088,16662,15226,15370,3026180,1966163.0,122502345.0
2000-03-16,15800,16136,14555,14939,3744820,1911037.0,122502345.0
2000-03-17,15513,16758,15322,16136,5863510,2064165.0,122502345.0
2000-03-20,16279,16423,15800,16088,2355100,2058039.0,122502345.0
2000-03-21,16279,16471,15417,15514,1822180,1984538.0,122502345.0
2000-03-22,15896,16997,15609,16758,3342040,2143791.0,122502345.0
2000-03-23,16710,17620,16231,16758,3082990,2143791.0,122502345.0
2000-03-24,17237,17333,16231,16950,1711640,2168292.0,122502345.0
2000-03-27,16950,18961,16758,18626,3925150,2382671.0,122502345.0
2000-03-28,18147,18577,17285,17668,2537720,2260168.0,122502345.0
2000-03-29,17285,17428,15800,15897,3513670,2033539.0,122502345.0
2000-03-30,14891,14938,13598,13886,3466520,1776284.0,122502345.0
2000-03-31,13981,14364,13311,13790,2670410,1764034.0,122502345.0
2000-04-03,13885,14077,11730,11922,2505370,1525154.0,122502345.0
2000-04-04,12113,12640,11539,12353,4037130,1580280.0,122502345.0
2000-04-06,12449,12497,11587,11587,1678190,1482278.0,122502345.0
2000-04-07,11683,12161,11300,11922,2855010,1525154.0,122502345.0
2000-04-10,12018,13215,11491,12449,3698540,1592530.0,122502345.0
2000-04-11,12832,13215,12449,12449,2025280,1592530.0,122502345.0
2000-04-12,12497,13550,12449,12784,2865610,1635406.0,122502345.0
2000-04-14,12784,13694,12449,13407,2313850,1715033.0,122502345.0
2000-04-17,12640,12736,11395,11444,2082480,1463903.0,122502345.0
2000-04-18,12401,12401,11587,11970,1614780,1531279.0,122502345.0
2000-04-19,11970,12209,11347,11492,1456050,1470028.0,122502345.0
2000-04-20,11491,11683,11012,11396,1467010,1457778.0,122502345.0
2000-04-21,11491,11683,11395,11492,890670,1470028.0,122502345.0
2000-04-24,11491,11491,10725,10821,939210,1384276.0,122502345.0
2000-04-25,10821,10869,9959,10151,1154100,1298525.0,122502345.0
2000-04-26,10342,10486,9097,9299,1530780,1189498.0,122502345.0
2000-04-27,9298,9863,9001,9442,1900010,1207873.0,122502345.0
2000-04-28,9576,10677,9490,10055,2538080,1286275.0,122502345.0
2000-05-02,10246,10533,9672,10055,2156560,1286275.0,122502345.0
2000-05-03,9767,10725,9719,10438,1931790,1335276.0,122502345.0
2000-05-04,10533,11204,10246,10438,1606490,1335276.0,122502345.0
2000-05-08,10629,10916,10438,10630,1156100,1359776.0,122502345.0
2000-05-09,10438,10773,9959,9959,669650,1274024.0,122502345.0
2000-05-10,9863,10055,9461,9481,1243820,1212773.0,122502345.0
2000-05-12,9576,9672,9154,9184,942840,1174797.0,122502345.0
2000-05-15,9183,9202,8044,8054,1394710,1030245.0,122502345.0
2000-05-16,8149,8331,7775,7996,1185370,1022895.0,122502345.0
2000-05-17,7996,7996,6799,6799,1991590,869767.0,122502345.0
2000-05-18,6339,6971,6042,6617,3050260,846491.0,122502345.0
2000-05-19,6416,6894,6291,6416,1666230,820766.0,122502345.0
2000-05-22,6416,6789,6100,6100,1823130,780340.0,122502345.0
2000-05-23,5870,6847,5870,6225,2761530,796265.0,122502345.0
2000-05-24,6320,7153,6157,7153,3921500,915093.0,122502345.0
2000-05-25,7277,8226,7277,8226,3562080,1052295.0,122502345.0
2000-05-26,8139,8609,7000,7039,4663140,900392.0,122502345.0
2000-05-29,6703,8091,6607,8092,3527130,1035145.0,122502345.0
2000-05-30,8752,9298,8293,8619,6072700,1102521.0,122502345.0
2000-05-31,8829,9911,8714,9911,4776890,1267899.0,122502345.0
2000-06-01,10007,10677,9624,9911,6213150,1267899.0,122502345.0
2000-06-02,10821,11347,10390,11013,6255390,1408777.0,122502345.0
2000-06-05,11874,12640,11491,12641,6297750,1617031.0,122502345.0
2000-06-07,12449,14077,12353,12880,8826490,1647657.0,122502345.0
2000-06-08,13119,13215,11539,12306,5333240,1574155.0,122502345.0
2000-06-09,12018,13167,11635,12449,6010870,1592530.0,122502345.0
2000-06-12,12449,13358,12066,12928,4548030,1653782.0,122502345.0
2000-06-13,12832,13741,12066,12066,6822280,1543530.0,122502345.0
2000-06-14,12257,12401,10773,10821,4640120,1384276.0,122502345.0
2000-06-15,10869,11252,9767,9959,4267010,1274024.0,122502345.0
2000-06-16,9959,10486,9672,9911,2970590,1267899.0,122502345.0
2000-06-19,9911,10198,9097,9097,2135290,1163772.0,122502345.0
2000-06-20,9528,10438,9403,10438,3526690,1335276.0,122502345.0
2000-06-21,11060,11970,11012,11396,8634490,1457778.0,122502345.0
2000-06-22,11970,12449,11156,11779,5110140,1506779.0,122502345.0
2000-06-23,11491,12161,11300,12066,3076390,1543530.0,122502345.0
2000-06-26,12449,12927,12066,12928,3171810,1653782.0,122502345.0
2000-06-27,13119,14555,12592,13886,9657590,1776284.0,122502345.0
2000-06-28,13885,14364,13023,13503,5885860,1727283.0,122502345.0
2000-06-29,13598,13885,12688,13263,3602310,1696657.0,122502345.0
2000-06-30,13263,14172,13119,13886,4944320,1776284.0,122502345.0
2000-07-03,14268,14508,13694,14029,4632740,1794659.0,122502345.0
2000-07-04,14172,14795,13023,13167,8588200,1684407.0,122502345.0
2000-07-05,12927,14077,12401,13694,6600140,1751784.0,122502345.0
2000-07-06,13550,15034,13215,13981,13234130,1788534.0,122502345.0
2000-07-07,14364,14555,13789,14029,4177130,1794659.0,122502345.0
2000-07-10,14316,15465,14220,15370,9867270,1966163.0,122502345.0
2000-07-11,15369,16088,14125,14221,10449210,1819160.0,122502345.0
2000-07-12,14364,14603,13311,13981,4423960,1788534.0,122502345.0
2000-07-13,13789,14172,13502,14029,2612280,1794659.0,122502345.0
2000-07-14,13933,14125,13119,13119,2191570,1678282.0,122502345.0
2000-07-18,12544,12784,11778,12162,2379990,1555780.0,122502345.0
2000-07-19,11922,12927,11778,12497,5865570,1598656.0,122502345.0
2000-07-20,12018,12401,11395,11539,2853080,1476153.0,122502345.0
2000-07-21,11874,12592,11635,12018,5495010,1537404.0,122502345.0
2000-07-24,11922,12497,10533,10725,4795300,1372026.0,122502345.0
2000-07-25,10725,11635,10294,11492,3724070,1470028.0,122502345.0
2000-07-26,11778,11874,11156,11300,2238000,1445528.0,122502345.0
2000-07-27,11156,11443,10821,11300,1843980,1445528.0,122502345.0
2000-07-28,11060,11730,10725,10725,2681030,1372026.0,122502345.0
2000-07-31,10581,10869,10150,10630,3243510,1359776.0,122502345.0
2000-08-01,10725,11539,10486,11204,3755300,1433277.0,122502345.0
2000-08-02,11395,11730,11108,11396,2468610,1457778.0,122502345.0
2000-08-03,11635,11730,11012,11108,1490800,1421027.0,122502345.0
2000-08-04,10821,11012,10438,10630,2067460,1359776.0,122502345.0
2000-08-07,10198,10342,9547,9576,1496240,1225023.0,122502345.0
2000-08-08,9672,10055,9547,9624,1824930,1231149.0,122502345.0
2000-08-09,9719,10533,9719,10534,2020600,1347526.0,122502345.0
2000-08-10,10629,10869,10342,10821,2737560,1384276.0,122502345.0
2000-08-11,10581,12066,10533,11396,4127850,1457778.0,122502345.0
2000-08-14,12257,12544,11826,12066,3958600,1543530.0,122502345.0
2000-08-16,12066,12305,11778,12258,2242270,1568030.0,122502345.0
2000-08-17,12066,12688,11922,12066,2427820,1543530.0,122502345.0
2000-08-18,11970,12544,11778,12066,1958460,1543530.0,122502345.0
2000-08-21,11874,12209,11683,11875,1262150,1519029.0,122502345.0
2000-08-22,11970,12544,11970,12353,2494760,1580280.0,122502345.0
2000-08-23,12449,12640,11635,11731,2108850,1500654.0,122502345.0
2000-08-24,11730,11970,11443,11683,1965830,1494529.0,122502345.0
2000-08-25,11683,11826,11395,11635,1016450,1488403.0,122502345.0
2000-08-28,11539,11874,11443,11779,1078450,1506779.0,122502345.0
2000-08-29,12113,12209,11826,11922,1444580,1525154.0,122502345.0
2000-08-30,11922,12113,11778,11875,755780,1519029.0,122502345.0
2000-08-31,11683,11874,11012,11156,1338650,1427152.0,122502345.0
2000-09-01,11156,11395,11012,11252,716130,1439403.0,122502345.0
2000-09-04,11156,11252,10869,10917,551030,1396527.0,122502345.0
2000-09-05,10725,11204,10725,11204,608450,1433277.0,122502345.0
2000-09-06,11060,11443,11012,11013,574780,1408777.0,122502345.0
2000-09-07,10869,11347,10725,11204,967060,1433277.0,122502345.0
2000-09-08,11300,11730,11156,11539,1101390,1476153.0,122502345.0
2000-09-14,11108,12353,11108,12353,1828180,1580280.0,122502345.0
2000-09-15,12161,12544,11204,11587,2443800,1482278.0,122502345.0
2000-09-18,10916,11012,9863,9959,2578450,1274024.0,122502345.0
2000-09-19,9672,10198,9384,9816,1592300,1255649.0,122502345.0
2000-09-20,10150,10390,9959,10151,1239620,1298525.0,122502345.0
2000-09-21,9911,10342,9490,10007,1300760,1280150.0,122502345.0
2000-09-22,9576,10102,9346,9356,1269750,1196848.0,122502345.0
2000-09-25,9767,10486,9528,10438,1962140,1335276.0,122502345.0
2000-09-26,10150,10486,10055,10247,1106930,1310775.0,122502345.0
2000-09-27,10102,10390,10055,10390,1171710,1329150.0,122502345.0
2000-09-28,10390,10438,10055,10151,827730,1298525.0,122502345.0
2000-09-29,10342,10581,10198,10342,1033600,1323025.0,122502345.0
2000-10-02,10102,10150,9863,10007,552480,1280150.0,122502345.0
2000-10-04,9719,10198,9672,10055,869250,1286275.0,122502345.0
2000-10-05,9863,10533,9863,10199,2218860,1304650.0,122502345.0
2000-10-06,10055,10342,9911,10007,1502730,1280150.0,122502345.0
2000-10-09,10102,10198,9576,9576,1333520,1225023.0,122502345.0
2000-10-10,9576,9719,9375,9528,1149500,1218898.0,122502345.0
2000-10-11,9384,9432,8542,8753,1671330,1119671.0,122502345.0
2000-10-12,8427,8896,8158,8159,1165810,1043720.0,122502345.0
2000-10-13,7661,7661,7134,7422,3526970,949393.0,122502345.0
2000-10-16,8331,8331,7613,7613,3384100,973894.0,122502345.0
2000-10-17,7507,7699,6617,6617,1647200,846491.0,122502345.0
2000-10-18,6511,7364,6234,6904,3536590,883242.0,122502345.0
2000-10-19,6655,7105,6655,6780,1749890,867317.0,122502345.0
2000-10-20,7124,7795,7009,7422,4304940,949393.0,122502345.0
2000-10-23,7517,7526,6799,6828,2069720,873442.0,122502345.0
2000-10-24,7086,7277,6827,7077,1731760,905292.0,122502345.0
2000-10-25,7115,7210,6866,6962,1264700,890592.0,122502345.0
2000-10-26,6780,6866,6665,6761,1170460,864867.0,122502345.0
2000-10-27,6799,7019,6636,6703,2131570,857516.0,122502345.0
2000-10-30,6799,6923,6607,6703,1443530,857516.0,122502345.0
2000-10-31,6703,6722,6042,6502,1771200,831791.0,122502345.0
2000-11-01,6703,7306,6569,7201,3797570,921218.0,122502345.0
2000-11-02,7076,7613,7038,7383,3121400,944493.0,122502345.0
2000-11-03,7555,7890,7421,7537,3030530,964093.0,122502345.0
2000-11-06,7459,7785,7325,7613,2204990,973894.0,122502345.0
2000-11-07,7479,7670,7297,7297,1263790,933468.0,122502345.0
2000-11-08,7191,7469,7105,7230,1465960,924893.0,122502345.0
2000-11-09,7134,7450,7000,7374,3137310,943268.0,122502345.0
2000-11-10,7383,7890,7325,7709,3981340,986144.0,122502345.0
2000-11-13,7498,7641,7086,7134,2258950,912642.0,122502345.0
2000-11-14,7239,7364,7201,7364,1199260,942043.0,122502345.0
2000-11-15,7555,7622,7134,7182,2288880,918768.0,122502345.0
2000-11-16,7182,7230,7038,7134,939420,912642.0,122502345.0
2000-11-17,7076,7316,6990,7106,1026740,908967.0,122502345.0
2000-11-20,6866,7000,6607,6675,1079390,853841.0,122502345.0
2000-11-21,6578,6578,6147,6359,1701580,813416.0,122502345.0
2000-11-22,6358,6511,6176,6225,1271220,796265.0,122502345.0
2000-11-23,5956,6176,5889,5889,1211560,753389.0,122502345.0
2000-11-24,5918,6243,5908,6234,1649200,797490.0,122502345.0
2000-11-27,6368,6550,6329,6550,1510250,837916.0,122502345.0
2000-11-28,6502,6502,6243,6253,902460,799940.0,122502345.0
2000-11-29,6109,6109,5946,5976,703490,764415.0,122502345.0
2000-11-30,6061,6119,5822,6081,693000,777890.0,122502345.0
2000-12-01,5841,6128,5784,6129,677730,784015.0,122502345.0
2000-12-04,6215,6224,5851,5937,713840,759515.0,122502345.0
2000-12-05,5985,6071,5937,6071,630210,776665.0,122502345.0
2000-12-06,6425,6875,6224,6311,3318040,807290.0,122502345.0
2000-12-07,6224,6751,6176,6684,2543240,855066.0,122502345.0
2000-12-08,6617,6837,6559,6751,2159170,863642.0,122502345.0
2000-12-11,6894,7153,6808,6933,2000850,886917.0,122502345.0
2000-12-12,6875,6961,6722,6770,1100600,866092.0,122502345.0
2000-12-13,6703,6933,6674,6895,957020,882017.0,122502345.0
2000-12-14,6732,7086,6598,6943,1493690,888142.0,122502345.0
2000-12-15,6799,6885,6511,6531,1989700,835466.0,122502345.0
2000-12-18,6377,6569,6377,6531,691710,835466.0,122502345.0
2000-12-19,6578,6732,6282,6349,1210170,812191.0,122502345.0
2000-12-20,5946,6176,5745,5794,1610690,741139.0,122502345.0
2000-12-21,5458,5841,5420,5707,1394820,730114.0,122502345.0
2000-12-22,5793,5918,5544,5583,1102200,714189.0,122502345.0
2000-12-26,5745,5841,5582,5660,942600,723989.0,122502345.0
2001-01-02,5745,6502,5745,6502,2324040,831791.0,122502345.0
2001-01-03,6320,6866,6272,6656,3196950,851391.0,122502345.0
2001-01-04,7555,7651,7220,7651,5206760,978794.0,122502345.0
2001-01-05,7651,8791,7517,8791,9369830,1124572.0,122502345.0
2001-01-08,8609,9288,8522,8906,6804780,1139272.0,122502345.0
2001-01-09,8858,9049,8360,8954,4799210,1145397.0,122502345.0
2001-01-10,8714,9183,8091,8092,5560430,1035145.0,122502345.0
2001-01-11,8245,9298,8091,9299,8118620,1189498.0,122502345.0
2001-01-12,9576,10198,9145,9193,14525340,1176023.0,122502345.0
2001-01-15,9394,9672,8934,9184,7241440,1174797.0,122502345.0
2001-01-16,9116,10438,8886,10007,11952040,1280150.0,122502345.0
2001-01-17,9672,10294,9154,9385,6248570,1200523.0,122502345.0
2001-01-18,9384,10246,9288,9394,9259330,1201748.0,122502345.0
2001-01-19,9767,9863,9384,9576,4521860,1225023.0,122502345.0
2001-01-22,9624,10055,9518,9959,4629160,1274024.0,122502345.0
2001-01-26,9911,10150,9375,9375,3291110,1199298.0,122502345.0
2001-01-29,9356,9557,8925,9289,3276980,1188273.0,122502345.0
2001-01-30,9442,9480,8953,9069,2375680,1160097.0,122502345.0
2001-01-31,9049,9959,8867,9864,5256980,1261774.0,122502345.0
2001-02-01,9576,9911,9384,9385,3405960,1200523.0,122502345.0
2001-02-02,9624,9672,9193,9241,2661010,1182148.0,122502345.0
2001-02-05,8771,8886,8072,8293,2734300,1060870.0,122502345.0
2001-02-06,8427,8446,8120,8418,2275700,1076796.0,122502345.0
2001-02-07,8149,8484,8149,8236,1442390,1053520.0,122502345.0
2001-02-08,8293,8695,8293,8667,2696770,1108646.0,122502345.0
2001-02-09,8618,9518,8522,9193,4248940,1176023.0,122502345.0
2001-02-12,9241,9911,9116,9720,4522660,1243399.0,122502345.0
2001-02-13,10055,10198,9672,9816,5145970,1255649.0,122502345.0
2001-02-14,9815,10198,9624,9911,3473320,1267899.0,122502345.0
2001-02-15,10007,10150,9528,9864,2694220,1261774.0,122502345.0
2001-02-16,9863,10294,9624,9672,3064890,1237274.0,122502345.0
2001-02-19,9490,9719,9442,9548,1672840,1221348.0,122502345.0
2001-02-20,9672,10964,9566,10917,10904640,1396527.0,122502345.0
2001-02-21,10725,10964,10055,10247,6315440,1310775.0,122502345.0
2001-02-22,9959,10055,9528,9864,3896300,1261774.0,122502345.0
2001-02-23,9767,10055,9672,9816,1999140,1255649.0,122502345.0
2001-02-26,9767,10342,9767,10103,3197050,1292400.0,122502345.0
2001-02-27,10438,10629,9672,9768,3272190,1249524.0,122502345.0
2001-02-28,9576,9911,9566,9864,1655830,1261774.0,122502345.0
2001-03-02,9576,9672,8542,8619,2666590,1102521.0,122502345.0
2001-03-05,8235,8551,8187,8418,1705180,1076796.0,122502345.0
2001-03-06,8589,8848,8427,8475,2327180,1084146.0,122502345.0
2001-03-07,8810,8972,8570,8647,2613280,1106196.0,122502345.0
2001-03-08,8858,8905,8695,8868,1312460,1134372.0,122502345.0
2001-03-09,8704,8886,8599,8676,1275530,1109871.0,122502345.0
2001-03-12,8254,8475,7948,8044,1865700,1029020.0,122502345.0
2001-03-13,7565,7613,7210,7393,2700440,945718.0,122502345.0
2001-03-14,7689,8044,7661,7843,4426010,1003294.0,122502345.0
2001-03-15,6818,7747,6799,7584,2661300,970219.0,122502345.0
2001-03-16,7756,7833,7526,7661,1895690,980019.0,122502345.0
2001-03-19,7479,7890,7479,7766,1397970,993494.0,122502345.0
2001-03-20,8139,8139,7708,7786,1334850,995944.0,122502345.0
2001-03-21,7479,7699,7459,7604,1124710,972669.0,122502345.0
2001-03-22,7517,8024,7517,7623,1626620,975119.0,122502345.0
2001-03-23,7622,7728,7546,7651,947030,978794.0,122502345.0
2001-03-26,7862,7929,7718,7776,1050780,994719.0,122502345.0
2001-03-27,7756,7842,7555,7556,892850,966544.0,122502345.0
2001-03-28,7833,7833,7134,7153,2027280,915093.0,122502345.0
2001-03-29,7076,7163,6894,6933,1480710,886917.0,122502345.0
2001-03-30,6981,6981,6636,6799,1760660,869767.0,122502345.0
2001-04-02,6636,6751,6559,6560,1513220,839141.0,122502345.0
2001-04-03,6253,6463,6090,6464,3688930,826891.0,122502345.0
2001-04-04,6282,6799,6282,6387,3965170,817091.0,122502345.0
2001-04-06,6894,6894,6492,6560,2509950,839141.0,122502345.0
2001-04-09,6463,6607,6339,6339,811920,810966.0,122502345.0
2001-04-10,6425,6454,6224,6244,847620,798715.0,122502345.0
2001-04-11,6416,6626,6387,6521,1733030,834241.0,122502345.0
2001-04-12,6617,6818,6559,6703,2487620,857516.0,122502345.0
2001-04-13,6827,6827,6578,6684,989040,855066.0,122502345.0
2001-04-16,6684,6789,6531,6531,776650,835466.0,122502345.0
2001-04-17,6492,6674,6463,6521,1581850,834241.0,122502345.0
2001-04-18,6665,7277,6626,7259,4938520,928568.0,122502345.0
2001-04-19,7661,8120,7469,7517,6315000,961643.0,122502345.0
2001-04-20,7670,7708,7373,7431,2606770,950618.0,122502345.0
2001-04-23,7421,7718,7373,7565,2886020,967769.0,122502345.0
2001-04-24,7287,7402,7287,7374,1282880,943268.0,122502345.0
2001-04-25,7373,7708,7325,7546,2221990,965318.0,122502345.0
2001-04-26,7661,7708,7373,7374,1516180,943268.0,122502345.0
2001-04-27,7373,7459,7134,7230,1035920,924893.0,122502345.0
2001-04-30,7450,7565,7373,7565,1630140,967769.0,122502345.0
2001-05-02,7804,7842,7680,7690,2456000,983694.0,122502345.0
2001-05-03,7613,7795,7507,7709,2477470,986144.0,122502345.0
2001-05-04,7593,7852,7546,7853,1597240,1004519.0,122502345.0
2001-05-07,8091,8905,8063,8906,7804970,1139272.0,122502345.0
2001-05-08,8637,8886,8503,8523,3877510,1090271.0,122502345.0
2001-05-09,8427,8465,8101,8140,2224600,1041270.0,122502345.0
2001-05-10,8053,8379,7986,8370,2037610,1070670.0,122502345.0
2001-05-11,8197,8647,8197,8599,1794460,1100071.0,122502345.0
2001-05-14,8599,8733,8436,8695,1649690,1112321.0,122502345.0
2001-05-15,8666,8800,8580,8590,1482710,1098846.0,122502345.0
2001-05-16,8522,8723,8187,8188,1665480,1047395.0,122502345.0
2001-05-17,8676,8733,8522,8647,2497690,1106196.0,122502345.0
2001-05-18,8733,9097,8618,8810,3755010,1127022.0,122502345.0
2001-05-21,9049,9672,9049,9385,5287520,1200523.0,122502345.0
2001-05-22,9576,10007,9384,9404,6511110,1202973.0,122502345.0
2001-05-23,9423,9624,9336,9442,2276130,1207873.0,122502345.0
2001-05-24,9250,9518,9193,9519,2594970,1217673.0,122502345.0
2001-05-25,9624,9959,9547,9576,3056690,1225023.0,122502345.0
2001-05-28,9394,9518,9107,9107,1528440,1164997.0,122502345.0
2001-05-29,9154,9528,9126,9528,1894070,1218898.0,122502345.0
2001-05-30,9384,9815,9202,9768,1675260,1249524.0,122502345.0
2001-05-31,9384,9518,9288,9385,2035740,1200523.0,122502345.0
2001-06-01,9480,9518,9107,9193,1685390,1176023.0,122502345.0
2001-06-04,9193,9317,9135,9174,965730,1173572.0,122502345.0
2001-06-05,9193,9279,8800,8801,1138050,1125797.0,122502345.0
2001-06-07,8685,8886,8570,8820,1446790,1128247.0,122502345.0
2001-06-08,8953,9241,8877,9222,1439510,1179698.0,122502345.0
2001-06-11,9087,9164,8905,8925,754780,1141722.0,122502345.0
2001-06-12,8819,9087,8819,8983,653630,1149072.0,122502345.0
2001-06-13,9049,9097,8982,9097,534290,1163772.0,122502345.0
2001-06-14,9078,9327,8972,9145,1149770,1169897.0,122502345.0
2001-06-15,9011,9384,8972,9385,1021740,1200523.0,122502345.0
2001-06-18,9384,9432,9126,9136,877020,1168672.0,122502345.0
2001-06-19,9001,9308,8905,8944,856660,1144172.0,122502345.0
2001-06-20,8944,8982,8628,8714,785860,1114771.0,122502345.0
2001-06-21,8810,8867,8628,8781,608170,1123347.0,122502345.0
2001-06-22,8762,8934,8714,8724,819500,1115996.0,122502345.0
2001-06-25,8676,8838,8656,8705,745130,1113546.0,122502345.0
2001-06-26,8819,8838,8551,8552,868150,1093946.0,122502345.0
2001-06-27,8475,8609,8379,8609,955960,1101296.0,122502345.0
2001-06-28,8618,8819,8513,8619,723290,1102521.0,122502345.0
2001-06-29,8810,8867,8685,8820,756540,1128247.0,122502345.0
2001-07-02,8810,8896,8723,8820,507610,1128247.0,122502345.0
2001-07-03,8771,8886,8771,8791,543520,1124572.0,122502345.0
2001-07-04,8791,8934,8685,8935,831500,1142947.0,122502345.0
2001-07-05,8905,9059,8848,8935,932560,1142947.0,122502345.0
2001-07-06,8810,8810,8589,8714,976190,1114771.0,122502345.0
2001-07-09,8503,8589,8206,8331,1076780,1065770.0,122502345.0
2001-07-10,8427,8475,8245,8379,441570,1071896.0,122502345.0
2001-07-11,7996,8321,7996,8044,611630,1029020.0,122502345.0
2001-07-12,8139,8474,8139,8427,771910,1078021.0,122502345.0
2001-07-13,8618,8647,8139,8169,955810,1044945.0,122502345.0
2001-07-16,8139,8264,7957,7977,362930,1020445.0,122502345.0
2001-07-18,8034,8139,7670,7690,463560,983694.0,122502345.0
2001-07-19,7526,7613,7431,7565,635610,967769.0,122502345.0
2001-07-20,7469,7517,7297,7412,492190,948168.0,122502345.0
2001-07-23,7325,7469,7230,7230,456110,924893.0,122502345.0
2001-07-24,7086,7421,6866,7374,1181890,943268.0,122502345.0
2001-07-25,7134,7469,7067,7230,616830,924893.0,122502345.0
2001-07-26,7325,7584,7306,7355,653950,940818.0,122502345.0
2001-07-27,7574,7622,7479,7546,560590,965318.0,122502345.0
2001-07-30,7574,7632,7287,7345,719860,939593.0,122502345.0
2001-07-31,7344,7440,7306,7441,423960,951843.0,122502345.0
2001-08-01,7565,8427,7498,8255,2008930,1055970.0,122502345.0
2001-08-02,8254,8666,8072,8379,2175460,1071896.0,122502345.0
2001-08-03,8427,8484,8235,8379,647400,1071896.0,122502345.0
2001-08-06,8331,8570,8245,8475,747450,1084146.0,122502345.0
2001-08-07,8293,8685,8293,8686,854180,1111096.0,122502345.0
2001-08-08,8704,8771,8503,8638,587890,1104971.0,122502345.0
2001-08-09,8369,8513,8091,8092,848010,1035145.0,122502345.0
2001-08-10,8283,8331,8130,8322,428480,1064545.0,122502345.0
2001-08-13,8427,8455,8235,8427,535510,1078021.0,122502345.0
2001-08-14,8522,9193,8484,9126,2696260,1167447.0,122502345.0
2001-08-16,9126,9442,8982,9289,2531320,1188273.0,122502345.0
2001-08-17,9336,9432,9126,9232,1827800,1180923.0,122502345.0
2001-08-20,9040,9116,8819,8839,1376480,1130697.0,122502345.0
2001-08-21,8925,9020,8542,8753,1623650,1119671.0,122502345.0
2001-08-22,8628,9260,8628,9203,2269750,1177248.0,122502345.0
2001-08-23,9336,9375,8915,8954,1545150,1145397.0,122502345.0
2001-08-24,8953,9202,8915,9174,2022020,1173572.0,122502345.0
2001-08-27,9384,9547,9250,9279,2517390,1187048.0,122502345.0
2001-08-28,9202,9470,9202,9308,2222350,1190723.0,122502345.0
2001-08-29,9241,9288,8858,8973,1682840,1147847.0,122502345.0
2001-08-30,8714,8886,8522,8810,1002260,1127022.0,122502345.0
2001-08-31,8522,8618,7804,7900,2244110,1010644.0,122502345.0
2001-09-03,7938,7996,7536,7747,1404200,991044.0,122502345.0
2001-09-04,7766,8120,7689,8082,2063580,1033920.0,122502345.0
2001-09-05,7871,8044,7766,7948,1089620,1016769.0,122502345.0
2001-09-06,7967,8111,7862,7987,1164740,1021670.0,122502345.0
2001-09-07,7814,8168,7775,8140,1138270,1041270.0,122502345.0
2001-09-10,8111,8111,7862,7987,708500,1021670.0,122502345.0
2001-09-11,8053,8149,7957,8044,792610,1029020.0,122502345.0
2001-09-12,6837,6990,6837,6837,2321690,874667.0,122502345.0
2001-09-13,6847,7230,6837,7182,2441530,918768.0,122502345.0
2001-09-14,6990,7115,6463,6799,1539500,869767.0,122502345.0
2001-09-17,6703,6703,6224,6311,1371290,807290.0,122502345.0
2001-09-18,6655,6971,6626,6895,2721170,882017.0,122502345.0
2001-09-19,6818,7115,6751,6818,1778000,872217.0,122502345.0
2001-09-20,6751,6837,6645,6818,1106230,872217.0,122502345.0
2001-09-21,6531,7038,6531,6991,1043790,894267.0,122502345.0
2001-09-24,7038,7249,6933,7230,1139560,924893.0,122502345.0
2001-09-25,7613,7613,6847,6943,1561720,888142.0,122502345.0
2001-09-26,7086,7134,6904,6981,558760,893042.0,122502345.0
2001-09-27,6914,7134,6894,7134,558330,912642.0,122502345.0
2001-09-28,7277,7431,7105,7364,1207660,942043.0,122502345.0
2001-10-04,7708,7785,7574,7757,1452820,992269.0,122502345.0
2001-10-05,7670,7795,7603,7776,875830,994719.0,122502345.0
2001-10-08,7708,7967,7622,7843,1564750,1003294.0,122502345.0
2001-10-09,7929,8082,7910,8025,1238060,1026570.0,122502345.0
2001-10-10,7929,8091,7804,7939,815740,1015544.0,122502345.0
2001-10-11,8130,8168,7708,7853,3931050,1004519.0,122502345.0
2001-10-12,7948,8005,7708,7833,1468950,1002069.0,122502345.0
2001-10-15,7680,7871,7680,7757,632400,992269.0,122502345.0
2001-10-16,7661,8063,7661,8034,1414410,1027795.0,122502345.0
2001-10-17,8091,8120,7881,7996,1064230,1022895.0,122502345.0
2001-10-18,7852,7910,7747,7786,637960,995944.0,122502345.0
2001-10-19,7756,7842,7718,7843,607180,1003294.0,122502345.0
2001-10-22,7852,7938,7795,7910,514400,1011869.0,122502345.0
2001-10-23,7996,8130,7910,7910,1043020,1011869.0,122502345.0
2001-10-24,7804,8350,7804,8331,1842060,1065770.0,122502345.0
2001-10-25,8522,8800,8369,8379,1913690,1071896.0,122502345.0
2001-10-26,8475,8589,8321,8408,955790,1075571.0,122502345.0
2001-10-29,8417,8513,8226,8312,631640,1063320.0,122502345.0
2001-10-30,7996,8158,7948,7948,559990,1016769.0,122502345.0
2001-10-31,7948,8063,7871,7948,538980,1016769.0,122502345.0
2001-11-01,7967,8398,7881,8331,874710,1065770.0,122502345.0
2001-11-02,8417,8771,8379,8619,2283240,1102521.0,122502345.0
2001-11-05,8905,8944,8743,8810,1086290,1127022.0,122502345.0
2001-11-06,9001,9059,8829,8906,1695230,1139272.0,122502345.0
2001-11-07,8905,8905,8666,8667,765290,1108646.0,122502345.0
2001-11-08,8618,9126,8618,9126,2104650,1167447.0,122502345.0
2001-11-09,9126,9241,8886,9088,2336400,1162547.0,122502345.0
2001-11-12,9212,9231,9001,9232,1580730,1180923.0,122502345.0
2001-11-13,9097,9183,8905,9078,1563820,1161322.0,122502345.0
2001-11-14,9145,9432,9068,9366,2728440,1198073.0,122502345.0
2001-11-15,9126,9624,9126,9366,2521600,1198073.0,122502345.0
2001-11-16,9480,9547,9336,9471,1697680,1211548.0,122502345.0
2001-11-19,9537,9815,9537,9576,1895540,1225023.0,122502345.0
2001-11-20,9672,10055,9356,9481,3286890,1212773.0,122502345.0
2001-11-21,9298,9576,9298,9576,1500850,1225023.0,122502345.0
2001-11-22,9767,10150,9672,10055,4686270,1286275.0,122502345.0
2001-11-23,10198,11539,10102,11539,9622840,1476153.0,122502345.0
2001-11-26,11970,13263,11874,13263,11398290,1696657.0,122502345.0
2001-11-27,13358,13694,12592,12880,8995090,1647657.0,122502345.0
2001-11-28,12688,12880,11300,11683,6644140,1494529.0,122502345.0
2001-11-29,11683,12736,11347,12545,10380770,1624431.0,124002345.0
2001-11-30,12640,13023,12161,12401,7657620,1605830.0,124002345.0
2001-12-03,12257,13071,12066,12880,4783320,1672629.0,124359065.0
2001-12-04,12736,13071,12449,12497,4130540,1622886.0,124359065.0
2001-12-05,12880,13789,12784,13407,9695210,1741027.0,124359065.0
2001-12-06,14651,15130,13502,13981,13030670,1825211.0,125014481.0
2001-12-07,13981,14508,13741,14364,3875850,1875217.0,125014481.0
2001-12-10,14172,14268,13023,13263,4473800,1731451.0,125014481.0
2001-12-11,12832,13837,12736,13742,4810320,1793958.0,125014481.0
2001-12-12,13406,13981,13358,13694,3639270,1787707.0,125014481.0
2001-12-13,13598,14364,13406,14317,5109550,1870118.0,125091520.0
2001-12-14,13885,14555,13694,13694,3924350,1788809.0,125091520.0
2001-12-17,13454,13550,12449,12449,3027390,1626190.0,125091520.0
2001-12-18,12880,13215,12257,12258,3879390,1601171.0,125091520.0
2001-12-19,12736,12832,12066,12353,2425470,1613681.0,125091520.0
2001-12-20,12449,13215,12257,13215,2988400,1726263.0,125091520.0
2001-12-21,12736,13167,12544,12545,2535030,1638699.0,125091520.0
2001-12-24,12688,12832,12353,12449,1423770,1626190.0,125091520.0
2001-12-26,12449,12784,12257,12545,1317260,1638699.0,125091520.0
2001-12-27,12736,13933,12736,13886,4299750,1813827.0,125091520.0
2001-12-28,14268,14460,13981,14269,3336930,1863864.0,125091520.0
2002-01-02,14316,15130,14125,15035,3664490,1963937.0,125091520.0
2002-01-03,15226,15800,14986,15035,5143262,1963937.0,125091520.0
2002-01-04,15800,15800,15034,15322,4241532,2001464.0,125091520.0
2002-01-07,15800,16566,15705,16375,6475488,2139065.0,125091520.0
2002-01-08,15992,16231,15561,15657,3442512,2045246.0,125091520.0
2002-01-09,15752,17141,15417,17046,4397089,2226629.0,125091520.0
2002-01-10,16566,17333,16423,16519,4116715,2157829.0,125091520.0
2002-01-11,16758,16758,15609,15944,3063189,2082774.0,125091520.0
2002-01-14,15657,16279,15322,16184,2885022,2114047.0,125091520.0
2002-01-15,15705,16423,15609,15849,2487620,2070265.0,125091520.0
2002-01-16,15705,15992,15178,15178,2028479,1982701.0,125091520.0
2002-01-17,14843,15513,14699,15418,2491988,2013973.0,125091520.0
2002-01-18,14938,15369,14843,14939,2134970,1951428.0,125091520.0
2002-01-21,14938,15657,14651,15657,1731070,2045246.0,125091520.0
2002-01-22,15705,16040,15417,15705,2300183,2051501.0,125091520.0
2002-01-23,15513,16471,15465,16471,3011873,2151574.0,125091520.0
2002-01-24,16662,17955,16566,17237,7690774,2251647.0,125091520.0
2002-01-25,17620,17859,17045,17142,4164776,2239138.0,125091520.0
2002-01-28,17907,18721,17716,18434,6112328,2408012.0,125091520.0
2002-01-29,18003,18290,17524,17716,2932843,2314193.0,125091520.0
2002-01-30,17045,17285,16519,16758,2567408,2189102.0,125091520.0
2002-01-31,17237,17333,16566,16950,2535215,2214120.0,125091520.0
2002-02-01,17141,17141,15992,16040,2042752,2095283.0,125091520.0
2002-02-04,15657,16136,15178,15322,1710490,2001464.0,125091520.0
2002-02-05,15226,16088,14986,16088,2626825,2101538.0,125091520.0
2002-02-06,15800,16471,15752,15992,1486769,2089028.0,125091520.0
2002-02-07,15896,16614,15705,15897,1475743,2076519.0,125091520.0
2002-02-08,16231,16758,15992,16758,2104920,2189102.0,125091520.0
2002-02-14,17716,17811,17333,17812,2408140,2326702.0,125091520.0
2002-02-15,17380,18625,17380,18339,3681129,2395503.0,125091520.0
2002-02-18,18338,18721,18099,18482,2402075,2414266.0,125091520.0
2002-02-19,18769,18769,18099,18291,2239261,2389248.0,125091520.0
2002-02-20,18003,18099,17620,17860,1603880,2332957.0,125091520.0
2002-02-21,18290,18338,17716,17908,1592067,2339211.0,125091520.0
2002-02-22,17380,18721,17380,18674,1933782,2439285.0,125091520.0
2002-02-25,18769,18961,18242,18291,1444800,2389248.0,125091520.0
2002-02-26,18673,19296,18577,18913,3252460,2470558.0,125091520.0
2002-02-27,18913,19966,18913,19631,3409731,2564376.0,125091520.0
2002-02-28,19870,20541,19727,19775,3823182,2583140.0,125091520.0
2002-03-04,20493,20588,19679,19679,2516048,2570631.0,125091520.0
2002-03-05,20158,20493,19631,19823,2354522,2589394.0,125091520.0
2002-03-06,19918,20684,19870,20350,2716160,2658195.0,125091520.0
2002-03-07,20684,21067,20158,20254,2612629,2645686.0,125091520.0
2002-03-08,20397,20541,19727,20062,2068368,2620667.0,125091520.0
2002-03-11,20110,20445,19822,20110,1203887,2626922.0,125091520.0
2002-03-12,20110,21259,20110,21259,2402481,2777032.0,125091520.0
2002-03-13,21355,21833,20876,21834,1904151,2852087.0,125091520.0
2002-03-14,21833,22408,21307,22408,2052423,2927142.0,125091520.0
2002-03-15,22216,23174,22121,22552,2352594,2945905.0,125091520.0
2002-03-18,22983,23126,22073,22648,2208937,2958414.0,125091520.0
2002-03-19,22360,23126,22264,22696,6499852,2964669.0,125091520.0
2002-03-20,22983,23940,22695,23127,2877540,3020960.0,125091520.0
2002-03-21,22695,23509,22600,22792,1721817,2977178.0,125091520.0
2002-03-22,22600,23078,22169,22792,2151189,2977178.0,125091520.0
2002-03-25,22983,23174,22264,22265,1484251,2908378.0,125091520.0
2002-03-26,21929,22025,20349,20781,3409005,2714486.0,125091520.0
2002-03-27,21067,21259,19870,21068,3644489,2752013.0,125091520.0
2002-03-28,21355,21450,20493,20493,1778971,2676959.0,125091520.0
2002-03-29,20110,20876,20062,20589,1440245,2689468.0,125091520.0
2002-04-01,20588,21067,19439,19583,1626430,2558122.0,125091520.0
2002-04-02,19631,19870,19200,19871,1746189,2595649.0,125091520.0
2002-04-03,19631,20014,19487,19919,3056392,2601904.0,125091520.0
2002-04-04,20205,21355,20062,21355,3549399,2789541.0,125091520.0
2002-04-08,21546,22121,20636,20781,2666276,2714486.0,125091520.0
2002-04-09,20636,20876,19727,19823,1420548,2589394.0,125091520.0
2002-04-10,19631,19631,18769,18913,1614828,2470558.0,125091520.0
2002-04-11,18961,19775,18769,19631,1669408,2564376.0,125091520.0
2002-04-12,19056,19727,19008,19631,1397219,2564376.0,125091520.0
2002-04-15,19439,19966,19439,19823,1082464,2589394.0,125091520.0
2002-04-16,19535,20684,19535,20589,1882357,2689468.0,125091520.0
2002-04-17,20972,21642,20876,21642,3010989,2827068.0,125091520.0
2002-04-18,21546,21977,21259,21642,2198366,2827068.0,125091520.0
2002-04-19,21977,22360,21642,22169,3489023,2895869.0,125091520.0
2002-04-22,22169,22408,20349,20781,3366827,2714486.0,125091520.0
2002-04-23,20301,20541,19631,19967,2555198,2608158.0,125091520.0
2002-04-24,19727,20158,18865,18865,2581250,2464303.0,125091520.0
2002-04-25,18242,18482,16758,17142,8658109,2239138.0,125091520.0
2002-04-26,17237,17572,16710,17333,1981217,2264157.0,125091520.0
2002-04-29,16279,16854,15800,15801,2712740,2064010.0,125091520.0
2002-04-30,15800,16136,15465,16088,3412691,2101538.0,125091520.0
2002-05-02,16327,16902,16088,16854,2238810,2201611.0,125091520.0
2002-05-03,16566,16806,15992,16471,1840430,2151574.0,125091520.0
2002-05-06,15992,16854,15848,16232,2247940,2120301.0,125091520.0
2002-05-07,16040,16471,15705,15992,1826040,2089028.0,125091520.0
2002-05-08,16279,17333,16279,16663,3858722,2176592.0,125091520.0
2002-05-09,17237,17380,16806,17094,3279917,2232884.0,125091520.0
2002-05-10,17189,17189,16183,16280,1670150,2126556.0,125091520.0
2002-05-13,15896,16279,15752,15897,1353020,2076519.0,125091520.0
2002-05-14,16183,16423,15657,15849,1538364,2070265.0,125091520.0
2002-05-15,16279,16902,16183,16854,1905608,2201611.0,125091520.0
2002-05-16,16902,17237,16662,16758,1223717,2189102.0,125091520.0
2002-05-17,16950,17572,16950,17525,1842859,2289175.0,125091520.0
2002-05-20,17524,17811,17285,17429,1716964,2276666.0,125091520.0
2002-05-21,17045,17237,16471,16471,1262037,2151574.0,125091520.0
2002-05-22,16327,16949,16183,16854,1139374,2201611.0,125091520.0
2002-05-23,16950,17141,16471,16471,1228070,2151574.0,125091520.0
2002-05-24,16662,16950,16471,16711,628273,2182847.0,125091520.0
2002-05-27,16375,16854,16183,16375,895624,2139065.0,125091520.0
2002-05-28,16327,16614,16279,16615,923297,2170338.0,125091520.0
2002-05-29,16327,16375,15896,16280,813405,2126556.0,125091520.0
2002-05-30,15992,16231,15274,15418,1086995,2013973.0,125091520.0
2002-05-31,15322,15609,14699,14700,1098067,1920155.0,125091520.0
2002-06-03,14555,14891,14220,14700,1088150,1920155.0,125091520.0
2002-06-04,14268,14891,14029,14747,1041474,1926409.0,125091520.0
2002-06-05,14747,15417,14747,15035,1228960,1963937.0,125091520.0
2002-06-07,14747,15130,14603,14843,937469,1938919.0,125091520.0
2002-06-10,15226,15465,15082,15274,771420,1995210.0,125091520.0
2002-06-11,15274,15896,15130,15801,955655,2064010.0,125091520.0
2002-06-12,15705,16375,15609,16375,1352265,2139065.0,125091520.0
2002-06-14,16279,16758,15992,16040,895050,2095283.0,125091520.0
2002-06-17,16136,16279,15561,15609,754297,2038992.0,125091520.0
2002-06-18,16088,16183,15561,15561,743004,2032737.0,125091520.0
2002-06-19,15465,15657,14316,14508,1022598,1895137.0,125091520.0
2002-06-20,14364,14843,14316,14652,1013404,1913900.0,125091520.0
2002-06-21,14460,14747,14220,14652,829044,1913900.0,125091520.0
2002-06-24,14172,14460,14125,14269,661720,1863864.0,125091520.0
2002-06-25,14364,14508,13263,13263,1021806,1732518.0,125091520.0
2002-06-26,12832,12927,11300,11396,2690455,1488589.0,125091520.0
2002-06-27,12066,12161,11300,11300,2326636,1476080.0,125091520.0
2002-06-28,11826,12832,11778,12449,3527207,1626190.0,125091520.0
2002-07-02,11874,12927,11778,12736,1543735,1663717.0,125091520.0
2002-07-03,12544,13071,12305,13024,1661784,1701245.0,125091520.0
2002-07-04,13311,13502,12832,13024,1944564,1701245.0,125091520.0
2002-07-05,13071,14843,13071,14269,3986589,1863864.0,125091520.0
2002-07-08,15130,15417,14220,14700,3274358,1920155.0,125091520.0
2002-07-09,14843,15752,14603,15753,2844074,2057756.0,125091520.0
2002-07-10,15417,16088,15274,16088,3157447,2101538.0,125091520.0
2002-07-11,15657,15705,14843,15178,2223398,1982701.0,125091520.0
2002-07-12,15417,15944,15322,15849,2326310,2070265.0,125091520.0
2002-07-15,15465,16136,15274,15657,1756733,2045246.0,125091520.0
2002-07-16,15657,16040,15178,15178,1695830,1982701.0,125091520.0
2002-07-18,15274,15465,15034,15035,844911,1963937.0,125091520.0
2002-07-19,14460,14651,14125,14460,1476806,1888882.0,125091520.0
2002-07-22,13215,13789,12927,13167,1327039,1720008.0,125091520.0
2002-07-23,13167,13981,12975,13981,1677670,1826336.0,125091520.0
2002-07-24,13406,13694,13215,13598,1269154,1776300.0,125091520.0
2002-07-25,14651,14747,13837,13886,1874570,1813827.0,125091520.0
2002-07-26,13694,14172,13263,13407,1555880,1751281.0,125091520.0
2002-07-29,13502,13789,12975,13119,1547334,1713754.0,125091520.0
2002-07-30,13694,14220,13694,14029,1580932,1832591.0,125091520.0
2002-07-31,14029,14364,13885,13886,1062600,1813827.0,125091520.0
2002-08-01,14077,14125,13406,13550,1021980,1770045.0,125091520.0
2002-08-02,13215,13646,13119,13550,796061,1770045.0,125091520.0
2002-08-05,13311,13358,12736,12928,874243,1688736.0,125091520.0
2002-08-06,12497,13071,12497,12976,861260,1694990.0,125091520.0
2002-08-07,13358,13598,13215,13598,1072234,1776300.0,125091520.0
2002-08-08,13598,13741,13406,13598,741885,1776300.0,125091520.0
2002-08-09,14077,14316,13789,13886,1419259,1813827.0,125091520.0
2002-08-12,13981,14172,13741,13838,572878,1807572.0,125091520.0
2002-08-13,13837,14172,13741,14173,926952,1851354.0,125091520.0
2002-08-14,13837,14268,13789,14221,761780,1857609.0,125091520.0
2002-08-16,14555,14747,14268,14269,1039319,1863864.0,125091520.0
2002-08-19,14268,15034,14268,14556,1605387,1901391.0,125091520.0
2002-08-20,15226,15369,14986,15083,2367796,1970191.0,125091520.0
2002-08-21,15082,16231,14938,15992,2439899,2089028.0,125091520.0
2002-08-22,15992,16279,15657,15705,2348066,2051501.0,125091520.0
2002-08-23,15800,15992,15369,15514,1168882,2026483.0,125091520.0
2002-08-26,15226,15800,15130,15705,1054188,2051501.0,125091520.0
2002-08-27,15800,15896,15465,15609,1171900,2038992.0,125091520.0
2002-08-28,15513,16183,15513,15897,1560339,2076519.0,125091520.0
2002-08-29,15848,16279,15705,16280,1315225,2126556.0,125091520.0
2002-08-30,16471,16471,16136,16471,1386745,2151574.0,125091520.0
2002-09-02,16566,17237,16519,17237,2364208,2251647.0,125091520.0
2002-09-03,17237,17380,16566,16567,1766585,2164083.0,125091520.0
2002-09-04,16088,16279,15800,16040,1610478,2095283.0,125091520.0
2002-09-05,16231,16279,15896,15897,1138710,2076519.0,125091520.0
2002-09-06,15705,15752,15178,15322,1275435,2001464.0,125091520.0
2002-09-09,15369,15705,14938,15035,1573875,1963937.0,125091520.0
2002-09-10,15226,15561,15226,15561,1103332,2032737.0,125091520.0
2002-09-11,15705,16040,15609,15753,1039860,2057756.0,125091520.0
2002-09-12,15752,16088,15705,16088,1128189,2101538.0,125091520.0
2002-09-13,15752,15800,15417,15514,897130,2026483.0,125091520.0
2002-09-16,15513,15657,14986,15131,938068,1976446.0,125091520.0
2002-09-17,15609,15752,15369,15753,1196826,2057756.0,125091520.0
2002-09-18,15130,15369,15034,15370,892910,2007719.0,125091520.0
2002-09-19,15417,15513,14938,14939,840259,1951428.0,125091520.0
2002-09-23,14651,14747,14029,14269,870151,1863864.0,125091520.0
2002-09-24,13981,14412,13981,14173,958940,1851354.0,125091520.0
2002-09-25,13981,14172,13311,13598,1517618,1776300.0,125091520.0
2002-09-26,13885,14077,13646,13646,1533173,1782554.0,125091520.0
2002-09-27,13837,14220,13789,13933,1268363,1820082.0,125091520.0
2002-09-30,13406,13646,13263,13646,702640,1782554.0,125091520.0
2002-10-01,13406,14268,13406,14269,1103383,1863864.0,125091520.0
2002-10-02,14699,14747,13646,13742,1190699,1795063.0,125091520.0
2002-10-04,13406,13933,13406,13838,692287,1807572.0,125091520.0
2002-10-07,13598,13598,13215,13215,620561,1726263.0,125091520.0
2002-10-08,13071,13454,12880,13455,905200,1757536.0,125091520.0
2002-10-09,13598,13598,12592,12641,1258162,1651208.0,125091520.0
2002-10-10,12257,12449,11443,11731,2039811,1532371.0,125091520.0
2002-10-11,12161,12544,11778,12066,1955162,1576153.0,125091520.0
2002-10-14,12640,13598,12640,13407,2728080,1751281.0,125091520.0
2002-10-15,13694,14125,13311,13790,2188740,1801318.0,125091520.0
2002-10-16,14268,14268,13646,13694,1640954,1788809.0,125091520.0
2002-10-17,13789,15609,13550,15418,4127400,2013973.0,125091520.0
2002-10-18,15848,15992,15226,15944,4379572,2082774.0,125091520.0
2002-10-21,15609,15944,15226,15226,1760963,1988955.0,125091520.0
2002-10-22,15848,15944,15082,15274,1979301,1995210.0,125091520.0
2002-10-23,15322,16375,15226,16375,2675950,2139065.0,125091520.0
2002-10-24,16566,16854,16040,16423,2736040,2145320.0,125091520.0
2002-10-25,15992,16279,15896,15944,1354139,2082774.0,125091520.0
2002-10-28,16423,16997,16327,16711,2310918,2182847.0,125091520.0
2002-10-29,16471,16902,16231,16375,1611181,2139065.0,125091520.0
2002-10-30,16566,16614,15369,15849,1873090,2070265.0,125091520.0
2002-10-31,16088,16327,15226,15322,1866490,2001464.0,125091520.0
2002-11-01,15322,15369,14843,15035,1733475,1963937.0,125091520.0
2002-11-04,15513,16183,15417,15944,2467241,2082774.0,125091520.0
2002-11-05,15752,15896,15322,15561,1657835,2032737.0,125091520.0
2002-11-06,15992,16088,15657,15897,1660127,2076519.0,125091520.0
2002-11-07,15657,16471,15609,15753,2480064,2057756.0,125091520.0
2002-11-08,15465,15752,15226,15753,1287433,2057756.0,125091520.0
2002-11-11,15561,15800,15322,15322,1222636,2001464.0,125091520.0
2002-11-12,14986,15369,14938,15322,1023066,2001464.0,125091520.0
2002-11-13,15322,15513,14938,14939,908720,1951428.0,125091520.0
2002-11-14,14938,15369,14938,15131,1039560,1976446.0,125091520.0
2002-11-15,15752,15848,15561,15753,1445570,2057756.0,125091520.0
2002-11-18,15752,15896,15513,15609,766020,2038992.0,125091520.0
2002-11-19,15369,15705,15369,15657,934895,2045246.0,125091520.0
2002-11-20,15561,16231,15513,16088,1889930,2101538.0,125091520.0
2002-11-21,16519,16566,16088,16088,2300997,2101538.0,125091520.0
2002-11-22,16566,16758,16279,16471,2935273,2151574.0,125091520.0
2002-11-25,16519,16854,16327,16806,1691188,2195356.0,125091520.0
2002-11-26,16854,17045,16566,16758,1569925,2189102.0,125091520.0
2002-11-27,16519,17189,16519,17189,1947868,2245393.0,125091520.0
2002-11-28,17620,17620,16519,16615,2661289,2170338.0,125091520.0
2002-11-29,16758,16902,16471,16902,1414305,2207865.0,125091520.0
2002-12-02,16758,16997,16662,16806,1256316,2195356.0,125091520.0
2002-12-03,16662,16949,16662,16806,1268760,2195356.0,125091520.0
2002-12-04,16423,16471,15848,15849,1240051,2070265.0,125091520.0
2002-12-05,15800,16136,15657,16040,1364079,2095283.0,125091520.0
2002-12-06,15705,16040,15705,15944,1064338,2082774.0,125091520.0
2002-12-09,15800,16040,15513,15514,877678,2026483.0,125091520.0
2002-12-10,15130,15561,15082,15514,1230456,2026483.0,125091520.0
2002-12-11,15609,15657,15274,15322,1135249,2001464.0,125091520.0
2002-12-12,15417,15944,15369,15897,1826630,2076519.0,125091520.0
2002-12-13,15705,15848,15274,15514,2067112,2026483.0,125091520.0
2002-12-16,15322,15417,15130,15178,1081025,1982701.0,125091520.0
2002-12-17,15513,15609,15322,15370,6783879,2007719.0,125091520.0
2002-12-18,14412,14843,14268,14747,6621548,1926409.0,125091520.0
2002-12-20,14508,14747,13981,14173,2751063,1851354.0,125091520.0
2002-12-23,14268,14316,13263,13407,2884490,1751281.0,125091520.0
2002-12-24,13167,13550,13071,13215,1937649,1726263.0,125091520.0
2002-12-26,13071,13263,12832,12832,1578008,1676226.0,125091520.0
2002-12-27,12688,13406,12688,12832,1620977,1676226.0,125091520.0
2002-12-30,12736,12880,12161,12736,1746757,1663717.0,125091520.0
2003-01-02,12927,13502,12832,13503,1680474,1721841.0,122116369.0
2003-01-03,13837,14125,13694,13933,2997147,1776793.0,122116369.0
2003-01-06,13933,14029,13598,13886,1299094,1770687.0,122116369.0
2003-01-07,14220,14220,13023,13024,2278611,1660783.0,122116369.0
2003-01-08,13119,13406,12975,12976,1158223,1654677.0,122116369.0
2003-01-09,12832,12927,12640,12689,1419150,1618042.0,122116369.0
2003-01-10,12927,13023,12161,12641,1870340,1611936.0,122116369.0
2003-01-13,12640,13167,12449,13119,1214564,1672994.0,122116369.0
2003-01-14,12975,13071,12736,12880,1211849,1642465.0,122116369.0
2003-01-15,13071,13167,12688,12784,1722786,1630254.0,122116369.0
2003-01-16,12497,12688,12401,12593,925087,1605830.0,122116369.0
2003-01-17,12449,12640,12257,12258,1051419,1563090.0,122116369.0
2003-01-20,11970,12305,11970,12114,898496,1544772.0,122116369.0
2003-01-21,12113,12257,11922,12258,877267,1563090.0,122116369.0
2003-01-22,12066,12161,11730,11779,990850,1502031.0,122116369.0
2003-01-23,11970,12257,11683,12258,1586942,1563090.0,122116369.0
2003-01-24,12209,12257,11491,11779,1789857,1502031.0,122116369.0
2003-01-27,11443,11587,11300,11539,889698,1471502.0,122116369.0
2003-01-28,11539,11730,11491,11635,779812,1483714.0,122116369.0
2003-01-29,11730,11778,10964,11204,1450542,1428762.0,122116369.0
2003-01-30,11300,11539,11300,11396,2324400,1453185.0,122116369.0
2003-02-03,11395,12018,11204,11875,1560681,1514243.0,122116369.0
2003-02-04,11922,12018,11683,11827,1183451,1508137.0,122116369.0
2003-02-05,11683,11970,11635,11827,845753,1508137.0,122116369.0
2003-02-06,11874,11874,11347,11587,968252,1477608.0,122116369.0
2003-02-07,11443,11587,11204,11396,1584529,1453185.0,122116369.0
2003-02-10,11300,11539,11252,11444,945300,1459291.0,122116369.0
2003-02-11,11635,11778,11108,11492,1175400,1465396.0,122116369.0
2003-02-12,11347,11874,11347,11875,884190,1514243.0,122116369.0
2003-02-13,11874,12353,11730,11875,2001961,1514243.0,122116369.0
2003-02-14,12018,12401,11874,12306,1438940,1569195.0,122116369.0
2003-02-17,12975,13502,12736,13503,3524694,1721841.0,122116369.0
2003-02-18,13502,13550,13071,13407,1881090,1709629.0,122116369.0
2003-02-19,13741,13837,12880,12880,2224071,1642465.0,122116369.0
2003-02-20,12832,13071,12688,13072,1239745,1666888.0,122116369.0
2003-02-21,13023,13215,12832,13167,855431,1679100.0,122116369.0
2003-02-24,13215,13454,13167,13311,1534738,1697418.0,122116369.0
2003-02-25,13023,13023,12449,12449,1324050,1587513.0,122116369.0
2003-02-26,12640,12688,12353,12353,1054590,1575301.0,122116369.0
2003-02-27,12066,12401,12018,12258,1016590,1563090.0,122116369.0
2003-02-28,12401,12497,11970,12066,763428,1538666.0,122116369.0
2003-03-03,12066,12544,12066,12497,881530,1593619.0,122116369.0
2003-03-04,12209,12257,11970,12066,891792,1538666.0,122116369.0
2003-03-05,11778,11922,11587,11779,1136452,1502031.0,122116369.0
2003-03-06,11922,11970,11395,11539,1130113,1471502.0,122116369.0
2003-03-07,11300,11826,11252,11444,1114249,1459291.0,122116369.0
2003-03-10,11587,11730,11395,11396,766311,1453185.0,122116369.0
2003-03-11,11108,11683,11108,11635,953227,1483714.0,122116369.0
2003-03-12,11539,12113,11395,11922,1109570,1520349.0,122116369.0
2003-03-13,11826,11874,10150,10247,5439144,1306645.0,122116369.0
2003-03-14,10821,10821,8953,9088,7020461,1158884.0,122116369.0
2003-03-17,9250,9375,7728,7757,9354850,989143.0,122116369.0
2003-03-18,8283,8915,8149,8916,7576595,1136903.0,122116369.0
2003-03-19,8905,9767,8905,9241,6291452,1178423.0,122116369.0
2003-03-20,9719,10581,9509,10582,7808331,1349386.0,122116369.0
2003-03-21,10725,10916,10438,10821,5604977,1379915.0,122116369.0
2003-03-24,11012,11156,10486,10534,4235490,1343280.0,122116369.0
2003-03-25,9863,10055,9528,9672,4132472,1233375.0,122116369.0
2003-03-26,10007,10342,9672,9911,4231967,1263904.0,122116369.0
2003-03-27,9672,10007,9624,9624,2672362,1227270.0,122116369.0
2003-03-28,9672,9863,9499,9864,1774831,1257799.0,122116369.0
2003-03-31,9451,9576,9078,9519,1993852,1213837.0,122116369.0
2003-04-01,9154,9576,9154,9576,1840776,1221164.0,122116369.0
2003-04-02,9672,9767,9490,9576,2190554,1221164.0,122116369.0
2003-04-03,10102,10150,9576,9624,3107990,1227270.0,122116369.0
2003-04-04,9528,10581,9509,10438,7919251,1331068.0,122116369.0
2003-04-07,10916,11922,10725,11875,6886747,1514243.0,122116369.0
2003-04-08,11395,11922,11060,11300,6789535,1440973.0,122116369.0
2003-04-09,11108,11156,10533,10582,4007793,1349386.0,122116369.0
2003-04-10,10533,11060,10438,10725,4294458,1367703.0,122116369.0
2003-04-11,10629,11587,10629,10821,8554535,1379915.0,122116369.0
2003-04-14,11204,11252,10725,10869,4325403,1386021.0,122116369.0
2003-04-15,11204,11204,10773,10869,3131581,1386021.0,122116369.0
2003-04-16,11204,12113,11108,11683,10584675,1489820.0,122116369.0
2003-04-17,11491,11970,11347,11779,4655278,1502031.0,122116369.0
2003-04-18,12257,12305,11778,11970,4366612,1526455.0,122116369.0
2003-04-21,11826,11970,11539,11779,2522831,1502031.0,122116369.0
2003-04-22,11491,11491,11108,11108,2922161,1416550.0,122116369.0
2003-04-23,11300,11395,10916,10917,2726605,1392127.0,122116369.0
2003-04-24,10821,11156,10629,10725,2635455,1367703.0,122116369.0
2003-04-25,10438,10486,9815,10151,3030532,1294434.0,122116369.0
2003-04-28,9911,10342,9911,10247,1586887,1306645.0,122116369.0
2003-04-29,10581,11204,10581,11156,3441800,1422656.0,122116369.0
2003-04-30,11108,11252,10821,10917,1781913,1392127.0,122116369.0
2003-05-02,11108,11156,10677,11108,2264621,1416550.0,122116369.0
2003-05-06,11252,11491,11060,11156,2291993,1422656.0,122116369.0
2003-05-07,11300,11539,11204,11492,2916250,1465396.0,122116369.0
2003-05-09,11300,11778,11204,11779,2963792,1502031.0,122116369.0
2003-05-12,12209,12257,11874,11875,4385746,1514243.0,122116369.0
2003-05-13,11970,11970,11204,11204,3570598,1428762.0,122116369.0
2003-05-14,11204,11539,11060,11204,2070831,1428762.0,122116369.0
2003-05-15,11347,11539,11156,11396,2229930,1453185.0,122116369.0
2003-05-16,11299,11491,11012,11061,2145249,1410444.0,122116369.0
2003-05-19,10821,10869,10533,10582,1537364,1349386.0,122116369.0
2003-05-20,10342,10725,10294,10678,1704563,1361598.0,122116369.0
2003-05-21,10533,10677,10486,10534,4032126,1343280.0,122116369.0
2003-05-22,10438,10677,10246,10247,1967373,1306645.0,122116369.0
2003-05-23,10438,10725,10390,10630,2326425,1355492.0,122116369.0
2003-05-26,10581,10964,10438,10821,2346318,1379915.0,122116369.0
2003-05-27,10964,11156,10629,10821,2067710,1379915.0,122116369.0
2003-05-28,11300,11730,11060,11683,6616529,1489820.0,122116369.0
2003-05-29,11539,11635,11156,11300,3852419,1440973.0,122116369.0
2003-05-30,11443,11730,11300,11444,2697937,1459291.0,122116369.0
2003-06-02,11874,12688,11778,12306,10891771,1569195.0,122116369.0
2003-06-03,12113,12832,11970,12641,6382750,1611936.0,122116369.0
2003-06-04,13023,13167,12401,12736,4593672,1624148.0,122116369.0
2003-06-05,13071,13119,12401,12449,4605712,1587513.0,122116369.0
2003-06-09,12401,12640,12209,12593,2058441,1605830.0,122116369.0
2003-06-10,12401,13167,12353,12928,3814042,1648571.0,122116369.0
2003-06-11,13071,13454,12880,12976,4236267,1654677.0,122116369.0
2003-06-12,13311,13406,13023,13311,4605184,1697418.0,122116369.0
2003-06-13,13502,13550,12784,13359,5048219,1703523.0,122116369.0
2003-06-16,13119,13550,13023,13119,3755779,1672994.0,122116369.0
2003-06-17,13646,14412,13454,14221,9800293,1813428.0,122116369.0
2003-06-18,14172,14412,13933,14125,3481041,1801216.0,122116369.0
2003-06-19,14125,14555,13933,14556,3631827,1856169.0,122116369.0
2003-06-20,14172,14364,13789,13886,3605932,1770687.0,122116369.0
2003-06-23,13789,13981,13215,13215,2642357,1685206.0,122116369.0
2003-06-24,12832,12927,12592,12928,3160832,1648571.0,122116369.0
2003-06-25,12927,13263,12880,13215,2078503,1685206.0,122116369.0
2003-06-26,12832,13071,12784,12880,4738142,1642465.0,122116369.0
2003-06-27,13119,13502,12880,13119,2355679,1672994.0,122116369.0
2003-06-30,12927,12975,12592,12832,1674400,1636359.0,122116369.0
2003-07-01,12640,12975,12592,12928,1323120,1648571.0,122116369.0
2003-07-02,13167,13550,13167,13503,2920831,1721841.0,122116369.0
2003-07-03,13885,13933,13119,13167,3086716,1679100.0,122116369.0
2003-07-04,13263,13502,13023,13503,1503118,1721841.0,122116369.0
2003-07-07,13741,14220,13550,14221,3559687,1813428.0,122116369.0
2003-07-08,14651,14651,13933,14029,3440733,1789005.0,122116369.0
2003-07-09,14220,14220,13885,14029,1737118,1789005.0,122116369.0
2003-07-10,13789,14220,13694,13790,2640130,1758476.0,122116369.0
2003-07-11,13502,13598,13263,13503,2190243,1721841.0,122116369.0
2003-07-14,13694,14268,13646,14269,4162414,1819534.0,122116369.0
2003-07-15,14412,14508,13885,13886,3666090,1770687.0,122116369.0
2003-07-16,14220,14268,13598,13838,2036971,1764582.0,122116369.0
2003-07-18,13358,13502,13023,13072,2528914,1666888.0,122116369.0
2003-07-21,13023,13263,12544,12641,1865257,1611936.0,122116369.0
2003-07-22,12688,13119,12544,13119,1831423,1672994.0,122116369.0
2003-07-23,13215,13263,12880,12880,1366831,1642465.0,122116369.0
2003-07-24,12544,13263,12544,13263,1463535,1691312.0,122116369.0
2003-07-25,12975,13311,12880,13167,1042118,1679100.0,122116369.0
2003-07-28,13598,13694,13358,13550,1533580,1727947.0,122116369.0
2003-07-29,13454,13694,13215,13694,1073405,1746264.0,122116369.0
2003-07-30,13550,13598,13023,13119,1329820,1672994.0,122116369.0
2003-07-31,13167,13263,12975,13119,850254,1672994.0,122116369.0
2003-08-01,13263,13454,13167,13311,1357157,1697418.0,122116369.0
2003-08-04,13023,13119,12832,12880,1048342,1642465.0,122116369.0
2003-08-05,12975,13119,12784,12832,873546,1636359.0,122116369.0
2003-08-06,12544,12688,12353,12497,1386706,1593619.0,122116369.0
2003-08-07,12449,12688,12449,12641,824973,1611936.0,122116369.0
2003-08-08,12640,12736,12497,12497,753058,1593619.0,122116369.0
2003-08-11,12257,12497,12161,12497,826558,1593619.0,122116369.0
2003-08-12,12544,12592,12305,12306,851061,1569195.0,122116369.0
2003-08-13,12401,12592,12305,12593,989411,1605830.0,122116369.0
2003-08-14,12497,12975,12497,12928,1830777,1648571.0,122116369.0
2003-08-18,13215,13598,13119,13359,2315197,1703523.0,122116369.0
2003-08-19,13694,13694,13071,13359,1907513,1703523.0,122116369.0
2003-08-20,13263,13311,12688,12689,2518324,1618042.0,122116369.0
2003-08-21,12832,14029,12736,13981,4819382,1782899.0,122116369.0
2003-08-22,13885,13981,13550,13742,2899413,1752370.0,122116369.0
2003-08-25,13885,14364,13789,13933,2799200,1776793.0,122116369.0
2003-08-26,13789,13837,13454,13503,1607421,1721841.0,122116369.0
2003-08-27,13694,14412,13598,13886,4205220,1770687.0,122116369.0
2003-08-28,13981,14029,13406,13503,1390318,1721841.0,122116369.0
2003-08-29,13694,13789,13263,13598,2136762,1734052.0,122116369.0
2003-09-01,13502,13885,13406,13503,1562630,1721841.0,122116369.0
2003-09-02,13789,14029,13598,13838,1832245,1764582.0,122116369.0
2003-09-03,14077,14124,13598,13598,1623949,1734052.0,122116369.0
2003-09-04,13598,13789,13311,13311,1404241,1697418.0,122116369.0
2003-09-05,13358,13502,12975,13024,1679125,1660783.0,122116369.0
2003-09-08,12832,12975,12736,12832,987500,1636359.0,122116369.0
2003-09-09,12880,13263,12880,13024,1444622,1660783.0,122116369.0
2003-09-15,12880,13023,12736,12736,856207,1624148.0,122116369.0
2003-09-16,12736,13023,12688,12976,815245,1654677.0,122116369.0
2003-09-17,13119,13167,12784,12832,1043420,1636359.0,122116369.0
2003-09-18,12784,12880,12592,12593,868250,1605830.0,122116369.0
2003-09-19,12784,12880,12401,12449,1276694,1587513.0,122116369.0
2003-09-22,12305,12353,11539,11731,1607251,1495926.0,122116369.0
2003-09-23,11635,11826,11300,11635,1548465,1483714.0,122116369.0
2003-09-24,11730,12018,11730,11922,1974889,1520349.0,122116369.0
2003-09-25,11587,11635,11300,11396,1743556,1453185.0,122116369.0
2003-09-26,11204,11395,10916,10917,1629058,1392127.0,122116369.0
2003-09-29,10916,10964,10629,10678,1186853,1361598.0,122116369.0
2003-09-30,10821,10916,10342,10342,2079200,1318857.0,122116369.0
2003-10-01,10055,10150,9624,10103,3294694,1288328.0,122116369.0
2003-10-02,10342,10438,10007,10199,2036502,1300539.0,122116369.0
2003-10-06,10342,10677,10294,10438,1762582,1331068.0,122116369.0
2003-10-07,10581,10581,10102,10151,1496390,1294434.0,122116369.0
2003-10-08,10294,10342,10007,10007,1056796,1276116.0,122116369.0
2003-10-09,10055,10629,10055,10630,1813924,1355492.0,122116369.0
2003-10-10,10725,11635,10677,11300,4501971,1440973.0,122116369.0
2003-10-13,11300,11874,11012,11731,3994591,1495926.0,122116369.0
2003-10-14,12018,12113,11539,11731,2427244,1495926.0,122116369.0
2003-10-15,11970,11970,11443,11683,1367764,1489820.0,122116369.0
2003-10-16,11539,11874,11347,11779,2117236,1502031.0,122116369.0
2003-10-17,11778,11922,11395,11444,1446951,1459291.0,122116369.0
2003-10-20,11347,11683,11347,11635,970483,1483714.0,122116369.0
2003-10-21,11683,12018,11683,11731,2216825,1495926.0,122116369.0
2003-10-22,11778,11826,10821,11061,2335678,1410444.0,122116369.0
2003-10-23,10725,10869,10486,10486,1952284,1337174.0,122116369.0
2003-10-24,10438,10773,10294,10486,1610994,1337174.0,122116369.0
2003-10-27,10438,10725,10438,10725,1385441,1367703.0,122116369.0
2003-10-28,10725,11395,10725,11204,2273215,1428762.0,122116369.0
2003-10-29,11491,11635,11060,11061,2180055,1410444.0,122116369.0
2003-10-30,11204,11300,10964,11108,1166927,1416550.0,122116369.0
2003-10-31,10821,10869,9911,10007,5642711,1276116.0,122116369.0
2003-11-03,9911,10390,9863,10294,2033390,1312751.0,122116369.0
2003-11-04,10486,10677,10102,10342,2715480,1318857.0,122116369.0
2003-11-05,10294,10773,10246,10773,2400598,1373809.0,122116369.0
2003-11-06,10821,10869,10246,10247,1785980,1306645.0,122116369.0
2003-11-07,10390,10725,10342,10725,1945543,1367703.0,122116369.0
2003-11-10,10677,10677,10390,10486,1285097,1337174.0,122116369.0
2003-11-11,10342,10486,10246,10294,1023870,1312751.0,122116369.0
2003-11-12,10294,10486,10294,10438,888374,1331068.0,122116369.0
2003-11-13,10629,10725,10486,10582,1524063,1349386.0,122116369.0
2003-11-14,10677,11395,10533,11108,3962991,1416550.0,122116369.0
2003-11-17,10964,11252,10869,10965,1793296,1398232.0,122116369.0
2003-11-18,10869,10916,10198,10390,3762916,1324963.0,122116369.0
2003-11-19,9959,10007,9566,9624,3105991,1227270.0,122116369.0
2003-11-20,9672,9719,8953,9184,4194036,1171096.0,122116369.0
2003-11-21,9442,9672,9250,9433,2462056,1202846.0,122116369.0
2003-11-24,9059,9193,8024,8140,5044875,1037989.0,122116369.0
2003-11-25,8235,8350,7910,8197,3871609,1045316.0,122116369.0
2003-11-26,8331,8513,7977,8063,2779390,1028220.0,122116369.0
2003-11-27,8044,8120,7526,7853,4404481,1001354.0,122116369.0
2003-11-28,7661,8264,7622,8044,8315130,1025777.0,122116369.0
2003-12-01,8091,8992,7900,8791,7942358,1121028.0,122116369.0
2003-12-02,8886,8905,8436,8523,4246165,1086836.0,122116369.0
2003-12-03,8427,8637,8226,8255,2403775,1052643.0,122116369.0
2003-12-04,8264,9145,8226,8389,7409050,1069739.0,122116369.0
2003-12-05,8475,8676,8388,8398,2319619,1070961.0,122116369.0
2003-12-08,8206,8398,8063,8092,1597998,1031883.0,122116369.0
2003-12-09,8149,8283,8072,8092,1749342,1031883.0,122116369.0
2003-12-10,7948,8513,7948,8236,2862432,1050201.0,122116369.0
2003-12-11,8235,8293,8111,8140,1785852,1037989.0,122116369.0
2003-12-12,8321,8331,8063,8102,2652326,1033104.0,122116369.0
2003-12-15,8264,8369,7948,8034,2752252,1024556.0,122116369.0
2003-12-16,7632,7661,6837,7039,11043918,897555.0,122116369.0
2003-12-17,7373,7440,7096,7422,5887924,946402.0,122116369.0
2003-12-18,7488,8532,7488,8532,8925594,1088057.0,122116369.0
2003-12-19,8838,9432,8522,8590,16091262,1095384.0,122116369.0
2003-12-22,8637,8925,8264,8264,3520257,1053864.0,122116369.0
2003-12-23,8446,8455,7747,7814,2822623,996470.0,122116369.0
2003-12-24,7775,8101,7584,7853,3072756,1001354.0,122116369.0
2003-12-26,7613,7910,7498,7661,1917971,976931.0,122116369.0
2003-12-29,7565,7986,7565,7900,2344442,1007460.0,122116369.0
2003-12-30,7957,8015,7708,7948,1872384,1013566.0,122116369.0
2004-01-02,8206,9039,8187,8801,9676933,1122249.0,122116369.0
2004-01-05,8283,8925,8283,8820,4932094,1124692.0,122116369.0
2004-01-06,8915,9327,8752,9050,9920797,1154000.0,122116369.0
2004-01-07,9183,9336,8905,8983,3246330,1145452.0,122116369.0
2004-01-08,9241,9260,8666,8705,3431483,1110038.0,122116369.0
2004-01-09,8829,9116,8743,8925,3531781,1138125.0,122116369.0
2004-01-12,9068,9959,9059,9720,7168901,1239481.0,122116369.0
2004-01-13,10007,10102,9547,9576,3685981,1221164.0,122116369.0
2004-01-14,9672,9719,9298,9404,2304338,1199183.0,122116369.0
2004-01-15,9403,9624,9394,9433,1956822,1202846.0,122116369.0
2004-01-16,9576,9624,9241,9308,1403886,1186971.0,122116369.0
2004-01-19,9308,9442,9049,9097,1622335,1160106.0,122116369.0
2004-01-20,9107,9566,9107,9490,2056711,1210173.0,122116369.0
2004-01-26,9624,9719,9394,9624,1825321,1227270.0,122116369.0
2004-01-27,9767,9767,9212,9260,2092627,1180865.0,122116369.0
2004-01-28,9212,9423,9040,9117,1606217,1162548.0,122116369.0
2004-01-29,8915,9040,8810,8820,1612548,1124692.0,122116369.0
2004-01-30,8762,8867,8580,8590,1815450,1095384.0,122116369.0
2004-02-02,8542,8752,8542,8638,977952,1101490.0,122116369.0
2004-02-03,8589,8704,8264,8686,2038027,1107595.0,122116369.0
2004-02-04,8522,8685,8379,8427,893600,1074624.0,122116369.0
2004-02-05,8331,8513,8158,8274,1485394,1055085.0,122116369.0
2004-02-06,8178,8340,8168,8216,1015612,1047758.0,122116369.0
2004-02-09,8312,8503,8302,8379,1128562,1068518.0,122116369.0
2004-02-10,8379,8628,8379,8475,1095112,1080730.0,122116369.0
2004-02-11,8522,8561,8388,8427,845324,1074624.0,122116369.0
2004-02-12,8522,9528,8436,8753,8440753,1116144.0,122116369.0
2004-02-13,8771,9059,8647,8916,2241208,1136903.0,122116369.0
2004-02-16,9001,9451,8800,9040,2601872,1152779.0,122116369.0
2004-02-17,9011,9097,8905,8954,1130373,1141788.0,122116369.0
2004-02-18,9001,9221,8992,9145,1227838,1166211.0,122116369.0
2004-02-19,9145,9298,8877,8916,1548201,1136903.0,122116369.0
2004-02-20,8877,8992,8771,8801,1236543,1122249.0,122116369.0
2004-02-23,8781,9135,8771,9126,1323867,1163769.0,122116369.0
2004-02-24,8963,9279,8963,9059,1068583,1155221.0,122116369.0
2004-02-25,9011,9624,8992,9442,4987472,1204067.0,122116369.0
2004-02-26,9547,9767,9317,9433,2917233,1202846.0,122116369.0
2004-02-27,9499,9557,9346,9509,1266636,1212616.0,122116369.0
2004-03-02,9719,9719,9490,9528,1997515,1215058.0,122116369.0
2004-03-03,9547,10007,9499,9816,3497802,1251693.0,122116369.0
2004-03-04,9911,10629,9863,10438,5554576,1331068.0,122116369.0
2004-03-05,10725,10869,10294,10821,3908885,1379915.0,122116369.0
2004-03-08,10964,11347,10821,10917,3265832,1392127.0,122116369.0
2004-03-09,10677,10773,10438,10582,1227567,1349386.0,122116369.0
2004-03-10,10486,10869,10390,10630,1423277,1355492.0,122116369.0
2004-03-11,10390,11060,10342,10869,2752601,1386021.0,122116369.0
2004-03-12,10725,10821,9537,10151,4742418,1294434.0,122116369.0
2004-03-15,10342,10390,9815,9911,1639757,1263904.0,122116369.0
2004-03-16,9672,10150,9547,10055,2266116,1282222.0,122116369.0
2004-03-17,10246,10342,10102,10247,1350314,1306645.0,122116369.0
2004-03-18,10438,10486,10055,10199,1637595,1300539.0,122116369.0
2004-03-19,10390,10725,10342,10678,1996229,1361598.0,122116369.0
2004-03-22,10629,10725,10246,10247,1281547,1306645.0,122116369.0
2004-03-23,10102,10390,9959,10294,1319940,1312751.0,122116369.0
2004-03-24,10246,10342,10102,10103,775305,1288328.0,122116369.0
2004-03-25,10007,10150,9624,9672,1474397,1233375.0,122116369.0
2004-03-26,9911,10007,9719,9768,1060315,1245587.0,122116369.0
2004-03-29,9719,9959,9672,9768,813669,1245587.0,122116369.0
2004-03-30,9863,10055,9624,9672,1043505,1233375.0,122116369.0
2004-03-31,9767,10007,9624,10007,1266983,1276116.0,122116369.0
2004-04-01,10007,10246,9863,10151,1040419,1294434.0,122116369.0
2004-04-02,10246,10246,9719,9911,1381391,1263904.0,122116369.0
2004-04-06,10102,10533,10007,10390,2510046,1324963.0,122116369.0
2004-04-07,10533,10533,10246,10342,1211703,1318857.0,122116369.0
2004-04-08,10438,10486,10246,10294,1030845,1312751.0,122116369.0
2004-04-09,10150,10198,9767,9864,1101419,1257799.0,122116369.0
2004-04-12,9815,10055,9815,9911,932927,1263904.0,122116369.0
2004-04-13,10629,10821,10150,10342,4481823,1318857.0,122116369.0
2004-04-14,10150,10246,10007,10151,1103182,1294434.0,122116369.0
2004-04-16,10055,10342,10055,10103,1219601,1288328.0,122116369.0
2004-04-19,10055,10150,9815,9864,1386403,1257799.0,122116369.0
2004-04-20,9911,10007,9815,10007,1109448,1276116.0,122116369.0
2004-04-21,9863,10007,9767,9959,1641066,1270010.0,122116369.0
2004-04-22,10007,10294,9911,10247,2061777,1306645.0,122116369.0
2004-04-23,10486,10821,10438,10773,4576721,1373809.0,122116369.0
2004-04-26,10916,11108,10677,10725,2823727,1367703.0,122116369.0
2004-04-27,10773,10869,10342,10582,1460625,1349386.0,122116369.0
2004-04-28,10629,10725,10390,10390,1185847,1324963.0,122116369.0
2004-04-29,10102,10198,9547,9576,3071620,1221164.0,122116369.0
2004-04-30,9403,9815,9403,9672,21979866,1233375.0,122116369.0
2004-05-03,9672,9719,9557,9624,824833,1227270.0,122116369.0
2004-05-04,9624,9767,9528,9528,1468684,1215058.0,122116369.0
2004-05-06,9442,9528,8637,8695,2489416,1108817.0,122116369.0
2004-05-07,8551,8992,8360,8992,1598915,1146673.0,122116369.0
2004-05-10,8819,9135,8235,8552,1629333,1090499.0,122116369.0
2004-05-11,8293,8589,8158,8523,1475510,1086836.0,122116369.0
2004-05-12,8570,8666,8197,8341,1893057,1063634.0,122116369.0
2004-05-13,8407,8494,8235,8264,2159332,1053864.0,122116369.0
2004-05-14,8350,8666,7785,7891,3549080,1006239.0,122116369.0
2004-05-17,7756,7919,7191,7278,2002376,928084.0,122116369.0
2004-05-18,7105,7325,6990,7182,1946445,915873.0,122116369.0
2004-05-19,7258,7670,7182,7604,3297953,969604.0,122116369.0
2004-05-20,7440,7756,7297,7517,1897470,958613.0,122116369.0
2004-05-21,7651,7756,7536,7623,1307733,972046.0,122116369.0
2004-05-24,7756,8139,7689,8102,1909448,1033104.0,122116369.0
2004-05-25,8101,9193,8015,8791,7170079,1121028.0,122116369.0
2004-05-27,9040,9078,8379,8389,2983602,1069739.0,122116369.0
2004-05-28,8561,8628,8264,8523,1976610,1086836.0,122116369.0
2004-05-31,8465,8522,8139,8188,1191238,1044095.0,122116369.0
2004-06-01,8149,8340,8091,8331,1219692,1062412.0,122116369.0
2004-06-02,8197,8331,8130,8149,783092,1039210.0,122116369.0
2004-06-03,8206,8273,7517,7651,1616756,975710.0,122116369.0
2004-06-04,7651,7775,7565,7718,1788704,984258.0,122116369.0
2004-06-07,7756,8235,7728,8140,1602038,1037989.0,122116369.0
2004-06-08,8254,8331,8101,8216,1280033,1047758.0,122116369.0
2004-06-09,8264,8302,7881,7881,1042582,1005018.0,122116369.0
2004-06-10,7804,7977,7775,7814,921571,996470.0,122116369.0
2004-06-11,7814,7881,7593,7651,1096130,975710.0,122116369.0
2004-06-14,7469,7823,7469,7661,1238422,976931.0,122116369.0
2004-06-15,7737,7871,7661,7853,1082428,1001354.0,122116369.0
2004-06-16,7881,8024,7775,7929,937470,1011124.0,122116369.0
2004-06-17,7929,8091,7814,8034,1046589,1024556.0,122116369.0
2004-06-18,7996,8015,7651,7661,824749,976931.0,122116369.0
2004-06-21,7661,7929,7661,7786,1048832,992806.0,122116369.0
2004-06-22,7718,7833,7641,7680,877799,979373.0,122116369.0
2004-06-23,7661,7728,7239,7278,1808315,928084.0,122116369.0
2004-06-24,7469,7661,7431,7565,1914499,964719.0,122116369.0
2004-06-25,7517,7689,7421,7575,728740,965940.0,122116369.0
2004-06-28,7622,7651,7498,7527,519261,959835.0,122116369.0
2004-06-29,7479,7593,7440,7594,563891,968383.0,122116369.0
2004-06-30,7651,7986,7622,7920,1341292,1009902.0,122116369.0
2004-07-01,8015,8044,7795,7805,569474,995248.0,122116369.0
2004-07-02,7661,7795,7526,7527,587560,959835.0,122116369.0
2004-07-05,7488,7593,7392,7469,512281,952508.0,122116369.0
2004-07-06,7431,7565,7383,7441,654600,948844.0,122116369.0
2004-07-07,7268,7325,7134,7249,1067492,924421.0,122116369.0
2004-07-08,7277,7440,7172,7173,1166707,914652.0,122116369.0
2004-07-09,7096,7440,7086,7316,872640,932969.0,122116369.0
2004-07-12,7373,7469,7325,7355,674425,937854.0,122116369.0
2004-07-13,7373,7584,7316,7517,689492,958613.0,122116369.0
2004-07-14,7469,7565,7249,7249,536350,924421.0,122116369.0
2004-07-15,7325,7373,7172,7173,507256,914652.0,122116369.0
2004-07-16,7124,7210,6952,7096,705512,904882.0,122116369.0
2004-07-19,6990,7019,6827,7000,1759692,892671.0,122116369.0
2004-07-20,6894,6961,6837,6847,671650,873132.0,122116369.0
2004-07-21,7038,7268,6961,6972,7465635,889007.0,122116369.0
2004-07-22,6799,6847,6665,6703,1391400,854815.0,122116369.0
2004-07-23,6703,6760,6483,6493,1253287,827949.0,122116369.0
2004-07-26,6291,6502,6291,6330,1233497,807189.0,122116369.0
2004-07-27,6291,6435,6291,6320,974983,805968.0,122116369.0
2004-07-28,6435,6588,6435,6435,1358801,820622.0,122116369.0
2004-07-29,6435,6473,6138,6138,896853,782766.0,122116369.0
2004-07-30,6272,6282,6157,6158,587640,785208.0,122116369.0
2004-08-02,6147,6282,6109,6158,714231,785208.0,122116369.0
2004-08-03,6320,6540,6320,6387,1216564,814516.0,122116369.0
2004-08-04,6262,6406,6224,6407,595558,816959.0,122116369.0
2004-08-05,6483,6645,6425,6569,696222,837718.0,122116369.0
2004-08-06,6416,6473,6320,6435,587892,820622.0,122116369.0
2004-08-09,6339,6780,6339,6780,1072111,864584.0,122116369.0
2004-08-10,6703,6780,6588,6780,469463,864584.0,122116369.0
2004-08-11,6894,6894,6588,6608,623421,842603.0,122116369.0
2004-08-12,6722,6847,6626,6799,903327,867026.0,122116369.0
2004-08-13,6866,7143,6799,7019,2124901,895113.0,122116369.0
2004-08-16,7124,7134,6923,7086,796204,903661.0,122116369.0
2004-08-17,7210,7210,7019,7096,509650,904882.0,122116369.0
2004-08-18,7038,7182,7038,7125,422345,908546.0,122116369.0
2004-08-19,7230,7306,7143,7307,1214064,931748.0,122116369.0
2004-08-20,7277,7507,7201,7316,715856,932969.0,122116369.0
2004-08-23,7412,7450,7249,7249,751162,924421.0,122116369.0
2004-08-24,7325,7354,7067,7096,819368,904882.0,122116369.0
2004-08-25,7086,7124,6942,7058,1582866,899998.0,122116369.0
2004-08-26,7182,7565,7182,7431,2715270,947623.0,122116369.0
2004-08-27,7555,7593,7325,7374,1084828,940296.0,122116369.0
2004-08-30,7392,7450,7297,7335,599341,935411.0,122116369.0
2004-08-31,7277,7383,7277,7307,654622,931748.0,122116369.0
2004-09-01,7268,7603,7249,7469,1268875,952508.0,122116369.0
2004-09-02,7421,7900,7412,7786,1882885,992806.0,122116369.0
2004-09-03,7890,7957,7680,7795,1377786,994027.0,122116369.0
2004-09-06,7795,7996,7756,7977,1160012,1017229.0,122116369.0
2004-09-07,7996,8082,7766,7967,1341645,1016008.0,122116369.0
2004-09-08,8015,8053,7823,7824,882358,997691.0,122116369.0
2004-09-09,7986,8091,7775,7881,1759219,1005018.0,122116369.0
2004-09-10,7766,7862,7728,7814,1169881,996470.0,122116369.0
2004-09-13,8283,8905,8206,8274,5931216,1055085.0,122116369.0
2004-09-14,8379,8407,7871,7872,2447374,1003797.0,122116369.0
2004-09-15,7910,7957,7728,7738,1254971,986700.0,122116369.0
2004-09-16,7565,7852,7565,7699,1542461,981816.0,122116369.0
2004-09-17,7670,7795,7574,7575,1663082,965940.0,122116369.0
2004-09-20,7756,7852,7670,7680,1756620,979373.0,122116369.0
2004-09-21,7622,7747,7603,7642,1024574,974489.0,122116369.0
2004-09-22,7728,7756,7325,7345,1497388,936633.0,122116369.0
2004-09-23,7249,7728,7191,7450,2374108,950065.0,122116369.0
2004-09-24,7277,7421,7249,7326,1304321,934190.0,122116369.0
2004-09-30,7306,7440,7268,7297,1125852,930527.0,122116369.0
2004-10-01,7277,7392,7258,7335,878521,935411.0,122116369.0
2004-10-04,7469,7603,7440,7604,1667502,969604.0,122116369.0
2004-10-05,7661,7661,7507,7623,901176,972046.0,122116369.0
2004-10-06,7622,7775,7526,7728,1702561,985479.0,122116369.0
2004-10-07,7804,7833,7555,7565,1121310,964719.0,122116369.0
2004-10-08,7469,7593,7402,7450,1774648,950065.0,122116369.0
2004-10-11,7402,7450,7354,7450,831048,950065.0,122116369.0
2004-10-12,7392,7498,7335,7355,948681,937854.0,122116369.0
2004-10-13,7373,7450,7325,7326,746450,934190.0,122116369.0
2004-10-14,7277,7316,7153,7163,851531,913430.0,122116369.0
2004-10-15,7038,7086,6933,7000,744953,892671.0,122116369.0
2004-10-18,6923,7038,6923,6991,619372,891449.0,122116369.0
2004-10-19,7067,7134,7000,7029,688110,896334.0,122116369.0
2004-10-20,6990,7230,6961,7134,1228650,909767.0,122116369.0
2004-10-21,7210,7287,7086,7230,2161812,921979.0,122116369.0
2004-10-22,7230,7689,7230,7661,4270950,976931.0,122116369.0
2004-10-25,7565,7919,7402,7853,2918000,1001354.0,122116369.0
2004-10-26,7718,7756,7431,7431,920000,947623.0,122116369.0
2004-10-27,7479,7536,7048,7125,635870,908546.0,122116369.0
2004-10-28,7210,7297,7076,7134,966837,909767.0,122116369.0
2004-10-29,7086,7421,7057,7422,1035100,946402.0,122116369.0
2004-11-01,7297,7498,7297,7335,385702,935411.0,122116369.0
2004-11-02,7440,7498,7383,7431,426039,947623.0,122116369.0
2004-11-03,7488,7546,7440,7546,666702,962277.0,122116369.0
2004-11-04,7565,7565,7354,7383,474397,941517.0,122116369.0
2004-11-05,7450,7507,7306,7402,446408,943960.0,122116369.0
2004-11-08,7392,7431,7239,7249,344950,924421.0,122116369.0
2004-11-09,7230,7325,7163,7182,313030,915873.0,122116369.0
2004-11-10,7182,7335,7182,7297,430100,930527.0,122116369.0
2004-11-11,7239,7517,7230,7402,740079,943960.0,122116369.0
2004-11-12,7565,7593,7479,7537,821726,961056.0,122116369.0
2004-11-15,7593,7737,7574,7661,1020230,976931.0,122116369.0
2004-11-16,7756,7881,7661,7805,1806000,995248.0,122116369.0
2004-11-17,7852,7852,7689,7757,1424537,989143.0,122116369.0
2004-11-18,7747,7756,7584,7584,662300,967162.0,122116369.0
2004-11-19,7584,7689,7479,7508,400664,957392.0,122116369.0
2004-11-22,7383,7459,7325,7364,530224,939075.0,122116369.0
2004-11-23,7412,7546,7364,7431,465493,947623.0,122116369.0
2004-11-24,7392,7546,7392,7460,642721,951287.0,122116369.0
2004-11-25,7488,7498,7345,7355,400056,937854.0,122116369.0
2004-11-26,7383,7526,7210,7297,811929,930527.0,122116369.0
2004-11-29,7287,7354,7210,7211,643222,919536.0,122116369.0
2004-11-30,7182,7297,7163,7297,639760,930527.0,122116369.0
2004-12-01,7297,7316,7230,7259,488574,925642.0,122116369.0
2004-12-02,7335,7412,7325,7355,647438,937854.0,122116369.0
2004-12-03,7431,7479,7297,7335,437816,935411.0,122116369.0
2004-12-06,7335,7354,7230,7278,380677,928084.0,122116369.0
2004-12-07,7220,7277,7163,7163,604721,913430.0,122116369.0
2004-12-08,7134,7182,7076,7106,683780,906103.0,122116369.0
2004-12-09,7086,7105,6885,6952,1319876,886565.0,122116369.0
2004-12-10,6914,6990,6674,6675,1037875,851151.0,122116369.0
2004-12-13,6617,6732,6617,6694,552098,853593.0,122116369.0
2004-12-14,6626,6751,6626,6723,472663,857257.0,122116369.0
2004-12-15,6703,6952,6703,6943,596490,885344.0,122116369.0
2004-12-16,7000,7143,6952,7067,802680,901219.0,122116369.0
2004-12-17,7220,7929,7220,7326,9375005,934190.0,122116369.0
2004-12-20,7335,7354,7115,7182,2404624,915873.0,122116369.0
2004-12-21,7182,7239,7105,7134,1372142,909767.0,122116369.0
2004-12-22,7182,7574,7134,7278,2745589,928084.0,122116369.0
2004-12-23,7325,7546,7239,7297,1314015,930527.0,122116369.0
2004-12-24,7335,7996,7316,7881,3889222,1005018.0,122116369.0
2004-12-27,7881,7938,7680,7786,1423585,992806.0,122116369.0
2004-12-28,7689,8082,7661,7690,2237779,980594.0,122116369.0
2004-12-29,7689,8273,7689,8149,4863090,1039210.0,122116369.0
2004-12-30,8235,8331,7977,8178,2175446,1042874.0,122116369.0
2005-01-03,8360,8369,8130,8216,1379737,1047758.0,122116369.0
2005-01-04,8245,8465,8111,8408,2022641,1072182.0,122116369.0
2005-01-05,8245,8513,8206,8513,1545659,1085615.0,122116369.0
2005-01-06,8446,8618,8398,8437,1961489,1075845.0,122116369.0
2005-01-07,8427,8589,8139,8236,1148487,1050201.0,122116369.0
2005-01-10,8226,8475,8139,8475,1196044,1080730.0,122116369.0
2005-01-11,8532,8723,8427,8714,1510595,1111259.0,122116369.0
2005-01-12,8714,8714,8312,8370,963397,1067297.0,122116369.0
2005-01-13,8436,8484,8254,8465,988865,1079509.0,122116369.0
2005-01-14,8293,9001,8293,9002,2339079,1147894.0,122116369.0
2005-01-17,9288,9336,9068,9174,2943259,1169875.0,122116369.0
2005-01-18,9241,9241,9040,9050,1775300,1154000.0,122116369.0
2005-01-19,9097,9145,8838,8877,2097053,1132019.0,122116369.0
2005-01-20,8810,8877,8609,8638,1297506,1101490.0,122116369.0
2005-01-21,8618,8829,8475,8714,1171302,1111259.0,122116369.0
2005-01-24,8685,9011,8685,9011,1622187,1149115.0,122116369.0
2005-01-25,9020,9145,8838,9030,1198886,1151557.0,122116369.0
2005-01-26,9193,9547,9097,9519,2672102,1213837.0,122116369.0
2005-01-27,9815,10342,9672,9768,6663650,1245587.0,122116369.0
2005-01-28,9815,9911,9336,9509,4419192,1212616.0,122116369.0
2005-01-31,9576,9719,9375,9576,2426850,1221164.0,122116369.0
2005-02-01,9490,9576,9317,9337,1701902,1190635.0,122116369.0
2005-02-02,9403,9624,9356,9576,1277630,1221164.0,122116369.0
2005-02-03,9576,9719,9442,9481,1217511,1208952.0,122116369.0
2005-02-04,9480,9719,9451,9624,1285606,1227270.0,122116369.0
2005-02-07,9863,9959,9624,9816,1782756,1251693.0,122116369.0
2005-02-11,9672,9911,9624,9911,1033298,1263904.0,122116369.0
2005-02-14,10055,10198,9911,10151,1665933,1294434.0,122116369.0
2005-02-15,10150,10629,10150,10438,2649694,1331068.0,122116369.0
2005-02-16,10629,10677,10246,10342,1634030,1318857.0,122116369.0
2005-02-17,10342,10438,10150,10247,898397,1306645.0,122116369.0
2005-02-18,10150,10533,10102,10438,1230024,1331068.0,122116369.0
2005-02-21,10821,10916,10533,10534,2110916,1343280.0,122116369.0
2005-02-22,10629,10677,10007,10055,1606699,1282222.0,122116369.0
2005-02-23,9863,10007,9719,9768,1226840,1245587.0,122116369.0
2005-02-24,9767,10150,9767,10055,1560289,1282222.0,122116369.0
2005-02-25,10150,10581,10150,10342,2175170,1318857.0,122116369.0
2005-02-28,10773,11491,10581,11300,4774957,1440973.0,122116369.0
2005-03-02,11635,12305,11395,11731,5901719,1495926.0,122116369.0
2005-03-03,11635,11874,11204,11731,2752170,1495926.0,122116369.0
2005-03-04,11730,11778,11300,11348,1888069,1447079.0,122116369.0
2005-03-07,11443,11635,10773,11061,3700080,1410444.0,122116369.0
2005-03-08,11252,11300,10581,10821,2828681,1379915.0,122116369.0
2005-03-09,10629,11012,10581,10965,1889734,1398232.0,122116369.0
2005-03-10,11156,11300,10916,11108,3171083,1416550.0,122116369.0
2005-03-11,11156,11635,11060,11300,3847472,1440973.0,122116369.0
2005-03-14,11300,11395,11012,11013,1906459,1404338.0,122116369.0
2005-03-15,11156,11252,10246,10247,3729497,1306645.0,122116369.0
2005-03-16,10102,10246,9672,10151,2743751,1294434.0,122116369.0
2005-03-17,9863,10102,9576,9672,3511491,1233375.0,122116369.0
2005-03-18,9624,9959,9624,9768,2461755,1245587.0,122116369.0
2005-03-21,9767,10007,9672,9864,1772773,1257799.0,122116369.0
2005-03-22,9863,10055,9863,9864,1362595,1257799.0,122116369.0
2005-03-23,9767,9815,9537,9538,1652343,1216279.0,122116369.0
2005-03-24,9672,9719,9193,9289,1939549,1184529.0,122116369.0
2005-03-25,9288,9432,9241,9433,1245710,1202846.0,122116369.0
2005-03-28,9480,9767,9480,9576,1608009,1221164.0,122116369.0
2005-03-29,9624,9672,9288,9289,1648007,1184529.0,122116369.0
2005-03-30,9145,9193,8953,9117,1161368,1162548.0,122116369.0
2005-03-31,9288,9327,9145,9145,1224927,1166211.0,122116369.0
2005-04-01,9001,9624,9001,9576,1753479,1221164.0,122116369.0
2005-04-04,9528,9547,9384,9385,616129,1196740.0,122116369.0
2005-04-06,9480,9576,9336,9528,1128009,1215058.0,122116369.0
2005-04-07,9509,10246,9509,10055,2999540,1282222.0,122116369.0
2005-04-08,10342,10677,10055,10151,3604545,1294434.0,122116369.0
2005-04-11,10055,10055,9815,9864,934062,1257799.0,122116369.0
2005-04-12,9815,10007,9815,9816,846947,1251693.0,122116369.0
2005-04-13,9863,10007,9719,9720,917160,1239481.0,122116369.0
2005-04-14,9576,9624,9336,9337,1292555,1311510.0,134513863.0
2005-04-15,9212,9336,9078,9337,1193436,1311510.0,134513863.0
2005-04-18,9001,9145,8877,8887,1184703,1248289.0,134513863.0
2005-04-19,8953,9068,8867,8896,1572386,1249634.0,134513863.0
2005-04-20,9001,9107,8905,8925,971346,1253669.0,134513863.0
2005-04-21,8628,8819,8570,8753,1025058,1229457.0,134513863.0
2005-04-22,9001,9068,8752,8753,1031972,1229457.0,134513863.0
2005-04-25,8618,8858,8580,8686,611601,1220041.0,134513863.0
2005-04-26,8752,8762,8436,8437,821963,1185067.0,134513863.0
2005-04-27,8283,8312,8149,8169,967384,1147403.0,134513863.0
2005-04-28,8178,8273,7852,7853,1539481,1103014.0,134513863.0
2005-04-29,7622,7766,7421,7498,2127366,1053244.0,134513863.0
2005-05-02,7574,7699,7574,7661,1169469,1076111.0,134513863.0
2005-05-03,7641,7785,7565,7565,1259601,1062660.0,134513863.0
2005-05-04,7603,7890,7603,7853,1832844,1103014.0,134513863.0
2005-05-06,7900,8168,7814,8169,1010086,1147403.0,134513863.0
2005-05-09,8149,8187,7996,8130,935446,1142023.0,134513863.0
2005-05-10,8235,8312,8168,8197,859095,1151439.0,134513863.0
2005-05-11,8063,8101,7900,7900,678117,1109739.0,134513863.0
2005-05-12,7938,8063,7871,8063,602135,1132607.0,134513863.0
2005-05-13,7948,8302,7910,8264,1356897,1160855.0,134513863.0
2005-05-16,8369,8551,8340,8446,1221250,1186412.0,134513863.0
2005-05-17,8618,8676,8302,8351,915320,1172961.0,134513863.0
2005-05-18,8446,8762,8360,8705,1231404,1222731.0,134513863.0
2005-05-19,8905,9250,8829,9164,2476599,1287298.0,134513863.0
2005-05-20,9145,9212,8972,9097,839848,1277882.0,134513863.0
2005-05-23,9212,9365,9126,9346,971233,1312855.0,134513863.0
2005-05-24,9375,9403,9241,9279,682889,1303439.0,134513863.0
2005-05-25,9375,9375,8934,8954,1233807,1257705.0,134513863.0
2005-05-26,8886,9126,8877,9126,1291979,1281917.0,134513863.0
2005-05-27,9269,9336,9183,9270,1187470,1302094.0,134513863.0
2005-05-30,9241,9365,9241,9299,866956,1306130.0,134513863.0
2005-05-31,9288,9327,8982,9069,1244531,1273846.0,134513863.0
2005-06-01,8963,9107,8925,9069,914554,1273846.0,134513863.0
2005-06-02,9193,9499,9193,9413,2420311,1322271.0,134513863.0
2005-06-03,9480,9490,9327,9413,716360,1322271.0,134513863.0
2005-06-07,9336,9672,9202,9576,1203554,1345139.0,134513863.0
2005-06-08,9547,9672,9480,9500,803081,1334378.0,134513863.0
2005-06-09,9499,10007,9490,9959,2352850,1398944.0,134513863.0
2005-06-10,10150,10150,9815,9864,956119,1385493.0,134513863.0
2005-06-13,10007,10342,9863,9959,1238380,1398944.0,134513863.0
2005-06-14,9911,9959,9432,9433,1793916,1324962.0,134513863.0
2005-06-15,9537,10533,9480,10534,3968287,1479652.0,134513863.0
2005-06-16,10390,10533,9959,10199,3010998,1432573.0,134513863.0
2005-06-17,10342,10390,10007,10247,1731829,1439298.0,134513863.0
2005-06-20,10198,10342,9719,9768,1501363,1372041.0,134513863.0
2005-06-21,9624,10007,9624,9768,2410612,1372041.0,134513863.0
2005-06-22,9815,10486,9767,10103,2740717,1419121.0,134513863.0
2005-06-23,10150,10390,10102,10199,1619588,1432573.0,134513863.0
2005-06-24,9959,10150,9815,10055,1520126,1412396.0,134513863.0
2005-06-27,9863,9959,9767,9864,937816,1385493.0,134513863.0
2005-06-28,9815,10055,9719,9768,1365454,1372041.0,134513863.0
2005-06-29,10007,10150,9767,9816,1851159,1378767.0,134513863.0
2005-06-30,9767,10150,9767,9959,1611826,1398944.0,134513863.0
2005-07-01,9863,10438,9815,10390,2139949,1459475.0,134513863.0
2005-07-04,10533,10821,10438,10582,2064573,1486378.0,134513863.0
2005-07-05,10581,10629,10390,10438,1000220,1466201.0,134513863.0
2005-07-06,10629,10629,10390,10438,1140913,1466201.0,134513863.0
2005-07-07,10198,10581,10198,10390,1208153,1459475.0,134513863.0
2005-07-08,10438,10486,10102,10151,1131451,1425847.0,134513863.0
2005-07-11,10438,10677,10342,10534,1632014,1479652.0,134513863.0
2005-07-12,10773,11012,10629,10630,2082575,1493104.0,134513863.0
2005-07-13,10725,10964,10581,10917,1565598,1533458.0,134513863.0
2005-07-14,11060,11156,10821,10917,2055433,1533458.0,134513863.0
2005-07-15,10916,11060,10773,10821,1760570,1520007.0,134513863.0
2005-07-18,10773,10964,10725,10773,833939,1513281.0,134513863.0
2005-07-19,10677,10964,10390,10965,3380243,1540184.0,134513863.0
2005-07-20,10964,11970,10869,11061,8694357,1553635.0,134513863.0
2005-07-21,11395,11491,10869,10965,3880101,1540184.0,134513863.0
2005-07-22,10725,10869,10438,10773,2971466,1513281.0,134513863.0
2005-07-25,10677,11300,10677,11300,2708734,1587264.0,134513863.0
2005-07-26,11156,12018,11156,11539,4290403,1620892.0,134513863.0
2005-07-27,11683,11683,11204,11587,2460062,1627618.0,134513863.0
2005-07-28,11778,11970,11587,11683,2621663,1641069.0,134513863.0
2005-07-29,11874,11970,11635,11875,2118991,1667972.0,134513863.0
2005-08-01,11874,11874,11539,11731,1130727,1647795.0,134513863.0
2005-08-02,11683,11826,11491,11539,1479907,1620892.0,134513863.0
2005-08-03,11683,11922,11395,11396,2542090,1600715.0,134513863.0
2005-08-04,11491,11539,10725,10725,3410455,1506555.0,134513863.0
2005-08-05,10438,10629,10198,10247,2082285,1439298.0,134513863.0
2005-08-08,10055,10390,10007,10151,1457122,1425847.0,134513863.0
2005-08-09,10102,10773,10055,10773,2436879,1513281.0,134513863.0
2005-08-10,10916,11204,10869,11108,2405751,1560361.0,134513863.0
2005-08-11,11012,11539,11012,11539,1891960,1620892.0,134513863.0
2005-08-12,11683,11730,11300,11444,1748180,1607441.0,134513863.0
2005-08-16,11491,11730,11252,11252,2693902,1580538.0,134513863.0
2005-08-17,11012,11252,10821,11204,2074867,1573812.0,134513863.0
2005-08-18,11395,11491,10869,10917,2984476,1533458.0,134513863.0
2005-08-19,10725,11060,10581,10965,1982579,1540184.0,134513863.0
2005-08-22,10916,11300,10821,11300,1394904,1587264.0,134513863.0
2005-08-23,11204,11443,11108,11348,1710441,1593989.0,134513863.0
2005-08-24,11347,11443,11012,11108,2465753,1560361.0,134513863.0
2005-08-25,10821,11156,10773,10917,1480648,1533458.0,134513863.0
2005-08-26,10821,11012,10438,10438,1613520,1466201.0,134513863.0
2005-08-29,10150,10294,9815,9816,1437399,1378767.0,134513863.0
2005-08-30,10102,10246,9911,10055,1610365,1412396.0,134513863.0
2005-08-31,9815,10294,9815,10199,1291955,1432573.0,134513863.0
2005-09-01,10438,10821,10342,10678,2093836,1499830.0,134513863.0
2005-09-02,10677,10773,10390,10630,1912448,1493104.0,134513863.0
2005-09-05,10725,10773,10390,10438,1113427,1466201.0,134513863.0
2005-09-06,10533,10916,10533,10678,1900881,1499830.0,134513863.0
2005-09-07,11012,11204,10916,11204,2538031,1573812.0,134513863.0
2005-09-08,11395,11395,11012,11108,2105057,1560361.0,134513863.0
2005-09-09,11108,11730,11060,11731,3729599,1647795.0,134513863.0
2005-09-12,12066,12880,11970,12593,8339644,1768857.0,134513863.0
2005-09-13,12688,12688,12161,12258,2999206,1721777.0,134513863.0
2005-09-14,12209,13215,12066,13215,5640183,1856291.0,134513863.0
2005-09-15,12975,13406,12640,12880,4196409,1809211.0,134513863.0
2005-09-16,13119,13263,12736,12928,3620872,1815937.0,134513863.0
2005-09-20,13406,13406,12975,13024,2940391,1829389.0,134513863.0
2005-09-21,12736,13119,12688,12976,2151674,1822663.0,134513863.0
2005-09-22,12784,13263,12736,13167,1970880,1849566.0,134513863.0
2005-09-23,13550,13981,13167,13167,6613610,1849566.0,134513863.0
2005-09-26,13406,14364,13311,14317,4721236,2010982.0,134513863.0
2005-09-27,14364,14651,14029,14604,4477178,2051336.0,134513863.0
2005-09-28,14699,14986,14508,14939,5041098,2098416.0,134513863.0
2005-09-29,14891,14986,14508,14652,3343577,2058062.0,134513863.0
2005-09-30,14699,14795,13933,14029,3726786,1970628.0,134513863.0
2005-10-04,13981,14412,13981,14269,2498809,2004257.0,134513863.0
2005-10-05,14077,14555,13789,13790,2542479,1937000.0,134513863.0
2005-10-06,13502,13646,13311,13311,3004275,1869743.0,134513863.0
2005-10-07,13167,13646,13167,13263,2659812,1863017.0,134513863.0
2005-10-10,13358,14029,13358,13981,2454755,1963902.0,134513863.0
2005-10-11,13837,14316,13789,14317,2806043,2010982.0,134513863.0
2005-10-12,14364,14412,13694,13742,2454943,1930274.0,134513863.0
2005-10-13,13598,13741,13263,13550,2446493,1903371.0,134513863.0
2005-10-14,13646,13741,13023,13119,2631067,1842840.0,134513863.0
2005-10-17,13215,13358,12736,12832,2017897,1802486.0,134513863.0
2005-10-18,12927,13167,12880,12976,2451089,1822663.0,134513863.0
2005-10-19,12784,12832,12257,12401,2375681,1741955.0,134513863.0
2005-10-20,12688,12784,12449,12449,1707549,1748680.0,134513863.0
2005-10-21,12209,13358,12209,13311,3087941,1869743.0,134513863.0
2005-10-24,13406,13502,13119,13263,2025950,1863017.0,134513863.0
2005-10-25,13598,13789,13263,13311,2475947,1869743.0,134513863.0
2005-10-26,13550,14029,13263,13838,2969971,1943725.0,134513863.0
2005-10-27,13741,14077,13550,13550,2542943,1903371.0,134513863.0
2005-10-28,13263,13358,12880,12976,2238313,1822663.0,134513863.0
2005-10-31,13311,13454,13071,13167,1966641,1849566.0,134513863.0
2005-11-01,13263,14077,13215,13933,3477935,1957177.0,134513863.0
2005-11-02,14077,14268,13837,14077,2613238,1977354.0,134513863.0
2005-11-03,14364,14412,14077,14221,2017801,1997531.0,134513863.0
2005-11-04,14460,14747,14268,14412,2587118,2024434.0,134513863.0
2005-11-07,14555,14651,14220,14604,1795830,2051336.0,134513863.0
2005-11-08,14747,14843,14508,14700,1779126,2064788.0,134513863.0
2005-11-09,14651,14795,14268,14460,2085637,2031159.0,134513863.0
2005-11-10,14651,15417,14555,15370,4887816,2158948.0,134513863.0
2005-11-11,15752,15944,15513,15801,3446604,2219479.0,134513863.0
2005-11-14,15992,16183,15657,15849,3173354,2226204.0,134513863.0
2005-11-15,15800,16375,15705,16328,3249591,2293461.0,134513863.0
2005-11-16,16279,16902,16183,16806,2883518,2360718.0,134513863.0
2005-11-17,17045,17428,16662,17046,3235113,2394347.0,134513863.0
2005-11-18,17333,17716,17141,17572,3699101,2468329.0,134513863.0
2005-11-21,17668,17811,17237,17429,2537657,2448152.0,134513863.0
2005-11-22,17428,17428,16662,16663,3490241,2340541.0,134513863.0
2005-11-23,16902,19152,16902,19153,7888553,2690277.0,134513863.0
2005-11-24,19487,20445,19008,19631,6962862,2757534.0,134513863.0
2005-11-25,19727,20062,19487,20062,2865593,2818065.0,134513863.0
2005-11-28,19966,20110,19631,19631,2918766,2757534.0,134513863.0
2005-11-29,19152,19774,18865,19488,2868169,2737357.0,134513863.0
2005-11-30,19487,21690,19487,20924,6154493,2939128.0,134513863.0
2005-12-01,20732,21594,20493,21547,3548657,3026562.0,134513863.0
2005-12-02,22312,22360,20924,21068,4671671,2959305.0,134513863.0
2005-12-05,21163,22887,20924,22887,4550812,3214881.0,134513863.0
2005-12-06,22743,23653,22408,22935,5774261,3221607.0,134513863.0
2005-12-07,22935,23509,22695,23127,4619636,3248510.0,134513863.0
2005-12-08,23270,24515,23270,24228,6944872,3403201.0,134513863.0
2005-12-09,24036,24611,23701,23845,3416705,3349395.0,134513863.0
2005-12-12,23988,24180,23461,23749,4506288,3335944.0,134513863.0
2005-12-13,23557,24227,23270,23749,5626178,3335944.0,134513863.0
2005-12-14,24180,24275,23174,23366,4709268,3282138.0,134513863.0
2005-12-15,23461,23749,22983,23079,3929709,3241784.0,134513863.0
2005-12-16,22456,23844,22121,23222,5585212,3261961.0,134513863.0
2005-12-19,22935,23461,22935,23318,2879362,3275413.0,134513863.0
2005-12-20,23126,24132,23126,23414,3461647,3288864.0,134513863.0
2005-12-21,23557,23940,23557,23845,2649043,3349395.0,134513863.0
2005-12-22,24419,24515,23318,23366,4537397,3282138.0,134513863.0
2005-12-23,23509,23605,22743,23558,2395157,3309041.0,134513863.0
2005-12-26,23461,23653,22647,22648,2800834,3181253.0,134513863.0
2005-12-27,22600,23030,21881,22025,3384086,3093819.0,134513863.0
2005-12-28,22025,23653,21738,23510,4511411,3302315.0,134513863.0
2005-12-29,23749,24850,23509,24324,5590574,3416652.0,134513863.0
2006-01-02,24706,25903,24036,25329,5767357,3557892.0,134513863.0
2006-01-03,25233,25472,24563,25425,2998982,3571343.0,134513863.0
2006-01-04,25712,25760,24371,24372,2905060,3423378.0,134513863.0
2006-01-05,24419,24850,23749,24659,3292105,3463732.0,134513863.0
2006-01-06,24658,24802,24180,24467,2152719,3436829.0,134513863.0
2006-01-09,24467,25520,24275,24515,4230472,3443555.0,134513863.0
2006-01-10,24611,24898,23797,23845,2777969,3349395.0,134513863.0
2006-01-11,23844,24180,23174,23366,2511530,3282138.0,134513863.0
2006-01-12,23413,23892,23270,23318,2172174,3275413.0,134513863.0
2006-01-13,23174,24754,23078,24755,2761080,3477183.0,134513863.0
2006-01-16,25041,25520,24611,24707,3769590,3470458.0,134513863.0
2006-01-17,24706,24898,22887,22983,4556182,3228333.0,134513863.0
2006-01-18,22695,22887,20684,21547,6051537,3026562.0,134513863.0
2006-01-19,21738,22025,21163,21164,3783731,2972756.0,134513863.0
2006-01-20,21211,21690,18817,18865,5723460,2649923.0,134513863.0
2006-01-23,18290,19296,17189,17716,6495970,2488506.0,134513863.0
2006-01-24,18242,19391,17524,19296,5317838,2710454.0,134513863.0
2006-01-25,19631,20588,19248,19727,5039858,2770986.0,134513863.0
2006-01-26,19870,20541,19344,20541,3200364,2885322.0,134513863.0
2006-01-27,21163,21498,20828,21451,2953814,3013111.0,134513863.0
2006-01-31,21355,21642,21067,21403,2028458,2961685.0,132513863.0
2006-02-01,20972,21163,19583,19727,3133562,2729786.0,132513863.0
2006-02-02,20205,20349,18817,19057,4540002,2637026.0,132513863.0
2006-02-03,18386,18530,17476,17525,4204235,2425004.0,132513863.0
2006-02-06,17428,18338,17380,18339,4337207,2537640.0,132513863.0
2006-02-07,18194,18386,17285,17477,3439493,2418378.0,132513863.0
2006-02-08,17333,17955,16423,16423,3925023,2272613.0,132513863.0
2006-02-09,16997,17333,16806,17094,3346518,2365372.0,132513863.0
2006-02-10,16854,18386,16710,18195,4678374,2517763.0,132513863.0
2006-02-13,18434,19152,18051,18530,5100216,2564143.0,132513863.0
2006-02-14,18338,18913,17955,18865,2757967,2610523.0,132513863.0
2006-02-15,19439,19487,17668,17668,3502789,2444881.0,132513863.0
2006-02-16,17907,19008,17620,18626,3196590,2577395.0,132513863.0
2006-02-17,18961,19344,18577,19344,2899974,2676780.0,132513863.0
2006-02-20,21067,22169,20636,21690,7749706,3001439.0,132513863.0
2006-02-21,21642,22169,21019,21930,4923489,3034567.0,132513863.0
2006-02-22,21642,22025,20876,21642,4471794,2994813.0,132513863.0
2006-02-23,21977,22264,21690,22025,3283591,3047819.0,132513863.0
2006-02-24,21786,22025,21259,21690,2395147,3001439.0,132513863.0
2006-02-27,21738,22791,21594,22600,3434602,3127327.0,132513863.0
2006-02-28,22743,22839,22216,22456,2231340,3107450.0,132513863.0
2006-03-02,22456,22600,21642,21642,2374723,2994813.0,132513863.0
2006-03-03,21450,21642,20301,20350,4434759,2815920.0,132513863.0
2006-03-06,20349,20828,20301,20685,2041170,2862299.0,132513863.0
2006-03-07,20205,20397,19631,19631,2422673,2716534.0,132513863.0
2006-03-08,19391,20349,19391,20302,3007404,2809294.0,132513863.0
2006-03-09,20445,21163,20349,20876,2695379,2888802.0,132513863.0
2006-03-10,20972,21307,20588,21164,2128404,2928556.0,132513863.0
2006-03-13,21498,21642,21115,21403,1570089,2961685.0,132513863.0
2006-03-14,21450,21498,20924,21355,1645537,2955059.0,132513863.0
2006-03-15,21738,21881,20876,20924,2185998,2895428.0,132513863.0
2006-03-16,21067,21307,20253,20350,1885441,2815920.0,132513863.0
2006-03-17,20349,20588,19966,20445,1572106,2829171.0,132513863.0
2006-03-20,20349,21259,20349,21211,1762460,2935182.0,132513863.0
2006-03-21,21355,21402,20684,20685,1583926,2862299.0,132513863.0
2006-03-22,20349,20493,19870,19919,1805233,2756288.0,132513863.0
2006-03-23,20301,20349,19296,19727,1453493,2729786.0,132513863.0
2006-03-24,19535,20158,19008,20110,2036143,2782791.0,132513863.0
2006-03-27,19918,20205,19775,20014,1343685,2769540.0,132513863.0
2006-03-28,19775,20158,19727,19775,1415246,2736411.0,132513863.0
2006-03-29,19391,20062,19296,19679,1692967,2723160.0,132513863.0
2006-03-30,19775,19870,19344,19344,1625218,2676780.0,132513863.0
2006-03-31,19344,20684,19200,20493,2429267,2835797.0,132513863.0
2006-04-03,20732,21833,20684,21642,2746027,2994813.0,132513863.0
2006-04-04,21690,22216,21211,21594,2409464,2988188.0,132513863.0
2006-04-05,21833,22169,21690,21738,2013728,3008065.0,132513863.0
2006-04-06,22025,22121,21450,21690,1592650,3001439.0,132513863.0
2006-04-07,21690,22408,21546,22217,1953185,3074322.0,132513863.0
2006-04-10,22025,22312,21881,22169,1162886,3067696.0,132513863.0
2006-04-11,22264,22408,21402,21690,2190028,3001439.0,132513863.0
2006-04-12,21402,22073,21355,21882,1345430,3027942.0,132513863.0
2006-04-13,22073,22839,21881,22839,2536305,3160456.0,132513863.0
2006-04-14,23078,23605,23030,23462,3539695,3246590.0,132513863.0
2006-04-17,23701,23701,22839,23222,1917784,3213461.0,132513863.0
2006-04-18,22983,23461,22791,23318,2007348,3226713.0,132513863.0
2006-04-19,23940,24227,23366,23414,3061893,3239964.0,132513863.0
2006-04-20,23509,23605,22408,22504,2595379,3114076.0,132513863.0
2006-04-21,22791,23270,22408,22887,2605994,3167081.0,132513863.0
2006-04-24,22647,22839,22025,22025,1930551,3047819.0,132513863.0
2006-04-25,21881,22408,21546,22025,1579950,3047819.0,132513863.0
2006-04-26,22025,22695,21738,22696,1820620,3140579.0,132513863.0
2006-04-27,22983,23318,22791,23270,1803227,3220087.0,132513863.0
2006-04-28,23078,23126,22025,22121,2252293,3061070.0,132513863.0
2006-05-02,22121,22264,21642,21930,1487749,3034567.0,132513863.0
2006-05-03,22312,22695,21690,21690,2005574,3001439.0,132513863.0
2006-05-04,21738,22695,21355,22696,2087272,3140579.0,132513863.0
2006-05-08,23126,23366,22743,22744,1885161,3147204.0,132513863.0
2006-05-09,22695,22839,22312,22313,1248322,3087573.0,132513863.0
2006-05-10,22312,22695,21786,22025,1625664,3047819.0,132513863.0
2006-05-11,21881,22647,21881,22600,1345019,3127327.0,132513863.0
2006-05-12,21977,22312,21690,22313,1999957,3087573.0,132513863.0
2006-05-15,21642,21690,20924,20972,3181446,2902054.0,132513863.0
2006-05-16,21163,21211,19439,19871,3156322,2749663.0,132513863.0
2006-05-17,20014,20158,19822,20062,1660041,2776165.0,132513863.0
2006-05-18,18865,19152,18482,18626,2981537,2577395.0,132513863.0
2006-05-19,18482,19344,18338,19344,2576568,2676780.0,132513863.0
2006-05-22,19344,19391,18530,18769,2026721,2597272.0,132513863.0
2006-05-23,18194,19344,18194,19344,2117164,2676780.0,132513863.0
2006-05-24,19200,19918,18961,19727,2519576,2729786.0,132513863.0
2006-05-25,19775,19822,19152,19248,1619189,2663529.0,132513863.0
2006-05-26,19727,19918,19535,19775,1608910,2736411.0,132513863.0
2006-05-29,20110,20301,19822,20206,1559081,2796043.0,132513863.0
2006-05-30,20110,20158,19104,19296,2019878,2670154.0,132513863.0
2006-06-01,18961,19104,18386,18386,1421170,2544266.0,132513863.0
2006-06-02,18865,18865,18194,18674,1449584,2584020.0,132513863.0
2006-06-05,18673,18769,18051,18482,1227455,2557518.0,132513863.0
2006-06-07,17763,17955,17380,17716,2232070,2451506.0,132513863.0
2006-06-08,17716,18194,17237,17429,2003174,2411752.0,132513863.0
2006-06-09,17859,17907,17285,17812,1738222,2464758.0,132513863.0
2006-06-12,17620,18051,17428,18003,1242906,2491261.0,132513863.0
2006-06-13,17476,17572,16806,17094,2254411,2365372.0,132513863.0
2006-06-14,16854,17763,16758,17572,2054021,2431629.0,132513863.0
2006-06-15,17763,17907,17237,17429,1450394,2411752.0,132513863.0
2006-06-16,18099,18434,17955,18243,1884030,2524389.0,132513863.0
2006-06-19,17955,18147,17716,18147,1177755,2511138.0,132513863.0
2006-06-20,17907,18051,17572,17812,887062,2464758.0,132513863.0
2006-06-21,17859,17955,17380,17716,831814,2451506.0,132513863.0
2006-06-22,18051,18051,17668,17716,1350003,2451506.0,132513863.0
2006-06-23,17524,17859,17285,17860,846809,2471384.0,132513863.0
2006-06-26,17716,18386,17620,18386,792265,2544266.0,132513863.0
2006-06-27,18386,18769,18147,18578,1458867,2570769.0,132513863.0
2006-06-28,18051,18386,18051,18339,530730,2537640.0,132513863.0
2006-06-29,18625,18961,18482,18722,1053657,2590646.0,132513863.0
2006-06-30,19344,19487,19008,19009,1555214,2630400.0,132513863.0
2006-07-03,19008,19248,18817,19153,882297,2650277.0,132513863.0
2006-07-04,19344,19344,18769,18817,820460,2603897.0,132513863.0
2006-07-05,18194,18673,18099,18626,970410,2577395.0,132513863.0
2006-07-06,18482,18530,18051,18291,937692,2531015.0,132513863.0
2006-07-07,18625,18625,18290,18386,822715,2544266.0,132513863.0
2006-07-10,18194,18673,18003,18530,668375,2564143.0,132513863.0
2006-07-11,18386,18625,18338,18578,827399,2570769.0,132513863.0
2006-07-12,18577,18817,18338,18386,945728,2544266.0,132513863.0
2006-07-13,18194,18386,18051,18386,841611,2544266.0,132513863.0
2006-07-14,18003,18147,17763,18003,830596,2491261.0,132513863.0
2006-07-18,17907,17955,16950,17237,1572110,2385250.0,132513863.0
2006-07-19,17237,17428,17141,17237,1205279,2385250.0,132513863.0
2006-07-20,17907,18003,17668,17764,1123041,2458132.0,132513863.0
2006-07-21,17380,17907,17285,17908,601101,2478009.0,132513863.0
2006-07-24,17668,18099,17476,17860,1227617,2471384.0,132513863.0
2006-07-25,18147,18386,17907,17956,1288927,2484635.0,132513863.0
2006-07-26,17955,18386,17955,18099,1394370,2504512.0,132513863.0
2006-07-27,18099,18673,18099,18386,2395481,2544266.0,132513863.0
2006-07-28,18338,18482,18194,18386,986922,2544266.0,132513863.0
2006-07-31,18721,18769,18242,18339,1147652,2537640.0,132513863.0
2006-08-01,18242,18338,17811,18003,1616358,2491261.0,132513863.0
2006-08-02,17811,18242,17763,18195,911656,2517763.0,132513863.0
2006-08-03,18290,18530,18003,18099,1286708,2504512.0,132513863.0
2006-08-04,18194,18961,18147,18626,2508390,2577395.0,132513863.0
2006-08-07,18673,18961,18386,18482,1069572,2557518.0,132513863.0
2006-08-08,18482,18817,18482,18722,928211,2590646.0,132513863.0
2006-08-09,18577,18961,18482,18817,916057,2603897.0,132513863.0
2006-08-10,18673,18817,18386,18674,962392,2584020.0,132513863.0
2006-08-11,18769,18961,18242,18339,935754,2537640.0,132513863.0
2006-08-14,18242,18482,18147,18339,551770,2537640.0,132513863.0
2006-08-16,18673,18865,18482,18530,991254,2564143.0,132513863.0
2006-08-17,18817,19296,18817,19105,2331179,2643652.0,132513863.0
2006-08-18,19152,19631,19056,19200,1702460,2656903.0,132513863.0
2006-08-21,19248,19391,19008,19153,687490,2650277.0,132513863.0
2006-08-22,19152,19870,19152,19583,1924261,2709908.0,132513863.0
2006-08-23,19679,20014,19535,19871,1500694,2749663.0,132513863.0
2006-08-24,19774,19918,19391,19440,941153,2690031.0,132513863.0
2006-08-25,19631,19822,19631,19727,876260,2729786.0,132513863.0
2006-08-28,19631,19774,19344,19440,677596,2690031.0,132513863.0
2006-08-29,19727,19870,19583,19631,1003277,2716534.0,132513863.0
2006-08-30,19870,20301,19822,19871,1411820,2749663.0,132513863.0
2006-08-31,20158,20541,20110,20110,2031410,2782791.0,132513863.0
2006-09-01,20301,20349,20062,20254,662388,2802668.0,132513863.0
2006-09-04,20588,20684,20062,20302,921876,2809294.0,132513863.0
2006-09-05,20253,20349,19631,19871,1296057,2749663.0,132513863.0
2006-09-06,20014,20014,19727,19775,733164,2736411.0,132513863.0
2006-09-07,19535,19775,19487,19631,579554,2716534.0,132513863.0
2006-09-08,19535,20062,19535,19919,859848,2756288.0,132513863.0
2006-09-11,20110,20110,19679,19727,566310,2729786.0,132513863.0
2006-09-12,19775,19966,19296,19392,951505,2683406.0,132513863.0
2006-09-13,19775,20014,19679,19775,927990,2736411.0,132513863.0
2006-09-14,19822,20014,19727,20014,1043208,2769540.0,132513863.0
2006-09-15,20110,20253,19822,20062,777182,2776165.0,132513863.0
2006-09-18,20110,20253,19870,20062,1332761,2776165.0,132513863.0
2006-09-19,20110,20253,19918,19919,576778,2756288.0,132513863.0
2006-09-20,19822,19822,19344,19488,1471501,2696657.0,132513863.0
2006-09-21,19679,19775,19248,19392,834011,2683406.0,132513863.0
2006-09-22,19152,19248,18817,19057,1666328,2637026.0,132513863.0
2006-09-25,19008,19248,18721,18961,937811,2623774.0,132513863.0
2006-09-26,19104,19248,18817,18913,912479,2617149.0,132513863.0
2006-09-27,19152,19296,19056,19057,1182032,2637026.0,132513863.0
2006-09-28,19200,19583,19152,19296,878058,2670154.0,132513863.0
2006-09-29,19535,19583,19296,19296,810168,2670154.0,132513863.0
2006-10-02,19152,19248,18913,19248,860117,2663529.0,132513863.0
2006-10-04,18961,19056,18769,18961,988766,2623774.0,132513863.0
2006-10-09,18721,18961,17476,18291,2725853,2531015.0,132513863.0
2006-10-10,18099,18434,18099,18386,1276651,2544266.0,132513863.0
2006-10-11,18386,18434,18099,18243,1129975,2524389.0,132513863.0
2006-10-12,18194,18386,18099,18147,934816,2511138.0,132513863.0
2006-10-13,18530,18530,18290,18291,921882,2531015.0,132513863.0
2006-10-16,18386,18482,18242,18386,750441,2544266.0,132513863.0
2006-10-17,18577,18577,17955,18195,1060194,2517763.0,132513863.0
2006-10-18,18051,18290,17811,18099,1177860,2504512.0,132513863.0
2006-10-19,18194,18434,18051,18147,1179044,2511138.0,132513863.0
2006-10-20,18290,18721,18194,18339,1738672,2537640.0,132513863.0
2006-10-23,18625,18865,18386,18482,1318213,2557518.0,132513863.0
2006-10-24,18721,18817,18338,18386,741429,2544266.0,132513863.0
2006-10-25,18482,18577,18338,18386,594792,2544266.0,132513863.0
2006-10-26,18482,18721,18290,18386,1706141,2544266.0,132513863.0
2006-10-27,18577,18817,18051,18291,2338205,2531015.0,132513863.0
2006-10-30,18194,18194,17859,18099,1101372,2504512.0,132513863.0
2006-10-31,18003,18338,17955,17956,1541679,2484635.0,132513863.0
2006-11-01,18290,18290,17955,18003,1562995,2491261.0,132513863.0
2006-11-02,17907,18386,17907,18147,1513335,2511138.0,132513863.0
2006-11-03,18194,18242,17763,18099,2081666,2504512.0,132513863.0
2006-11-06,18099,18099,17668,17812,1644118,2464758.0,132513863.0
2006-11-07,18003,18099,17716,17716,1279040,2451506.0,132513863.0
2006-11-08,17811,17859,17572,17668,853083,2444881.0,132513863.0
2006-11-09,17668,17859,17620,17716,1187505,2451506.0,132513863.0
2006-11-10,17716,18194,17668,18003,3295990,2491261.0,132513863.0
2006-11-13,18194,18386,18003,18051,2187473,2497886.0,132513863.0
2006-11-14,18242,18865,18147,18769,4062038,2597272.0,132513863.0
2006-11-15,19056,19296,19008,19153,2411369,2650277.0,132513863.0
2006-11-16,19152,19248,18961,19057,1286568,2637026.0,132513863.0
2006-11-17,19152,19296,18961,18961,922713,2623774.0,132513863.0
2006-11-20,18913,18961,18338,18482,2259987,2557518.0,132513863.0
2006-11-21,18482,18625,18338,18482,1011505,2557518.0,132513863.0
2006-11-22,18577,19104,18482,19009,1561075,2630400.0,132513863.0
2006-11-23,18913,19344,18817,19057,1212757,2637026.0,132513863.0
2006-11-24,19008,19152,18817,19105,1391025,2643652.0,132513863.0
2006-11-27,19104,19248,18913,19009,937671,2630400.0,132513863.0
2006-11-28,18673,18913,18577,18817,936421,2603897.0,132513863.0
2006-11-29,18913,19391,18913,19248,1915557,2663529.0,132513863.0
2006-11-30,19535,20014,19391,19823,2210735,2743037.0,132513863.0
2006-12-01,20014,20397,19727,20206,2214957,2796043.0,132513863.0
2006-12-04,20014,20301,19775,19967,1058586,2762914.0,132513863.0
2006-12-05,20205,20205,19631,19727,1180687,2729786.0,132513863.0
2006-12-06,19774,19822,18961,19488,1390900,2696657.0,132513863.0
2006-12-07,19487,19727,19344,19392,792134,2683406.0,132513863.0
2006-12-08,19200,19296,18865,19105,1033089,2643652.0,132513863.0
2006-12-11,19104,19248,18961,19009,736516,2630400.0,132513863.0
2006-12-12,19008,19104,18434,18626,1074741,2577395.0,132513863.0
2006-12-13,18577,19104,18482,18913,932231,2617149.0,132513863.0
2006-12-14,18961,19344,18865,19344,1016326,2676780.0,132513863.0
2006-12-15,19487,19727,19296,19488,887641,2696657.0,132513863.0
2006-12-18,19679,19822,19535,19536,777421,2703283.0,132513863.0
2006-12-19,19535,19583,19056,19248,1453404,2663529.0,132513863.0
2006-12-20,19248,19583,19248,19440,1258500,2690031.0,132513863.0
2006-12-21,19439,19535,18913,19153,1352219,2650277.0,132513863.0
2006-12-22,19104,19104,18721,18865,1032038,2610523.0,132513863.0
2006-12-26,18817,18865,18338,18769,1659033,2597272.0,132513863.0
2006-12-27,18913,19200,18817,19057,796755,2637026.0,132513863.0
2006-12-28,19152,19439,19152,19153,1059431,2650277.0,132513863.0
2007-01-02,19248,19344,18913,19057,997774,2637026.0,132513863.0
2007-01-03,19200,19200,18673,18769,1448791,2597272.0,132513863.0
2007-01-04,18769,18769,18338,18530,1227093,2564143.0,132513863.0
2007-01-05,18577,18721,18147,18386,957098,2544266.0,132513863.0
2007-01-08,18242,18338,17859,18099,1236997,2504512.0,132513863.0
2007-01-09,18147,18242,17907,17956,1018316,2484635.0,132513863.0
2007-01-10,17907,18099,17620,17956,1377610,2484635.0,132513863.0
2007-01-11,18099,18194,18003,18003,621780,2491261.0,132513863.0
2007-01-12,18242,18434,18099,18147,880329,2511138.0,132513863.0
2007-01-15,18386,18386,17955,18003,779158,2491261.0,132513863.0
2007-01-16,18051,18099,17763,17860,1026640,2471384.0,132513863.0
2007-01-17,17811,17859,17620,17716,578625,2451506.0,132513863.0
2007-01-18,17716,18003,17620,17860,830399,2471384.0,132513863.0
2007-01-19,17668,17763,17093,17429,1929838,2411752.0,132513863.0
2007-01-22,17333,17476,17093,17237,1160837,2385250.0,132513863.0
2007-01-23,17045,17237,16806,16998,1046235,2352121.0,132513863.0
2007-01-24,17141,17524,17093,17381,1172411,2405127.0,132513863.0
2007-01-25,17716,17907,17476,17477,857970,2418378.0,132513863.0
2007-01-26,17237,17380,17045,17189,762279,2378624.0,132513863.0
2007-01-29,17333,17428,17093,17333,526286,2398501.0,132513863.0
2007-01-30,17237,17333,16997,17237,504003,2385250.0,132513863.0
2007-01-31,17285,17380,16758,16854,807260,2332244.0,132513863.0
2007-02-01,16950,17189,16758,17094,911356,2365372.0,132513863.0
2007-02-02,17189,17955,17141,17668,1524203,2444881.0,132513863.0
2007-02-05,17859,18099,17668,17908,1056258,2478009.0,132513863.0
2007-02-06,17907,18242,17811,18195,1187785,2517763.0,132513863.0
2007-02-07,18194,18290,17955,18195,600530,2517763.0,132513863.0
2007-02-08,18099,18194,17811,18099,667570,2504512.0,132513863.0
2007-02-09,17955,18386,17955,18147,747683,2511138.0,132513863.0
2007-02-12,17907,17955,17716,17860,480488,2471384.0,132513863.0
2007-02-13,17763,18242,17763,17908,532742,2478009.0,132513863.0
2007-02-14,18194,18338,18003,18003,1307521,2491261.0,132513863.0
2007-02-15,18386,18769,18338,18578,2222675,2570769.0,132513863.0
2007-02-16,18769,19056,18673,18817,1951930,2603897.0,132513863.0
2007-02-20,19152,19487,18913,19440,2613253,2690031.0,132513863.0
2007-02-21,19583,19583,19200,19440,1595314,2690031.0,132513863.0
2007-02-22,19439,20110,19391,19871,2825305,2749663.0,132513863.0
2007-02-23,19870,21115,19727,20637,5119295,2855674.0,132513863.0
2007-02-26,20780,21259,20636,21164,3264427,2928556.0,132513863.0
2007-02-27,21115,21259,20397,20541,2608557,2842422.0,132513863.0
2007-02-28,19296,20110,19248,20110,2497373,2782791.0,132513863.0
2007-03-02,19822,20301,19822,20014,1085169,2769540.0,132513863.0
2007-03-05,19822,19870,19296,19344,1197890,2676780.0,132513863.0
2007-03-06,19583,19918,19487,19679,857462,2723160.0,132513863.0
2007-03-07,19966,20014,19583,19775,658590,2736411.0,132513863.0
2007-03-08,19727,20493,19631,20206,1458185,2796043.0,132513863.0
2007-03-09,20253,20349,19775,19871,807526,2749663.0,132513863.0
2007-03-12,20062,20158,19870,20014,624690,2769540.0,132513863.0
2007-03-13,20062,20158,19679,19727,787604,2729786.0,132513863.0
2007-03-14,19296,19344,18817,19057,1639909,2637026.0,132513863.0
2007-03-15,19344,19344,19008,19057,829548,2637026.0,132513863.0
2007-03-16,19104,19296,18769,19009,897443,2630400.0,132513863.0
2007-03-19,19056,19487,18961,19248,1119394,2663529.0,132513863.0
2007-03-20,19535,19631,19248,19296,1074948,2670154.0,132513863.0
2007-03-21,19439,19583,19296,19392,676372,2683406.0,132513863.0
2007-03-22,19727,19918,19583,19631,1226768,2716534.0,132513863.0
2007-03-23,19775,19775,19439,19631,624650,2716534.0,132513863.0
2007-03-26,19822,20014,19727,19727,623854,2729786.0,132513863.0
2007-03-27,19727,20110,19583,19919,1365734,2756288.0,132513863.0
2007-03-28,19966,20014,19535,19727,1101003,2729786.0,132513863.0
2007-03-29,19344,19439,19056,19248,1103756,2663529.0,132513863.0
2007-03-30,19391,19391,18721,18913,1329835,2617149.0,132513863.0
2007-04-02,18961,19056,18817,18961,942333,2623774.0,132513863.0
2007-04-03,18913,18961,18482,18674,1547740,2584020.0,132513863.0
2007-04-04,19056,19631,19056,19296,2570846,2670154.0,132513863.0
2007-04-05,19487,19822,19439,19488,1200322,2696657.0,132513863.0
2007-04-06,19631,19631,19008,19153,1230614,2650277.0,132513863.0
2007-04-09,19248,19296,18961,19153,1213550,2650277.0,132513863.0
2007-04-10,19296,19727,19104,19248,1430105,2663529.0,132513863.0
2007-04-11,19487,19966,19344,19631,2278386,2716534.0,132513863.0
2007-04-12,19631,19870,19583,19775,960633,2736411.0,132513863.0
2007-04-13,19822,20636,19775,20350,2767808,2815920.0,132513863.0
2007-04-16,20780,21259,20732,21020,2651859,2908679.0,132513863.0
2007-04-17,21211,21259,20684,20876,1478218,2888802.0,132513863.0
2007-04-18,20972,21019,20684,20781,713032,2875551.0,132513863.0
2007-04-19,20924,20972,19966,20062,1490581,2776165.0,132513863.0
2007-04-20,20158,20397,20158,20397,835666,2822545.0,132513863.0
2007-04-23,20780,21163,20541,20637,1590797,2855674.0,132513863.0
2007-04-24,20636,21067,20397,21068,1318561,2915305.0,132513863.0
2007-04-25,21067,22456,20732,21738,3661146,3008065.0,132513863.0
2007-04-26,22312,22408,21642,21738,1555956,3008065.0,132513863.0
2007-04-27,21786,22216,21307,21355,1142567,2955059.0,132513863.0
2007-04-30,21355,21355,20636,20828,1099253,2882177.0,132513863.0
2007-05-02,21067,21450,21067,21403,837736,2961685.0,132513863.0
2007-05-03,21738,21881,21642,21738,921529,3008065.0,132513863.0
2007-05-04,21977,22264,21642,21930,1457812,3034567.0,132513863.0
2007-05-07,22169,22360,21786,22169,1057282,3067696.0,132513863.0
2007-05-08,22073,22073,21498,21547,930141,2981562.0,132513863.0
2007-05-09,21402,21690,21115,21547,935499,2981562.0,132513863.0
2007-05-10,21690,21738,21450,21451,1063293,2968311.0,132513863.0
2007-05-11,20972,21019,20541,20972,1316348,2902054.0,132513863.0
2007-05-14,21211,21929,21211,21547,1330674,2981562.0,132513863.0
2007-05-15,21594,21690,20732,20781,859718,2875551.0,132513863.0
2007-05-16,20924,21163,20780,21068,696176,2915305.0,132513863.0
2007-05-17,21450,21833,21355,21451,1042361,2968311.0,132513863.0
2007-05-18,21450,21642,21115,21594,480918,2988188.0,132513863.0
2007-05-21,21307,22025,21115,21978,984037,3041193.0,132513863.0
2007-05-22,22264,22983,21833,22935,2700473,3173707.0,132513863.0
2007-05-23,23174,23270,22600,23270,2181140,3220087.0,132513863.0
2007-05-25,22600,23126,22408,22744,941746,3147204.0,132513863.0
2007-05-28,23078,23844,23078,23653,1775363,3273092.0,132513863.0
2007-05-29,23940,24611,23557,23893,2812299,3306221.0,132513863.0
2007-05-30,24036,25377,23557,25233,3889249,3491740.0,132513863.0
2007-05-31,25281,25664,24611,24659,4186762,3412232.0,132513863.0
2007-06-01,25185,27531,24994,25952,6043710,3591126.0,132513863.0
2007-06-04,26957,27340,25664,26861,3279378,3717014.0,132513863.0
2007-06-05,26622,26909,25760,26287,2584099,3637506.0,132513863.0
2007-06-07,25568,27340,25520,27292,2243462,3776645.0,132513863.0
2007-06-08,26622,27483,26238,26526,2226887,3670634.0,132513863.0
2007-06-11,26957,27388,25472,25569,2327202,3538120.0,132513863.0
2007-06-12,25472,26957,25377,26957,3199840,3730265.0,132513863.0
2007-06-13,26813,28585,26622,27436,5286941,3796522.0,132513863.0
2007-06-14,28585,29542,27914,29351,4904775,4061550.0,132513863.0
2007-06-15,29734,32272,29111,31075,5367196,4300075.0,132513863.0
2007-06-18,31984,33947,31936,33613,8126845,4651237.0,132513863.0
2007-06-19,33325,33900,31505,32033,6152242,4432589.0,132513863.0
2007-06-20,31122,31314,28010,29112,5992305,4028421.0,132513863.0
2007-06-21,28633,29830,28537,28920,4248717,4001919.0,132513863.0
2007-06-22,28872,29351,27340,27963,3433960,3869405.0,132513863.0
2007-06-25,27244,28058,27005,27628,3322421,3823025.0,132513863.0
2007-06-26,27962,28680,27483,28154,2471955,3895908.0,132513863.0
2007-06-27,27771,28202,26526,26670,2264867,3690511.0,132513863.0
2007-06-28,27244,27675,26191,27292,1639806,3776645.0,132513863.0
2007-06-29,27292,28345,27100,27101,2144451,3750142.0,132513863.0
2007-07-02,27483,29255,27340,29064,2825360,4021796.0,132513863.0
2007-07-03,30021,30213,28824,29399,3595410,4068176.0,132513863.0
2007-07-04,30021,30308,29016,29974,2945312,4147684.0,132513863.0
2007-07-05,29973,30691,28728,29112,2838098,4028421.0,132513863.0
2007-07-06,29399,29973,28680,29495,1831995,4081427.0,132513863.0
2007-07-09,30117,30739,29016,29543,1960428,4088053.0,132513863.0
2007-07-10,29782,30356,29255,30022,2187498,4154310.0,132513863.0
2007-07-11,29303,29734,29159,29399,1762419,4068176.0,132513863.0
2007-07-12,29542,30069,29016,29974,2121144,4147684.0,132513863.0
2007-07-13,31027,31074,30261,30596,2082730,4233818.0,132513863.0
2007-07-16,30404,30835,29782,29974,1825678,4147684.0,132513863.0
2007-07-18,30356,31122,29830,30309,2502976,4194064.0,132513863.0
2007-07-19,30787,31218,30308,30740,1809554,4253695.0,132513863.0
2007-07-20,31170,31888,30979,31458,2393661,4353080.0,132513863.0
2007-07-23,31218,32894,30883,32655,3584741,4518723.0,132513863.0
2007-07-24,33038,33038,30835,31602,2686706,4372957.0,132513863.0
2007-07-25,30644,32128,30548,31697,3014018,4386209.0,132513863.0
2007-07-26,31984,32607,30500,30500,2959420,4220567.0,132513863.0
2007-07-27,29399,29830,28010,28489,3192407,3942287.0,132513863.0
2007-07-30,28106,29063,27914,28729,2111990,3975416.0,132513863.0
2007-07-31,28920,29447,28633,29208,1383698,4041673.0,132513863.0
2007-08-01,28585,29016,27579,27771,1473838,3842902.0,132513863.0
2007-08-02,28393,28776,26813,27723,1556069,3836276.0,132513863.0
2007-08-03,28250,29063,28154,28442,1965532,3935662.0,132513863.0
2007-08-06,27579,27962,27436,27771,1181914,3842902.0,132513863.0
2007-08-07,28585,28920,27483,27771,1938534,3842902.0,132513863.0
2007-08-08,28202,28393,28010,28202,1435322,3902533.0,132513863.0
2007-08-09,28585,28680,27531,28058,1710112,3882656.0,132513863.0
2007-08-10,27100,27196,25760,26000,1843364,3597751.0,132513863.0
2007-08-13,26095,26238,25137,25569,2104025,3538120.0,132513863.0
2007-08-14,25472,25712,24323,24659,1973490,3412232.0,132513863.0
2007-08-16,23222,23701,21019,21499,3602124,2974936.0,132513863.0
2007-08-17,22025,23030,21450,21786,3088116,3014690.0,132513863.0
2007-08-20,23461,25041,23126,25042,3126465,3465238.0,132513863.0
2007-08-21,24994,25712,24323,24467,2088683,3385729.0,132513863.0
2007-08-22,24754,25903,24227,25569,1599249,3538120.0,132513863.0
2007-08-23,26334,26526,25377,25377,1550185,3511617.0,132513863.0
2007-08-24,25185,25233,24323,24611,1524772,3405606.0,132513863.0
2007-08-27,25377,25520,23940,24180,1660358,3345975.0,132513863.0
2007-08-28,24036,24706,23749,24372,1636973,3372478.0,132513863.0
2007-08-29,23078,23988,23030,23941,1582206,3312847.0,132513863.0
2007-08-30,24754,24994,24419,24419,1257045,3379104.0,132513863.0
2007-08-31,24467,25233,24227,25233,1546256,3491740.0,132513863.0
2007-09-03,25425,25760,25089,25090,917882,3471863.0,132513863.0
2007-09-04,25424,25568,24850,24946,1349653,3451986.0,132513863.0
2007-09-05,25329,25520,24850,24850,920264,3438735.0,132513863.0
2007-09-06,24611,24994,24036,24515,2178904,3392355.0,132513863.0
2007-09-07,24323,24371,23318,23366,3538733,3233338.0,132513863.0
2007-09-10,22552,22599,22216,22504,1594431,3114076.0,132513863.0
2007-09-11,22647,22647,21929,22552,1436903,3120701.0,132513863.0
2007-09-12,22743,22887,21594,21594,1511142,2988188.0,132513863.0
2007-09-13,21594,22073,20876,22025,1739312,3047819.0,132513863.0
2007-09-14,22360,23461,22264,23414,1985645,3239964.0,132513863.0
2007-09-17,23461,23605,22935,23318,704156,3226713.0,132513863.0
2007-09-18,23222,23222,22647,22744,648218,3147204.0,132513863.0
2007-09-19,24227,25999,24180,25569,3996156,3538120.0,132513863.0
2007-09-20,25185,25568,24706,25281,2214605,3498366.0,132513863.0
2007-09-21,25281,25999,24898,25664,1477301,3551372.0,132513863.0
2007-09-27,26238,26622,24802,24994,1626711,3458612.0,132513863.0
2007-09-28,25329,25520,24419,24803,1198960,3432109.0,132513863.0
2007-10-01,24994,26478,24946,26431,1537998,3657383.0,132513863.0
2007-10-02,27340,27962,26909,27628,2372721,3823025.0,132513863.0
2007-10-04,27244,28824,27148,28394,2398739,3929036.0,132513863.0
2007-10-05,28441,29542,28058,28346,2058326,3922410.0,132513863.0
2007-10-08,28968,29734,28537,28825,2864357,3988667.0,132513863.0
2007-10-09,28728,28824,26717,26909,2856123,3723640.0,132513863.0
2007-10-10,27627,28058,26478,27005,1707938,3736891.0,132513863.0
2007-10-11,26669,27100,25951,26431,1814320,3657383.0,132513863.0
2007-10-12,26143,26238,24802,25090,1929872,3471863.0,132513863.0
2007-10-15,25664,26526,24850,26526,1876563,3670634.0,132513863.0
2007-10-16,26047,27148,25472,25856,1808156,3577874.0,132513863.0
2007-10-17,25616,25664,24563,25090,1549029,3471863.0,132513863.0
2007-10-18,24898,25377,24323,24946,1491817,3451986.0,132513863.0
2007-10-19,24658,24802,23892,24467,1546667,3385729.0,132513863.0
2007-10-22,22983,23461,22887,22983,2410590,3180333.0,132513863.0
2007-10-23,23557,23605,22839,23079,1599941,3193584.0,132513863.0
2007-10-24,23413,25185,23270,23701,2643990,3279718.0,132513863.0
2007-10-25,24611,24706,23078,23462,1804759,3246590.0,132513863.0
2007-10-26,23605,25281,23174,25281,2151341,3498366.0,132513863.0
2007-10-29,26095,27196,25712,27101,3555010,3750142.0,132513863.0
2007-10-30,27100,27196,25760,26095,2167138,3611003.0,132513863.0
2007-10-31,26095,26574,25808,26143,1536513,3617628.0,132513863.0
2007-11-01,26861,26909,25520,25521,1616716,3531494.0,132513863.0
2007-11-02,24515,24898,23940,24228,1886316,3352601.0,132513863.0
2007-11-05,24323,25089,23988,23989,1179269,3319472.0,132513863.0
2007-11-06,24084,25137,23988,25138,1468395,3478489.0,132513863.0
2007-11-07,25425,25903,25041,25760,2280671,3564623.0,132513863.0
2007-11-08,25041,25233,23988,24132,2461982,3339349.0,132513863.0
2007-11-09,24275,24515,23461,24228,1629891,3352601.0,132513863.0
2007-11-12,23461,23605,22600,22983,1620147,3180333.0,132513863.0
2007-11-13,23126,23318,22600,23031,1597818,3186958.0,132513863.0
2007-11-14,23749,23940,22935,23222,1533979,3213461.0,132513863.0
2007-11-15,23126,23509,23078,23366,1338316,3233338.0,132513863.0
2007-11-16,23174,23222,22600,22887,1068983,3167081.0,132513863.0
2007-11-19,23126,23797,22983,22983,1090741,3180333.0,132513863.0
2007-11-20,22456,23366,22408,23366,1622702,3233338.0,132513863.0
2007-11-21,23318,23366,22216,22313,1238917,3087573.0,132513863.0
2007-11-22,21977,22647,21929,22504,968683,3114076.0,132513863.0
2007-11-23,22599,22791,21929,22504,1231357,3114076.0,132513863.0
2007-11-26,22839,23318,22695,23031,1103677,3186958.0,132513863.0
2007-11-27,22600,22935,22264,22887,1174920,3167081.0,132513863.0
2007-11-28,23366,24036,22504,22648,1808233,3133953.0,132513863.0
2007-11-29,23366,23557,22839,22935,1059859,3173707.0,132513863.0
2007-11-30,23174,23557,22983,22983,1031987,3180333.0,132513863.0
2007-12-03,23078,23174,22504,22696,693931,3140579.0,132513863.0
2007-12-04,22647,22887,22408,22696,897148,3140579.0,132513863.0
2007-12-05,22695,22839,22312,22696,830514,3140579.0,132513863.0
2007-12-06,23126,23749,23030,23558,1614008,3259841.0,132513863.0
2007-12-07,23940,24084,23366,23414,978696,3239964.0,132513863.0
2007-12-10,23557,23892,22743,22935,1091689,3173707.0,132513863.0
2007-12-11,23174,23318,22695,22935,933832,3173707.0,132513863.0
2007-12-12,22504,22839,22360,22792,719619,3153830.0,132513863.0
2007-12-13,22695,23222,22600,22744,842364,3147204.0,132513863.0
2007-12-14,22935,23318,22695,22792,860446,3153830.0,132513863.0
2007-12-17,22647,22935,22025,22121,757565,3061070.0,132513863.0
2007-12-18,21738,22743,21738,22456,764200,3107450.0,132513863.0
2007-12-20,22743,23701,22552,22887,1551078,3167081.0,132513863.0
2007-12-21,23270,24275,22935,23989,2288481,3319472.0,132513863.0
2007-12-24,24419,25137,24371,25090,1743727,3471863.0,132513863.0
2007-12-26,24898,25137,24467,24803,874065,3432109.0,132513863.0
2007-12-27,25185,25903,24898,25233,1330484,3491740.0,132513863.0
2007-12-28,24994,25855,24994,25233,1125444,3491740.0,132513863.0
2008-01-02,25329,25855,25041,25329,1393161,3504992.0,132513863.0
2008-01-03,24994,25664,24754,25521,1611486,3531494.0,132513863.0
2008-01-04,25712,26717,25425,25952,2589072,3591126.0,132513863.0
2008-01-07,25233,26095,25089,25952,1986278,3591126.0,132513863.0
2008-01-08,26143,26238,24611,24659,1533759,3412232.0,132513863.0
2008-01-09,24275,25568,23701,25090,1668090,3471863.0,132513863.0
2008-01-10,25281,25760,24563,24659,1894779,3412232.0,132513863.0
2008-01-11,25041,25425,23653,23893,1125525,3306221.0,132513863.0
2008-01-14,23892,24132,23174,23414,1101988,3239964.0,132513863.0
2008-01-15,23605,23701,22504,22887,1028007,3167081.0,132513863.0
2008-01-16,22408,23126,22312,22552,1224821,3120701.0,132513863.0
2008-01-17,22887,23126,22073,22935,1103084,3173707.0,132513863.0
2008-01-18,22504,24515,22408,24084,1438091,3332724.0,132513863.0
2008-01-21,23940,24036,22983,23175,1700828,3206835.0,132513863.0
2008-01-22,22408,22695,21211,22073,1774826,3054445.0,132513863.0
2008-01-23,22935,23030,21355,21834,1558248,3021316.0,132513863.0
2008-01-24,22504,22599,22121,22313,1133882,3087573.0,132513863.0
2008-01-25,22552,22599,21498,22313,1588946,3087573.0,132513863.0
2008-01-28,21881,22073,21402,21642,676714,2994813.0,132513863.0
2008-01-29,22073,22169,21211,21307,1051108,2948433.0,132513863.0
2008-01-30,21402,21546,19104,19631,3209284,2716534.0,132513863.0
2008-01-31,19631,19870,19248,19679,1604118,2723160.0,132513863.0
2008-02-01,19918,20205,19631,19679,1331820,2723160.0,132513863.0
2008-02-04,19870,20732,19775,20302,2769987,2809294.0,132513863.0
2008-02-05,20253,20349,19775,19967,2110166,2762914.0,132513863.0
2008-02-11,19296,19439,18769,18913,1463342,2617149.0,132513863.0
2008-02-12,19056,19152,18913,19105,749793,2643652.0,132513863.0
2008-02-13,19344,19391,18865,18865,736967,2610523.0,132513863.0
2008-02-14,19200,19822,19056,19775,1160095,2736411.0,132513863.0
2008-02-15,19391,20349,19248,20062,1048586,2776165.0,132513863.0
2008-02-18,20397,20588,20110,20110,1001998,2782791.0,132513863.0
2008-02-19,20541,20732,20301,20493,1674778,2835797.0,132513863.0
2008-02-20,20301,20349,19727,19919,851872,2756288.0,132513863.0
2008-02-21,20253,20301,19583,19823,1291153,2743037.0,132513863.0
2008-02-22,19487,19487,19152,19296,1276415,2670154.0,132513863.0
2008-02-25,19535,19727,19296,19392,847876,2683406.0,132513863.0
2008-02-26,19727,20062,19535,19536,1158238,2703283.0,132513863.0
2008-02-27,19966,20445,19727,20302,1223787,2809294.0,132513863.0
2008-02-28,20301,21211,20014,21068,2011043,2915305.0,132513863.0
2008-02-29,20876,21211,20732,20924,813475,2895428.0,132513863.0
2008-03-03,20397,20397,20014,20254,570810,2802668.0,132513863.0
2008-03-04,20445,20445,20014,20110,430196,2782791.0,132513863.0
2008-03-05,20301,20349,19487,19823,941795,2743037.0,132513863.0
2008-03-06,19918,20397,19631,20014,782760,2769540.0,132513863.0
2008-03-07,19535,19870,19344,19631,846716,2716534.0,132513863.0
2008-03-10,19200,19583,19008,19248,928101,2663529.0,132513863.0
2008-03-11,19200,19870,19056,19775,1022049,2736411.0,132513863.0
2008-03-12,20588,20588,20062,20110,954385,2782791.0,132513863.0
2008-03-13,20301,20349,19583,19583,863548,2709908.0,132513863.0
2008-03-14,19966,20014,18625,19105,1309880,2643652.0,132513863.0
2008-03-17,18721,18961,17859,18530,1455590,2564143.0,132513863.0
2008-03-18,18530,18817,18386,18722,595650,2590646.0,132513863.0
2008-03-19,19344,19487,19008,19009,506873,2630400.0,132513863.0
2008-03-20,18721,19296,18721,19105,603797,2643652.0,132513863.0
2008-03-21,19631,20301,19583,20158,1235066,2789417.0,132513863.0
2008-03-24,20349,20924,20110,20781,1387824,2875551.0,132513863.0
2008-03-25,20972,21067,20493,20924,890666,2895428.0,132513863.0
2008-03-26,20828,21067,20684,20972,584037,2902054.0,132513863.0
2008-03-27,20828,20972,20684,20733,790676,2868925.0,132513863.0
2008-03-28,20014,20541,19775,20302,1804714,2809294.0,132513863.0
2008-03-31,20301,20397,19679,20110,1032027,2782791.0,132513863.0
2008-04-01,20349,21163,20014,20876,2293508,2888802.0,132513863.0
2008-04-02,21546,21929,21355,21547,1939855,2981562.0,132513863.0
2008-04-03,21402,21977,21259,21978,1572046,3041193.0,132513863.0
2008-04-04,21642,22504,21355,21930,1898778,3034567.0,132513863.0
2008-04-07,22025,22073,21402,21403,1121875,2961685.0,132513863.0
2008-04-08,21211,21259,20301,20350,1599618,2815920.0,132513863.0
2008-04-10,20158,20636,19918,20445,1466465,2829171.0,132513863.0
2008-04-11,20445,20684,20110,20493,1468968,2835797.0,132513863.0
2008-04-14,20014,20158,19631,19919,1292138,2756288.0,132513863.0
2008-04-15,20062,21067,20014,20637,1622277,2855674.0,132513863.0
2008-04-16,21211,21259,20828,20876,1025897,2888802.0,132513863.0
2008-04-17,21163,21307,20828,20876,971948,2888802.0,132513863.0
2008-04-18,21163,21163,20397,20637,812564,2855674.0,132513863.0
2008-04-21,21019,21546,20876,21403,1164082,2961685.0,132513863.0
2008-04-22,21355,21690,21115,21211,926365,2935182.0,132513863.0
2008-04-23,21259,21498,21115,21164,791029,2928556.0,132513863.0
2008-04-24,21211,21881,20780,21164,1308573,2928556.0,132513863.0
2008-04-25,21450,21786,21402,21738,1099265,3008065.0,132513863.0
2008-04-28,21929,22216,21163,21259,1702873,2941808.0,132513863.0
2008-04-29,21355,21355,20541,20876,1507095,2888802.0,132513863.0
2008-04-30,20876,20972,20541,20685,1557046,2862299.0,132513863.0
2008-05-02,21115,21163,20876,21068,1329551,2915305.0,132513863.0
2008-05-06,21307,21498,21115,21499,990463,2974936.0,132513863.0
2008-05-07,21642,21977,21355,21355,1362204,2955059.0,132513863.0
2008-05-08,21259,22025,21259,21978,1234069,3041193.0,132513863.0
2008-05-09,22121,22169,21594,21882,1005781,3027942.0,132513863.0
2008-05-13,22025,22073,21307,21930,814784,3034567.0,132513863.0
2008-05-14,21738,21833,20636,20876,1311270,2888802.0,132513863.0
2008-05-15,20924,21259,20493,21068,1291943,2915305.0,132513863.0
2008-05-16,21450,21786,21355,21355,1007591,2955059.0,132513863.0
2008-05-19,21786,22408,21738,22408,2279170,3100824.0,132513863.0
2008-05-20,22456,22552,21929,22456,912387,3107450.0,132513863.0
2008-05-21,21881,22121,21307,21834,1058070,3021316.0,132513863.0
2008-05-22,21259,21355,20780,20972,1132166,2902054.0,132513863.0
2008-05-23,21163,21738,20828,21594,926975,2988188.0,132513863.0
2008-05-26,21355,21546,20972,21307,663698,2948433.0,132513863.0
2008-05-27,21211,21498,20828,21068,518095,2915305.0,132513863.0
2008-05-28,21259,21259,20301,20733,997748,2868925.0,132513863.0
2008-05-29,20588,20924,20397,20589,783498,2849048.0,132513863.0
2008-05-30,20780,21115,20636,20924,1610750,2895428.0,132513863.0
2008-06-02,20924,21259,20541,20876,626939,2888802.0,132513863.0
2008-06-03,20684,20732,19966,20397,1877478,2822545.0,132513863.0
2008-06-04,20349,20397,19966,20254,863328,2802668.0,132513863.0
2008-06-05,20158,20397,19775,19967,1097936,2762914.0,132513863.0
2008-06-09,19296,19775,19296,19775,849354,2736411.0,132513863.0
2008-06-10,19822,20062,19296,19440,647858,2690031.0,132513863.0
2008-06-11,19631,19679,19200,19392,1490321,2683406.0,132513863.0
2008-06-12,19056,19535,19056,19153,807236,2650277.0,132513863.0
2008-06-13,19296,19775,19104,19583,561141,2709908.0,132513863.0
2008-06-16,19822,19822,19344,19583,486259,2709908.0,132513863.0
2008-06-17,19679,19727,19248,19344,305457,2676780.0,132513863.0
2008-06-18,19248,19583,19200,19440,365123,2690031.0,132513863.0
2008-06-19,19248,19344,19008,19344,586984,2676780.0,132513863.0
2008-06-20,19535,19631,19104,19583,765481,2709908.0,132513863.0
2008-06-23,19200,19344,19056,19153,551330,2650277.0,132513863.0
2008-06-24,19104,19104,18625,18913,626219,2617149.0,132513863.0
2008-06-25,18769,19104,18673,19009,681305,2630400.0,132513863.0
2008-06-26,19008,19296,18865,18865,619625,2610523.0,132513863.0
2008-06-27,18242,18530,18242,18482,765486,2557518.0,132513863.0
2008-06-30,18338,18769,17859,18195,968512,2517763.0,132513863.0
2008-07-01,18338,18625,17763,18243,621839,2524389.0,132513863.0
2008-07-02,18338,18338,17763,17860,743637,2471384.0,132513863.0
2008-07-03,17572,18386,17380,18291,1097720,2531015.0,132513863.0
2008-07-04,18099,18242,17524,17812,596133,2464758.0,132513863.0
2008-07-07,17476,17811,17380,17668,501591,2444881.0,132513863.0
2008-07-08,17524,17668,16902,17237,857014,2385250.0,132513863.0
2008-07-09,17668,17859,17476,17477,730413,2418378.0,132513863.0
2008-07-10,17237,18003,17189,18003,1067583,2491261.0,132513863.0
2008-07-11,17811,18769,17620,18434,1264125,2550892.0,132513863.0
2008-07-14,18147,18913,18003,18434,960803,2550892.0,132513863.0
2008-07-15,18194,18482,17476,17716,892849,2451506.0,132513863.0
2008-07-16,17716,18099,17476,17525,663630,2425004.0,132513863.0
2008-07-17,18051,18625,17811,18099,1145302,2504512.0,132513863.0
2008-07-18,18386,18625,18003,18434,895680,2550892.0,132513863.0
2008-07-21,18434,19822,18434,19536,1677280,2703283.0,132513863.0
2008-07-22,19344,20110,19200,19583,805895,2709908.0,132513863.0
2008-07-23,20110,20541,20062,20254,1130578,2802668.0,132513863.0
2008-07-24,20253,20349,19727,20350,661332,2815920.0,132513863.0
2008-07-25,19822,20014,19152,19344,989772,2676780.0,132513863.0
2008-07-28,19439,19535,18865,19057,830258,2637026.0,132513863.0
2008-07-29,18625,18721,18194,18578,706400,2570769.0,132513863.0
2008-07-30,19008,19296,18865,18865,562663,2610523.0,132513863.0
2008-07-31,19152,19439,19008,19392,757655,2683406.0,132513863.0
2008-08-01,19152,19487,19104,19440,537175,2690031.0,132513863.0
2008-08-04,19439,19487,18099,18865,1067998,2610523.0,132513863.0
2008-08-05,18769,19056,18434,18769,449754,2597272.0,132513863.0
2008-08-06,19248,19583,19152,19583,1124244,2709908.0,132513863.0
2008-08-07,19487,19583,19248,19488,369103,2696657.0,132513863.0
2008-08-08,19200,19966,19152,19727,654028,2729786.0,132513863.0
2008-08-11,20205,20828,20158,20589,1840001,2849048.0,132513863.0
2008-08-12,20684,20924,20205,20493,1115840,2835797.0,132513863.0
2008-08-13,20253,20493,20014,20302,593844,2809294.0,132513863.0
2008-08-14,20014,20732,20014,20541,619189,2842422.0,132513863.0
2008-08-18,20780,20876,20397,20589,440113,2849048.0,132513863.0
2008-08-19,20445,20493,19727,20014,989336,2769540.0,132513863.0
2008-08-20,19727,19966,19487,19583,592875,2709908.0,132513863.0
2008-08-21,19631,19679,18913,19440,681852,2690031.0,132513863.0
2008-08-22,19439,19439,18386,18913,907287,2617149.0,132513863.0
2008-08-25,18913,19152,18051,18530,1181035,2564143.0,132513863.0
2008-08-26,18147,18194,17811,17860,875303,2471384.0,132513863.0
2008-08-27,17811,18290,17524,18147,520686,2511138.0,132513863.0
2008-08-28,18482,18865,17811,17908,1374077,2478009.0,132513863.0
2008-08-29,18290,18625,17907,18291,947926,2531015.0,132513863.0
2008-09-01,17955,18386,17572,17572,819564,2431629.0,132513863.0
2008-09-02,17668,18338,17237,17668,1124174,2444881.0,132513863.0
2008-09-03,17716,18817,17428,18530,1337013,2564143.0,132513863.0
2008-09-04,18290,19008,18194,18722,737172,2590646.0,132513863.0
2008-09-05,18194,18482,17955,18099,604086,2504512.0,132513863.0
2008-09-08,18865,20588,18817,20062,2895476,2776165.0,132513863.0
2008-09-09,19966,20253,19535,20158,908816,2789417.0,132513863.0
2008-09-10,19822,21067,19775,20685,1590723,2862299.0,132513863.0
2008-09-11,20588,20684,20110,20206,901460,2796043.0,132513863.0
2008-09-12,20588,20972,20349,20637,647795,2855674.0,132513863.0
2008-09-16,17763,19056,17763,18865,3965443,2610523.0,132513863.0
2008-09-17,19535,20062,19056,19296,3510204,2670154.0,132513863.0
2008-09-18,18625,18961,17333,18482,2731080,2557518.0,132513863.0
2008-09-19,19439,19487,18099,18099,2191461,2504512.0,132513863.0
2008-09-22,18386,18625,17476,18195,1746336,2517763.0,132513863.0
2008-09-23,17811,18913,17763,18578,1113517,2570769.0,132513863.0
2008-09-24,18577,19104,18338,18961,984224,2623774.0,132513863.0
2008-09-25,18769,19631,18386,19153,1107587,2650277.0,132513863.0
2008-09-26,19152,19248,18290,18626,1111891,2577395.0,132513863.0
2008-09-29,18913,18961,17716,17812,1799822,2464758.0,132513863.0
2008-09-30,16566,17428,16423,17333,1079412,2398501.0,132513863.0
2008-10-01,17572,17620,17045,17381,680676,2405127.0,132513863.0
2008-10-02,17572,17955,17428,17477,1183803,2418378.0,132513863.0
2008-10-06,17189,17285,16375,16663,1426868,2305741.0,132513863.0
2008-10-07,16327,17237,16040,16758,1568551,2318993.0,132513863.0
2008-10-08,16279,16902,15800,15801,1452796,2186479.0,132513863.0
2008-10-09,16088,16327,15322,15801,1576544,2186479.0,132513863.0
2008-10-10,15034,15705,14125,15705,1219550,2173227.0,132513863.0
2008-10-13,16088,17093,15896,16663,1200144,2305741.0,132513863.0
2008-10-14,17476,18386,17428,17620,1540478,2438255.0,132513863.0
2008-10-15,17333,17907,17237,17572,589091,2431629.0,132513863.0
2008-10-16,16662,16758,14938,15801,1009859,2186479.0,132513863.0
2008-10-17,16423,16471,15561,15801,1322196,2186479.0,132513863.0
2008-10-20,16183,16327,15178,15849,875474,2193104.0,132513863.0
2008-10-21,16231,16662,15369,15801,936372,2186479.0,132513863.0
2008-10-22,15896,16183,14651,15322,1035461,2120222.0,132513863.0
2008-10-23,14364,15417,13885,14747,1269890,2040713.0,132513863.0
2008-10-24,14555,14747,12544,12545,2245863,1735932.0,132513863.0
2008-10-27,12066,13358,12066,13024,2010222,1802189.0,132513863.0
2008-10-28,12066,14172,12066,13886,1358120,1921451.0,132513863.0
2008-10-29,14555,14795,11826,11827,3085589,1636546.0,132513863.0
2008-10-30,12688,13263,10055,12593,25937165,1742557.0,132513863.0
2008-10-31,12113,12880,11204,11252,14513651,1557038.0,132513863.0
2008-11-03,11491,12544,11347,12258,6006614,1696177.0,132513863.0
2008-11-04,12353,13119,12209,12928,5943212,1788937.0,132513863.0
2008-11-05,13741,14412,13119,13646,5513254,1888323.0,132513863.0
2008-11-06,12784,12927,11635,11635,2493724,1610043.0,132513863.0
2008-11-07,10964,12305,10821,12306,2988298,1702803.0,132513863.0
2008-11-10,12449,12544,11587,12018,2384545,1663049.0,132513863.0
2008-11-11,11730,11826,11300,11300,2014915,1563664.0,132513863.0
2008-11-12,10725,10964,10198,10534,3018865,1457652.0,132513863.0
2008-11-13,9767,9911,8953,9136,4455002,1264182.0,132513863.0
2008-11-14,9672,9815,9212,9299,4636237,1286710.0,132513863.0
2008-11-17,9384,10438,9356,10151,5304898,1404647.0,132513863.0
2008-11-18,10007,10055,9423,9423,2796404,1303936.0,132513863.0
2008-11-19,9576,9672,9116,9117,1751411,1261532.0,132513863.0
2008-11-20,8427,8475,7756,7757,2609419,1073362.0,132513863.0
2008-11-21,7373,8465,7201,8283,3669205,1146245.0,132513863.0
2008-11-24,8091,8312,7661,7728,2718563,1069387.0,132513863.0
2008-11-25,8302,8398,7661,7680,2976906,1062761.0,132513863.0
2008-11-26,7842,8829,7823,8829,4492398,1221778.0,132513863.0
2008-11-27,9336,9672,8925,9117,4377801,1261532.0,132513863.0
2008-11-28,9154,10150,9097,9911,4783380,1371518.0,132513863.0
2008-12-01,9911,11395,9672,10917,5225617,1510658.0,132513863.0
2008-12-02,10150,11300,10055,10725,4925787,1484155.0,132513863.0
2008-12-03,11204,11970,11060,11348,5606027,1570289.0,132513863.0
2008-12-04,11922,12497,10821,10821,3852733,1497407.0,132513863.0
2008-12-05,11204,11683,10773,11492,2303673,1590166.0,132513863.0
2008-12-08,11874,13215,11778,13024,3620010,1802189.0,132513863.0
2008-12-09,13023,13406,12449,12880,2249506,1782311.0,132513863.0
2008-12-10,12880,13406,12592,13119,2270838,1815440.0,132513863.0
2008-12-11,13263,13981,13023,13167,3296929,1822066.0,132513863.0
2008-12-12,12784,13358,11970,12066,1772523,1669675.0,132513863.0
2008-12-15,12736,13694,12736,13503,1818643,1868445.0,132513863.0
2008-12-16,13263,13933,12640,12976,2753640,1795563.0,132513863.0
2008-12-17,13789,13837,12592,13311,3624265,1841943.0,132513863.0
2008-12-18,13598,14172,13023,13215,2960021,1828691.0,132513863.0
2008-12-19,13119,13789,13023,13598,1422966,1881697.0,132513863.0
2008-12-22,13789,14316,13598,13790,1749887,1908200.0,132513863.0
2008-12-23,13789,13789,12832,13119,1754407,1815440.0,132513863.0
2008-12-24,12927,13023,12305,12689,1210385,1755809.0,132513863.0
2008-12-26,12640,12784,12209,12258,1044322,1696177.0,132513863.0
2008-12-29,12257,12544,11922,12114,945622,1676300.0,132513863.0
2008-12-30,11826,12544,11826,12018,889093,1663049.0,132513863.0
2009-01-02,12305,13789,12066,13646,2532436,1888323.0,132513863.0
2009-01-05,14029,14891,13981,14269,3192670,1974457.0,132513863.0
2009-01-06,14508,15034,14316,14843,2365542,2053965.0,132513863.0
2009-01-07,14986,15609,14555,15609,2217570,2159976.0,132513863.0
2009-01-08,15226,15944,15082,15657,2244124,2166602.0,132513863.0
2009-01-09,15896,16136,14843,14843,1629200,2053965.0,132513863.0
2009-01-12,14412,14891,14172,14795,1062884,2047339.0,132513863.0
2009-01-13,14651,15800,14364,15705,1611358,2173227.0,132513863.0
2009-01-14,15465,15800,15226,15705,1765822,2173227.0,132513863.0
2009-01-15,14891,15034,14220,14556,1820057,2014211.0,132513863.0
2009-01-16,14843,15082,14460,14939,1112461,2067216.0,132513863.0
2009-01-19,15130,15513,12736,15083,1699284,2087093.0,132513863.0
2009-01-20,14843,14891,14220,14891,571880,2060591.0,132513863.0
2009-01-21,14029,14603,13933,13933,1518120,1928077.0,132513863.0
2009-01-22,14555,14747,14220,14604,1570516,2020836.0,132513863.0
2009-01-23,14364,14938,14268,14508,1259199,2007585.0,132513863.0
2009-01-28,15226,16519,15178,15992,1825440,2212982.0,132513863.0
2009-01-29,16231,16231,15609,15609,1228921,2159976.0,132513863.0
2009-01-30,15322,16327,15274,16280,1256669,2252736.0,132513863.0
2009-02-02,16136,16662,15417,15801,1846463,2186479.0,132513863.0
2009-02-03,15992,16519,15465,16088,2273035,2226233.0,132513863.0
2009-02-04,16423,16710,15992,16423,1581578,2272613.0,132513863.0
2009-02-05,16088,16231,15178,15322,1438768,2120222.0,132513863.0
2009-02-06,15705,15800,14603,15274,2416270,2113596.0,132513863.0
2009-02-09,15609,15657,14891,15131,1168488,2093719.0,132513863.0
2009-02-10,15417,15513,14938,15131,910720,2093719.0,132513863.0
2009-02-11,14651,15800,14555,15418,1628758,2133473.0,132513863.0
2009-02-12,15417,15513,14651,14891,1473814,2060591.0,132513863.0
2009-02-13,14699,14843,14412,14604,1705541,2020836.0,132513863.0
2009-02-16,14364,14651,14125,14173,1183413,1961205.0,132513863.0
2009-02-17,14077,14077,12927,12928,1530541,1788937.0,132513863.0
2009-02-18,12640,13885,12544,13455,1626562,1861820.0,132513863.0
2009-02-19,13454,13789,12927,13503,896118,1868445.0,132513863.0
2009-02-20,13263,13358,12497,13024,757298,1802189.0,132513863.0
2009-02-23,12880,13885,12497,13694,1344891,1894948.0,132513863.0
2009-02-24,13023,13358,12832,13263,815548,1835317.0,132513863.0
2009-02-25,13789,13885,13119,13455,905837,1861820.0,132513863.0
2009-02-26,13646,14029,12497,13024,1357177,1802189.0,132513863.0
2009-02-27,13023,13646,12688,13072,1057764,1808814.0,132513863.0
2009-03-02,12688,12784,11874,11875,998375,1643172.0,132513863.0
2009-03-03,11300,12592,11108,12593,1476846,1742557.0,132513863.0
2009-03-04,12449,13502,12113,13311,1394569,1841943.0,132513863.0
2009-03-05,13454,13694,12832,13119,816233,1815440.0,132513863.0
2009-03-06,12640,13071,12640,12832,481068,1775686.0,132513863.0
2009-03-09,13167,13598,13023,13503,900737,1868445.0,132513863.0
2009-03-10,13502,14220,13358,14125,1496979,1954579.0,132513863.0
2009-03-11,14795,15322,14555,14795,2322552,2047339.0,132513863.0
2009-03-12,14795,14938,14125,14604,1316000,2020836.0,132513863.0
2009-03-13,15034,15178,14412,14412,861152,1994334.0,132513863.0
2009-03-16,14508,14891,14364,14412,471895,1994334.0,132513863.0
2009-03-17,14747,16566,14699,16567,5729105,2292490.0,132513863.0
2009-03-18,16950,17285,16471,16711,5181827,2312367.0,132513863.0
2009-03-19,17093,17620,16375,16519,2779529,2285864.0,132513863.0
2009-03-20,16519,16997,16231,16998,2225267,2352121.0,132513863.0
2009-03-23,17093,17859,16854,17716,2617194,2451506.0,132513863.0
2009-03-24,18338,18482,17907,18051,2499440,2497886.0,132513863.0
2009-03-25,17907,18482,17716,18482,1396434,2557518.0,132513863.0
2009-03-26,18386,18434,17955,18243,1412167,2524389.0,132513863.0
2009-03-27,18003,18051,16758,16902,3410977,2338870.0,132513863.0
2009-03-30,16710,16806,15992,16088,2761567,2226233.0,132513863.0
2009-03-31,16471,16950,16088,16184,2318927,2239484.0,132513863.0
2009-04-01,16327,17907,16183,17237,3223411,2385250.0,132513863.0
2009-04-02,17716,17859,17380,17716,2196184,2451506.0,132513863.0
2009-04-03,18099,18194,17237,17429,2401142,2411752.0,132513863.0
2009-04-06,17572,18051,17333,17477,2985985,2418378.0,132513863.0
2009-04-07,17285,17476,16854,17189,2049885,2378624.0,132513863.0
2009-04-08,16806,16997,16231,16232,1696104,2246110.0,132513863.0
2009-04-09,16519,17428,16375,17237,2419342,2385250.0,132513863.0
2009-04-10,17763,17955,17045,17237,2313143,2385250.0,132513863.0
2009-04-13,17428,18242,17189,17429,3237576,2411752.0,132513863.0
2009-04-14,17859,17907,17141,17285,1996067,2391875.0,132513863.0
2009-04-15,16854,17237,16375,16854,1566450,2332244.0,132513863.0
2009-04-16,17189,18003,17093,17142,2868870,2371998.0,132513863.0
2009-04-17,17620,17955,17141,17477,2932053,2418378.0,132513863.0
2009-04-20,17620,17668,17045,17525,1155528,2425004.0,132513863.0
2009-04-21,16949,17237,16566,17189,1901005,2378624.0,132513863.0
2009-04-22,17237,18434,17093,18339,4439372,2537640.0,132513863.0
2009-04-23,18434,19056,18194,18482,3023015,2557518.0,132513863.0
2009-04-24,18577,18865,17237,17477,3123484,2418378.0,132513863.0
2009-04-27,17572,17620,16566,16902,2167677,2338870.0,132513863.0
2009-04-28,16949,17045,15848,16040,1993616,2219607.0,132513863.0
2009-04-29,16136,16854,16040,16615,1932863,2299116.0,132513863.0
2009-04-30,16854,17476,16758,17189,2551569,2378624.0,132513863.0
2009-05-04,17476,18577,17333,18195,2811061,2517763.0,132513863.0
2009-05-06,18386,18673,17859,18195,1955454,2517763.0,132513863.0
2009-05-07,18769,19248,18099,18386,3959467,2544266.0,132513863.0
2009-05-08,18242,18434,17859,18386,1521555,2544266.0,132513863.0
2009-05-11,18577,18769,18242,18291,1518744,2531015.0,132513863.0
2009-05-12,17955,18003,17668,17860,1269924,2471384.0,132513863.0
2009-05-13,18003,18290,17428,17956,1576413,2484635.0,132513863.0
2009-05-14,17524,17620,17045,17429,1529023,2411752.0,132513863.0
2009-05-15,17524,17716,17093,17381,2349438,2405127.0,132513863.0
2009-05-18,17045,17380,16614,17285,1360286,2391875.0,132513863.0
2009-05-19,17811,18051,17572,17764,1914930,2458132.0,132513863.0
2009-05-20,17859,18147,17811,17908,1204586,2478009.0,132513863.0
2009-05-21,17811,18865,17428,18099,2950402,2504512.0,132513863.0
2009-05-22,18003,18482,17428,17525,2594594,2425004.0,132513863.0
2009-05-25,17333,17716,15896,17285,2359487,2391875.0,132513863.0
2009-05-26,17285,17380,16327,16471,2098545,2279238.0,132513863.0
2009-05-27,16806,16854,15657,15849,2598908,2193104.0,132513863.0
2009-05-28,15705,16088,15082,15801,2996985,2186479.0,132513863.0
2009-05-29,15944,16088,15561,15992,1723813,2212982.0,132513863.0
2009-06-01,16088,16997,15896,16711,2724151,2312367.0,132513863.0
2009-06-02,17237,17237,16614,16615,1729415,2299116.0,132513863.0
2009-06-03,16854,16854,16183,16471,2679514,2279238.0,132513863.0
2009-06-04,16423,16519,15800,15849,1521378,2193104.0,132513863.0
2009-06-05,16088,16327,15657,16136,1521459,2232859.0,132513863.0
2009-06-08,16183,16519,16136,16328,730315,2259361.0,132513863.0
2009-06-09,16566,16758,15896,15992,1659716,2212982.0,132513863.0
2009-06-10,16088,16375,15896,16280,1203361,2252736.0,132513863.0
2009-06-11,16183,16566,16040,16280,1597127,2252736.0,132513863.0
2009-06-12,16423,16997,16327,16806,2121619,2325618.0,132513863.0
2009-06-15,16902,17045,16327,16423,899297,2272613.0,132513863.0
2009-06-16,16136,16423,15992,16184,1055218,2239484.0,132513863.0
2009-06-17,15992,16088,15417,15753,1838399,2179853.0,132513863.0
2009-06-18,15752,15800,15322,15561,1298557,2153350.0,132513863.0
2009-06-19,15657,15848,15178,15178,1522134,2100345.0,132513863.0
2009-06-22,15226,15609,15178,15609,1357429,2159976.0,132513863.0
2009-06-23,15178,15274,14747,14939,1151493,2067216.0,132513863.0
2009-06-24,14986,15513,14747,15035,910331,2080468.0,132513863.0
2009-06-25,15034,15657,14986,15418,1132873,2133473.0,132513863.0
2009-06-26,15609,15657,15130,15322,887928,2120222.0,132513863.0
2009-06-29,15417,15561,14460,14556,1471977,2014211.0,132513863.0
2009-06-30,14795,14938,14220,14364,1673389,1987708.0,132513863.0
2009-07-01,14268,15130,14220,15131,1504395,2093719.0,132513863.0
2009-07-02,15178,15226,14795,15035,1246024,2080468.0,132513863.0
2009-07-03,14603,15609,14555,15466,1459080,2140099.0,132513863.0
2009-07-06,15465,15657,15274,15466,1096012,2140099.0,132513863.0
2009-07-07,15657,15705,15417,15561,937803,2153350.0,132513863.0
2009-07-08,15322,15417,15082,15322,811566,2120222.0,132513863.0
2009-07-09,15465,15896,15322,15705,1548415,2173227.0,132513863.0
2009-07-10,15848,15992,15465,15466,1200551,2140099.0,132513863.0
2009-07-13,15465,15609,14747,14939,1405279,2067216.0,132513863.0
2009-07-14,15274,15322,14795,14795,924138,2047339.0,132513863.0
2009-07-15,15034,15465,15034,15418,1696779,2133473.0,132513863.0
2009-07-16,15705,16040,15705,15801,2055738,2186479.0,132513863.0
2009-07-17,16040,16614,15992,16471,2490304,2279238.0,132513863.0
2009-07-20,16758,17333,16758,17285,3171276,2391875.0,132513863.0
2009-07-21,17524,17716,17093,17285,1900295,2391875.0,132513863.0
2009-07-22,17380,17668,17093,17381,1473594,2405127.0,132513863.0
2009-07-23,17285,17476,16950,17142,1302563,2371998.0,132513863.0
2009-07-24,17524,17668,17333,17525,1585902,2425004.0,132513863.0
2009-07-27,17620,18290,17476,18003,2339296,2491261.0,132513863.0
2009-07-28,18003,18147,17380,17429,1954232,2411752.0,132513863.0
2009-07-29,17428,17716,17189,17429,1158769,2411752.0,132513863.0
2009-07-30,17428,17476,16758,17189,2028119,2378624.0,132513863.0
2009-07-31,17476,17859,17428,17716,2379079,2451506.0,132513863.0
2009-08-03,17907,18865,17716,18674,3743905,2584020.0,132513863.0
2009-08-04,19056,19296,18242,18482,2931361,2557518.0,132513863.0
2009-08-05,18673,18865,18147,18339,1779100,2537640.0,132513863.0
2009-08-06,18434,18865,18242,18722,2264457,2590646.0,132513863.0
2009-08-07,18865,19008,18625,18961,1323962,2623774.0,132513863.0
2009-08-10,19104,19344,18721,18817,1802849,2603897.0,132513863.0
2009-08-11,18577,18769,18338,18530,1615109,2564143.0,132513863.0
2009-08-12,18386,18434,17955,18195,1354082,2517763.0,132513863.0
2009-08-13,18434,18434,18147,18195,1128208,2517763.0,132513863.0
2009-08-14,18434,19008,18338,18626,1720242,2577395.0,132513863.0
2009-08-17,18530,18577,17668,17908,1572893,2478009.0,132513863.0
2009-08-18,17620,18003,16950,17381,2562055,2405127.0,132513863.0
2009-08-19,17428,17572,16902,17189,1971918,2378624.0,132513863.0
2009-08-20,17428,17716,16997,17525,1792042,2425004.0,132513863.0
2009-08-21,17668,17763,16902,17189,1922105,2378624.0,132513863.0
2009-08-24,17524,18386,17476,18243,2922804,2524389.0,132513863.0
2009-08-25,18147,18338,17811,18195,1538932,2517763.0,132513863.0
2009-08-26,18290,18338,17620,17908,1670644,2478009.0,132513863.0
2009-08-27,17763,17811,17141,17285,1946055,2391875.0,132513863.0
2009-08-28,17333,17428,16854,17142,1601456,2371998.0,132513863.0
2009-08-31,17093,17189,16662,16758,1014488,2318993.0,132513863.0
2009-09-01,16662,17093,16519,17046,1003590,2358747.0,132513863.0
2009-09-02,16566,16758,16375,16615,2188486,2299116.0,132513863.0
2009-09-03,16662,17045,16423,16758,873865,2318993.0,132513863.0
2009-09-04,16997,17189,16614,16806,742948,2325618.0,132513863.0
2009-09-07,16950,16997,16662,16758,864311,2318993.0,132513863.0
2009-09-08,16950,16997,16566,16758,844909,2318993.0,132513863.0
2009-09-09,16806,16806,16183,16184,1233563,2239484.0,132513863.0
2009-09-10,16375,17141,16327,17142,1718198,2371998.0,132513863.0
2009-09-11,17333,17572,17045,17429,1580927,2411752.0,132513863.0
2009-09-14,17524,17572,17093,17237,852877,2385250.0,132513863.0
2009-09-15,17380,17716,17333,17525,954771,2425004.0,132513863.0
2009-09-16,17763,18194,17716,18051,2716686,2497886.0,132513863.0
2009-09-17,18530,18625,18194,18195,2097057,2517763.0,132513863.0
2009-09-18,18290,18386,17859,18195,1199616,2517763.0,132513863.0
2009-09-21,18194,18290,17907,18003,899581,2491261.0,132513863.0
2009-09-22,18003,18434,18003,18003,896787,2491261.0,132513863.0
2009-09-23,18194,18194,17189,17477,1810858,2418378.0,132513863.0
2009-09-24,17237,17428,16758,16854,1651807,2332244.0,132513863.0
2009-09-25,16758,16949,16519,16854,958343,2332244.0,132513863.0
2009-09-28,16710,16758,16423,16471,1086874,2279238.0,132513863.0
2009-09-29,16662,16758,16279,16423,1263566,2272613.0,132513863.0
2009-09-30,16375,16566,15944,16040,1659397,2219607.0,132513863.0
2009-10-01,16183,16423,15896,16328,783435,2259361.0,132513863.0
2009-10-05,15992,16040,15752,15897,801907,2199730.0,132513863.0
2009-10-06,16183,16375,15848,16375,778781,2265987.0,132513863.0
2009-10-07,16566,16710,16375,16663,900586,2305741.0,132513863.0
2009-10-08,16471,16902,16423,16854,886994,2332244.0,132513863.0
2009-10-09,16950,17045,16662,16902,761490,2338870.0,132513863.0
2009-10-12,17093,17093,16758,16902,453042,2338870.0,132513863.0
2009-10-13,16758,16854,16375,16711,399972,2312367.0,132513863.0
2009-10-14,16662,16950,16566,16567,471602,2292490.0,132513863.0
2009-10-15,16854,17045,16519,16615,599371,2299116.0,132513863.0
2009-10-16,16519,16710,16327,16471,502508,2279238.0,132513863.0
2009-10-19,16375,16614,16136,16519,377298,2285864.0,132513863.0
2009-10-20,16710,16710,16519,16615,376422,2299116.0,132513863.0
2009-10-21,16566,16662,16423,16471,277837,2279238.0,132513863.0
2009-10-22,16375,16375,15896,15992,651805,2212982.0,132513863.0
2009-10-23,16088,16183,15848,15944,514376,2206356.0,132513863.0
2009-10-26,15800,16183,15752,16136,468038,2232859.0,132513863.0
2009-10-27,15992,16136,15705,15705,484597,2173227.0,132513863.0
2009-10-28,15705,15848,14986,15178,813677,2100345.0,132513863.0
2009-10-29,14891,14938,14508,14843,1018365,2053965.0,132513863.0
2009-10-30,15082,15226,14651,14652,686915,2027462.0,132513863.0
2009-11-02,14220,14412,14125,14412,917759,1994334.0,132513863.0
2009-11-03,14460,14603,14268,14317,653579,1981082.0,132513863.0
2009-11-04,14412,14986,14316,14891,1666209,2060591.0,132513863.0
2009-11-05,14747,14795,14316,14364,1103088,1987708.0,132513863.0
2009-11-06,14795,15178,14747,15035,1162479,2080468.0,132513863.0
2009-11-09,14986,15561,14891,15131,1030705,2093719.0,132513863.0
2009-11-10,15800,15800,15130,15178,844025,2100345.0,132513863.0
2009-11-11,15322,15561,15130,15561,521569,2153350.0,132513863.0
2009-11-12,15465,15705,15178,15178,476027,2100345.0,132513863.0
2009-11-13,15369,15417,14938,15226,315163,2106970.0,132513863.0
2009-11-16,15274,15322,14795,15131,838124,2093719.0,132513863.0
2009-11-17,15226,15465,14986,14987,771333,2073842.0,132513863.0
2009-11-18,15082,15848,15082,15657,1419093,2166602.0,132513863.0
2009-11-19,15800,16040,15752,15801,795435,2186479.0,132513863.0
2009-11-20,15800,15848,15465,15801,567241,2186479.0,132513863.0
2009-11-23,15800,15944,15561,15944,488512,2206356.0,132513863.0
2009-11-24,16136,16183,15561,15801,838899,2186479.0,132513863.0
2009-11-25,15944,15944,15417,15609,463414,2159976.0,132513863.0
2009-11-26,15513,15752,15178,15274,706339,2113596.0,132513863.0
2009-11-27,14843,14986,14077,14077,1339075,1947954.0,132513863.0
2009-11-30,14508,14603,14268,14269,1006532,1974457.0,132513863.0
2009-12-01,14316,14460,14077,14412,675254,1994334.0,132513863.0
2009-12-02,14651,15417,14555,15035,1716550,2080468.0,132513863.0
2009-12-03,15226,15752,15082,15514,813215,2146725.0,132513863.0
2009-12-04,15417,15848,15369,15657,737398,2166602.0,132513863.0
2009-12-07,15752,15944,15657,15705,668424,2173227.0,132513863.0
2009-12-08,15705,15848,15561,15705,380585,2173227.0,132513863.0
2009-12-09,15561,15609,15322,15514,583761,2146725.0,132513863.0
2009-12-10,15561,15657,15178,15657,957019,2166602.0,132513863.0
2009-12-11,15705,16375,15513,16136,1112963,2232859.0,132513863.0
2009-12-14,16231,16662,16040,16663,876865,2305741.0,132513863.0
2009-12-15,16614,16997,16471,16854,779404,2332244.0,132513863.0
2009-12-16,16854,16997,16662,16663,380271,2305741.0,132513863.0
2009-12-17,16566,16854,16423,16423,371577,2272613.0,132513863.0
2009-12-18,16327,16758,15992,16663,695373,2305741.0,132513863.0
2009-12-21,16758,17189,16423,16998,666903,2352121.0,132513863.0
2009-12-22,17189,17285,16662,16854,580713,2332244.0,132513863.0
2009-12-23,16854,16997,16183,16423,656233,2272613.0,132513863.0
2009-12-24,16375,16614,16327,16471,593306,2279238.0,132513863.0
2009-12-28,16471,16662,16327,16567,493937,2292490.0,132513863.0
2009-12-29,16471,16806,16183,16280,531094,2252736.0,132513863.0
2009-12-30,16279,16279,15705,15944,704049,2206356.0,132513863.0
2010-01-04,16088,16710,16088,16663,921726,2305741.0,132513863.0
2010-01-05,16758,16854,16375,16423,748154,2272613.0,132513863.0
2010-01-06,16471,16614,16231,16423,998881,2272613.0,132513863.0
2010-01-07,16327,16662,15561,15753,3368359,2179853.0,132513863.0
2010-01-08,15944,16375,15752,16232,2316101,2246110.0,132513863.0
2010-01-11,16614,16662,16423,16615,1678371,2299116.0,132513863.0
2010-01-12,16614,16614,16231,16471,846190,2279238.0,132513863.0
2010-01-13,16136,16327,15896,15944,860379,2206356.0,132513863.0
2010-01-14,15992,16136,15848,15944,603133,2206356.0,132513863.0
2010-01-15,15992,16183,15944,15944,446867,2206356.0,132513863.0
2010-01-18,15800,15992,15752,15897,652064,2199730.0,132513863.0
2010-01-19,16088,16136,15848,15944,488674,2206356.0,132513863.0
2010-01-20,16088,16471,15992,15992,1089889,2212982.0,132513863.0
2010-01-21,15896,16183,15752,16136,569276,2232859.0,132513863.0
2010-01-22,15705,15752,15274,15418,1304142,2133473.0,132513863.0
2010-01-25,15082,15226,14986,15035,1065244,2080468.0,132513863.0
2010-01-26,15034,15322,14795,14795,990878,2047339.0,132513863.0
2010-01-27,14938,14938,14603,14604,549160,2020836.0,132513863.0
2010-01-28,14699,14938,14603,14843,756277,2053965.0,132513863.0
2010-01-29,14555,14651,14412,14556,495160,2014211.0,132513863.0
2010-02-01,14555,14795,14460,14700,470396,2034088.0,132513863.0
2010-02-02,14843,14843,14555,14556,344971,2014211.0,132513863.0
2010-02-03,14747,14891,14603,14747,441641,2040713.0,132513863.0
2010-02-04,14747,14843,14555,14652,361544,2027462.0,132513863.0
2010-02-05,14077,14220,13885,13886,1228904,1921451.0,132513863.0
2010-02-08,13981,14077,13311,13359,1192175,1848568.0,132513863.0
2010-02-09,13215,13502,13023,13359,2097060,1848568.0,132513863.0
2010-02-10,13502,13550,13167,13263,1021893,1835317.0,132513863.0
2010-02-11,13358,14029,13311,13981,1529875,1934702.0,132513863.0
2010-02-12,13933,14172,13694,14173,1028053,1961205.0,132513863.0
2010-02-16,14029,14172,13981,14125,271010,1954579.0,132513863.0
2010-02-17,14268,14364,14172,14269,555281,1974457.0,132513863.0
2010-02-18,14268,14316,13837,13886,856639,1921451.0,132513863.0
2010-02-19,13694,13885,13502,13550,627415,1875071.0,132513863.0
2010-02-22,13741,13933,13741,13933,645391,1928077.0,132513863.0
2010-02-23,13837,14029,13741,14029,358657,1941328.0,132513863.0
2010-02-24,13933,14364,13837,14364,608232,1987708.0,132513863.0
2010-02-25,14412,14508,14220,14317,774330,1981082.0,132513863.0
2010-02-26,14364,14364,14172,14221,315148,1967831.0,132513863.0
2010-03-02,14268,14747,14268,14700,929907,2034088.0,132513863.0
2010-03-03,14603,14747,14555,14700,295003,2034088.0,132513863.0
2010-03-04,14699,14699,14412,14604,374334,2020836.0,132513863.0
2010-03-05,14651,14747,14603,14700,201010,2034088.0,132513863.0
2010-03-08,14891,15465,14843,15322,1201447,2120222.0,132513863.0
2010-03-09,15322,15513,15226,15514,395995,2146725.0,132513863.0
2010-03-10,15417,15513,15226,15322,428400,2120222.0,132513863.0
2010-03-11,15322,15369,14938,15035,731040,2080468.0,132513863.0
2010-03-12,15082,15226,14795,15035,506971,2080468.0,132513863.0
2010-03-15,15082,15178,14747,14843,572903,2053965.0,132513863.0
2010-03-16,14843,15369,14843,15322,903047,2120222.0,132513863.0
2010-03-17,15369,15992,15322,15944,1663933,2206356.0,132513863.0
2010-03-18,15944,16088,15465,15609,1192634,2159976.0,132513863.0
2010-03-19,15657,15800,15513,15609,576200,2159976.0,132513863.0
2010-03-22,15465,15561,15130,15418,657216,2133473.0,132513863.0
2010-03-23,15513,15609,15322,15466,372587,2140099.0,132513863.0
2010-03-24,15705,15752,15369,15418,498197,2133473.0,132513863.0
2010-03-25,15417,15752,15417,15657,763915,2166602.0,132513863.0
2010-03-26,15609,15992,15561,15944,1349881,2206356.0,132513863.0
2010-03-29,15752,16040,15705,15705,749227,2173227.0,132513863.0
2010-03-30,15561,15609,15322,15561,873891,2153350.0,132513863.0
2010-03-31,15417,15513,15034,15035,564883,2080468.0,132513863.0
2010-04-01,14938,15800,14938,15705,1628076,2173227.0,132513863.0
2010-04-02,15800,15800,15513,15801,590168,2186479.0,132513863.0
2010-04-05,15896,16136,15705,15849,985751,2193104.0,132513863.0
2010-04-06,16040,16519,15992,16280,1669385,2252736.0,132513863.0
2010-04-07,16327,16423,16088,16232,752924,2246110.0,132513863.0
2010-04-08,16088,16279,15944,16280,491213,2252736.0,132513863.0
2010-04-09,16231,16231,15800,16136,635433,2232859.0,132513863.0
2010-04-12,16279,16519,16183,16328,1017143,2259361.0,132513863.0
2010-04-13,16375,16423,15848,15897,674704,2199730.0,132513863.0
2010-04-14,16040,16183,15561,16088,1319935,2226233.0,132513863.0
2010-04-15,16423,16902,16423,16758,2659927,2318993.0,132513863.0
2010-04-16,16854,16950,16519,16758,1182986,2318993.0,132513863.0
2010-04-19,16183,16279,15752,15944,1661064,2206356.0,132513863.0
2010-04-20,16040,16183,15705,16136,1360649,2232859.0,132513863.0
2010-04-21,16231,16806,16231,16615,1248599,2299116.0,132513863.0
2010-04-22,16471,16471,16183,16471,598688,2279238.0,132513863.0
2010-04-23,16471,16471,16040,16184,426280,2239484.0,132513863.0
2010-04-26,16279,16854,16279,16663,1227548,2305741.0,132513863.0
2010-04-27,16662,16758,16471,16663,588888,2305741.0,132513863.0
2010-04-28,16040,16183,15800,15801,1685443,2186479.0,132513863.0
2010-04-29,15896,15944,15657,15753,495172,2179853.0,132513863.0
2010-04-30,15992,16040,15657,15705,712196,2173227.0,132513863.0
2010-05-03,15513,15657,15178,15226,750554,2106970.0,132513863.0
2010-05-04,15513,15561,15130,15131,417375,2093719.0,132513863.0
2010-05-06,14747,14747,14460,14652,952848,2027462.0,132513863.0
2010-05-07,13981,14412,13885,14029,1139230,1941328.0,132513863.0
2010-05-10,14316,15082,14268,14891,925145,2060591.0,132513863.0
2010-05-11,15274,15322,14795,14795,877549,2047339.0,132513863.0
2010-05-12,14938,15034,14316,14364,834478,1987708.0,132513863.0
2010-05-13,14747,15034,14699,14747,647291,2040713.0,132513863.0
2010-05-14,14603,15369,14364,15131,982258,2093719.0,132513863.0
2010-05-17,14843,15226,14699,14987,748114,2073842.0,132513863.0
2010-05-18,15130,15226,14412,14556,864728,2014211.0,132513863.0
2010-05-19,14412,14699,14029,14700,839831,2034088.0,132513863.0
2010-05-20,14412,14603,14029,14364,1123928,1987708.0,132513863.0
2010-05-24,13981,14460,13981,14269,743033,1974457.0,132513863.0
2010-05-25,13981,14077,13454,13981,1026172,1934702.0,132513863.0
2010-05-26,13981,14125,13406,13550,1303439,1875071.0,132513863.0
2010-05-27,13454,14029,13358,13933,794648,1928077.0,132513863.0
2010-05-28,14220,14268,13933,13933,703416,1928077.0,132513863.0
2010-05-31,13837,14220,13694,14077,679472,1947954.0,132513863.0
2010-06-01,14029,14555,13981,14508,1110210,2007585.0,132513863.0
2010-06-03,14699,15226,14651,14939,1190719,2067216.0,132513863.0
2010-06-04,14986,15082,14699,14987,823409,2073842.0,132513863.0
2010-06-07,14412,14891,14364,14747,522769,2040713.0,132513863.0
2010-06-08,14651,15322,14603,15131,943894,2093719.0,132513863.0
2010-06-09,15082,15657,14891,15322,1047128,2120222.0,132513863.0
2010-06-10,15465,15465,15082,15131,638829,2093719.0,132513863.0
2010-06-11,15369,15705,15274,15370,767034,2126848.0,132513863.0
2010-06-14,15465,16088,15465,15705,1249493,2173227.0,132513863.0
2010-06-15,15800,16423,15705,15944,1249766,2206356.0,132513863.0
2010-06-16,16375,16471,15944,15992,917258,2212982.0,132513863.0
2010-06-17,15992,16231,15609,15657,535738,2166602.0,132513863.0
2010-06-18,15705,16088,15609,15897,524836,2199730.0,132513863.0
2010-06-21,16136,16423,16040,16088,493220,2226233.0,132513863.0
2010-06-22,15896,15992,15657,15944,517977,2206356.0,132513863.0
2010-06-23,15848,15848,15513,15801,521426,2186479.0,132513863.0
2010-06-24,15800,16088,15609,16040,397913,2219607.0,132513863.0
2010-06-25,15752,15992,15513,15753,940954,2179853.0,132513863.0
2010-06-28,15752,15992,15609,15897,381894,2199730.0,132513863.0
2010-06-29,15800,15992,15322,15418,520883,2133473.0,132513863.0
2010-06-30,15082,15274,14938,15226,355946,2106970.0,132513863.0
2010-07-01,15034,15752,14891,15514,607984,2146725.0,132513863.0
2010-07-02,15513,15609,15178,15226,325764,2106970.0,132513863.0
2010-07-05,15322,15609,15178,15226,270971,2106970.0,132513863.0
2010-07-06,15226,15561,14795,15322,589677,2120222.0,132513863.0
2010-07-07,15417,15465,15130,15274,288664,2113596.0,132513863.0
2010-07-08,15561,16231,15561,15992,1263146,2212982.0,132513863.0
2010-07-09,16231,16710,16136,16663,1536366,2305741.0,132513863.0
2010-07-12,16710,16950,16566,16758,933014,2318993.0,132513863.0
2010-07-13,16806,16997,16614,16902,709134,2338870.0,132513863.0
2010-07-14,17141,18913,17141,18482,3970410,2557518.0,132513863.0
2010-07-15,18194,19152,18099,18674,2480027,2584020.0,132513863.0
2010-07-16,18673,18913,18147,18243,1145779,2524389.0,132513863.0
2010-07-19,17907,18673,17716,18291,798519,2531015.0,132513863.0
2010-07-20,18386,19104,18290,18626,1464946,2577395.0,132513863.0
2010-07-21,18913,18961,17859,18195,1383103,2517763.0,132513863.0
2010-07-22,18003,18386,17476,17668,1252236,2444881.0,132513863.0
2010-07-23,18290,18673,18003,18626,1758919,2577395.0,132513863.0
2010-07-26,18817,18961,18338,18722,1229969,2590646.0,132513863.0
2010-07-27,18913,18961,18242,18243,1098437,2524389.0,132513863.0
2010-07-28,18290,18625,18099,18339,735401,2537640.0,132513863.0
2010-07-29,18242,18769,18194,18434,852746,2550892.0,132513863.0
2010-07-30,18482,18625,17524,17812,1264164,2464758.0,132513863.0
2010-08-02,18051,18530,17907,18434,898058,2550892.0,132513863.0
2010-08-03,18673,18817,18147,18339,1082609,2537640.0,132513863.0
2010-08-04,18434,18721,17955,18722,1100266,2590646.0,132513863.0
2010-08-05,18721,18865,18051,18386,1371416,2544266.0,132513863.0
2010-08-06,18194,18434,18051,18291,399755,2531015.0,132513863.0
2010-08-09,18194,18530,18099,18530,418338,2564143.0,132513863.0
2010-08-10,18482,18530,17859,17860,776671,2471384.0,132513863.0
2010-08-11,17763,17859,17045,17237,1130118,2385250.0,132513863.0
2010-08-12,16854,16997,16662,16663,992206,2305741.0,132513863.0
2010-08-13,16854,17380,16710,17285,841667,2391875.0,132513863.0
2010-08-16,17093,17093,16519,16950,1626420,2345495.0,132513863.0
2010-08-17,16854,17189,16710,17094,1122686,2365372.0,132513863.0
2010-08-18,17237,17237,16710,16806,828714,2325618.0,132513863.0
2010-08-19,16806,17380,16758,17285,710314,2391875.0,132513863.0
2010-08-20,16902,17237,16854,16950,608262,2345495.0,132513863.0
2010-08-23,16997,17333,16950,17094,644895,2365372.0,132513863.0
2010-08-24,16997,17045,16566,16998,393033,2352121.0,132513863.0
2010-08-25,16710,16854,16375,16519,709056,2285864.0,132513863.0
2010-08-26,16566,16614,16040,16136,651215,2232859.0,132513863.0
2010-08-27,15992,16279,15944,15992,491905,2212982.0,132513863.0
2010-08-30,16375,16854,16279,16854,870468,2332244.0,132513863.0
2010-08-31,16519,16806,16327,16806,472450,2325618.0,132513863.0
2010-09-01,16854,17045,16662,16806,489599,2325618.0,132513863.0
2010-09-02,17141,17189,16614,16711,586259,2312367.0,132513863.0
2010-09-03,16806,16949,16710,16806,328386,2325618.0,132513863.0
2010-09-06,17141,17476,17093,17094,808888,2365372.0,132513863.0
2010-09-07,17093,17189,16614,16663,612046,2305741.0,132513863.0
2010-09-08,16471,16614,16183,16519,879469,2285864.0,132513863.0
2010-09-09,16662,16758,16231,16280,776239,2252736.0,132513863.0
2010-09-10,16423,17524,16423,17189,2067826,2378624.0,132513863.0
2010-09-13,17620,17955,17572,17908,1538179,2478009.0,132513863.0
2010-09-14,17907,17955,17620,17812,700382,2464758.0,132513863.0
2010-09-15,17859,18530,17859,18386,1383556,2544266.0,132513863.0
2010-09-16,18482,18673,18290,18339,770210,2537640.0,132513863.0
2010-09-17,18434,18865,18194,18865,1051117,2610523.0,132513863.0
2010-09-20,18721,18865,18482,18865,579013,2610523.0,132513863.0
2010-09-24,18865,18865,18290,18865,721342,2610523.0,132513863.0
2010-09-27,19200,19822,19104,19727,2004831,2729786.0,132513863.0
2010-09-28,19679,20349,19535,20014,1372111,2769540.0,132513863.0
2010-09-29,20205,20253,19727,19919,749698,2756288.0,132513863.0
2010-09-30,19775,19966,19200,19967,1124676,2762914.0,132513863.0
2010-10-01,19727,20205,19631,19823,1077133,2743037.0,132513863.0
2010-10-04,19966,20301,19631,19631,985326,2716534.0,132513863.0
2010-10-05,19631,19966,19439,19967,805595,2762914.0,132513863.0
2010-10-06,20349,20588,20062,20445,1307377,2829171.0,132513863.0
2010-10-07,20493,20684,20062,20541,1026587,2842422.0,132513863.0
2010-10-08,20588,20732,20205,20302,977529,2809294.0,132513863.0
2010-10-11,20541,20541,19822,20206,985235,2796043.0,132513863.0
2010-10-12,20205,20205,19535,19631,700308,2716534.0,132513863.0
2010-10-13,19822,19966,19583,19775,570605,2736411.0,132513863.0
2010-10-14,20014,20780,20014,20541,1653872,2842422.0,132513863.0
2010-10-15,20636,21067,20397,21068,1056053,2915305.0,132513863.0
2010-10-18,21067,21163,20301,20302,846596,2809294.0,132513863.0
2010-10-19,20493,20684,20110,20254,886690,2802668.0,132513863.0
2010-10-20,19822,20205,19631,20158,1219084,2789417.0,132513863.0
2010-10-21,20253,20301,19104,19200,2113419,2656903.0,132513863.0
2010-10-22,19296,19631,19152,19536,1303817,2703283.0,132513863.0
2010-10-25,19583,20445,19439,20397,1271470,2822545.0,132513863.0
2010-10-26,20301,20493,19679,20158,1048468,2789417.0,132513863.0
2010-10-27,20014,20110,19296,19344,1548229,2676780.0,132513863.0
2010-10-28,19487,19727,19200,19344,841495,2676780.0,132513863.0
2010-10-29,19487,19487,18769,19009,889344,2630400.0,132513863.0
2010-11-01,19056,19679,18865,19583,861294,2709908.0,132513863.0
2010-11-02,19391,19535,19056,19296,565735,2670154.0,132513863.0
2010-11-03,19487,20014,19439,19536,1318433,2703283.0,132513863.0
2010-11-04,19727,19966,19152,19296,939275,2670154.0,132513863.0
2010-11-05,19918,20253,19679,19679,1654283,2723160.0,132513863.0
2010-11-08,19822,20110,19583,19967,811713,2762914.0,132513863.0
2010-11-09,19966,20110,19775,19919,583631,2756288.0,132513863.0
2010-11-10,19870,20780,19870,20589,1585717,2849048.0,132513863.0
2010-11-11,20445,21163,20349,20541,1993406,2842422.0,132513863.0
2010-11-12,20876,20924,19248,19583,2386594,2709908.0,132513863.0
2010-11-15,19439,19679,19056,19536,920816,2703283.0,132513863.0
2010-11-16,19391,19487,18577,18961,1252423,2623774.0,132513863.0
2010-11-17,18577,19391,18434,18913,1009674,2617149.0,132513863.0
2010-11-18,18961,19487,18913,19392,598565,2683406.0,132513863.0
2010-11-19,19439,19535,19200,19488,545592,2696657.0,132513863.0
2010-11-22,19631,19679,19200,19344,704871,2676780.0,132513863.0
2010-11-23,19344,19487,18865,19057,691467,2637026.0,132513863.0
2010-11-24,18482,19008,18482,18769,1160527,2597272.0,132513863.0
2010-11-25,19008,19056,18386,18722,1165999,2590646.0,132513863.0
2010-11-26,18721,18865,18338,18626,540718,2577395.0,132513863.0
2010-11-29,18577,18673,17907,18099,1114703,2504512.0,132513863.0
2010-11-30,17955,18530,17955,18339,874977,2537640.0,132513863.0
2010-12-01,18338,18482,17955,18291,706218,2531015.0,132513863.0
2010-12-02,18673,18865,18577,18578,832287,2570769.0,132513863.0
2010-12-03,18817,18817,18051,18243,1398168,2524389.0,132513863.0
2010-12-06,18338,18338,17907,18099,643852,2504512.0,132513863.0
2010-12-07,18099,18913,18099,18722,1540577,2590646.0,132513863.0
2010-12-08,18673,19200,18577,19009,1409169,2630400.0,132513863.0
2010-12-09,19200,19679,19104,19536,1416850,2703283.0,132513863.0
2010-12-10,19535,20301,19439,20254,1758788,2802668.0,132513863.0
2010-12-13,20588,20780,20205,20589,1179439,2849048.0,132513863.0
2010-12-14,20541,20876,20445,20637,1077578,2855674.0,132513863.0
2010-12-15,20732,21402,20493,21020,1704987,2908679.0,132513863.0
2010-12-16,20828,21163,20397,20828,1262445,2882177.0,132513863.0
2010-12-17,21067,22983,20876,22313,3957192,3087573.0,132513863.0
2010-12-20,21881,23366,21786,23127,2812483,3200210.0,132513863.0
2010-12-21,23749,23797,22600,22696,1796281,3140579.0,132513863.0
2010-12-22,22504,22935,22121,22887,1179587,3167081.0,132513863.0
2010-12-23,22887,23126,22312,22361,784973,3094199.0,132513863.0
2010-12-24,22264,23126,22025,22408,1451841,3100824.0,132513863.0
2010-12-27,22216,22791,21498,21547,1502816,2981562.0,132513863.0
2010-12-28,21642,22216,21402,21547,1006878,2981562.0,132513863.0
2010-12-29,21929,22312,21594,21690,1548849,3001439.0,132513863.0
2010-12-30,21642,22743,21594,22600,1699351,3127327.0,132513863.0
2011-01-03,22695,22791,22121,22456,1089957,3107450.0,132513863.0
2011-01-04,22743,22743,22073,22169,1651441,3067696.0,132513863.0
2011-01-05,22073,22216,21402,21642,1980780,2994813.0,132513863.0
2011-01-06,21881,21929,21163,21594,2006400,2988188.0,132513863.0
2011-01-07,21546,21881,21355,21834,885740,3021316.0,132513863.0
2011-01-10,21833,22169,21642,21786,1142035,3014690.0,132513863.0
2011-01-11,21786,22552,21546,22408,1978568,3100824.0,132513863.0
2011-01-12,22504,22695,22025,22169,1733364,3067696.0,132513863.0
2011-01-13,22312,22935,21929,22217,3258845,3074322.0,132513863.0
2011-01-14,22360,22600,21833,22552,1936231,3120701.0,132513863.0
2011-01-17,22647,23222,22552,22552,2986279,3120701.0,132513863.0
2011-01-18,22552,23557,22360,23127,2699838,3200210.0,132513863.0
2011-01-19,23509,23605,22360,22744,2528945,3147204.0,132513863.0
2011-01-20,22552,23174,22360,22792,1719088,3153830.0,132513863.0
2011-01-21,22599,22695,21450,21547,2177695,2981562.0,132513863.0
2011-01-24,21355,21929,21355,21738,861316,3008065.0,132513863.0
2011-01-25,21977,22025,21019,21307,1146119,2948433.0,132513863.0
2011-01-26,21211,21546,21019,21547,1056190,2981562.0,132513863.0
2011-01-27,21546,21594,21019,21355,885072,2955059.0,132513863.0
2011-01-28,21211,21594,21067,21547,808724,2981562.0,132513863.0
2011-01-31,21115,21259,20493,20637,1475756,2855674.0,132513863.0
2011-02-01,20780,20876,20349,20493,768770,2835797.0,132513863.0
2011-02-07,21163,22073,21067,21786,2676745,3014690.0,132513863.0
2011-02-08,22025,22647,21881,22025,1984017,3047819.0,132513863.0
2011-02-09,22121,22552,21642,21882,1484877,3027942.0,132513863.0
2011-02-10,21833,22408,21402,21738,1410247,3008065.0,132513863.0
2011-02-11,21738,22504,21355,21930,1499122,3034567.0,132513863.0
2011-02-14,22312,22408,21115,21690,1302936,3001439.0,132513863.0
2011-02-15,21498,21642,20924,21355,1162938,2955059.0,132513863.0
2011-02-16,21498,22025,20732,21020,1742816,2908679.0,132513863.0
2011-02-17,21067,21211,20301,20589,958868,2849048.0,132513863.0
2011-02-18,20588,21259,20541,21020,1071923,2908679.0,132513863.0
2011-02-21,21067,21163,20397,20637,834569,2855674.0,132513863.0
2011-02-22,20397,20397,19391,20062,1600749,2776165.0,132513863.0
2011-02-23,19822,20301,19631,19823,1058657,2743037.0,132513863.0
2011-02-24,19631,19727,19152,19392,1172202,2683406.0,132513863.0
2011-02-25,19391,19870,19248,19823,1440982,2743037.0,132513863.0
2011-02-28,19631,19727,19344,19536,710400,2703283.0,132513863.0
2011-03-02,19152,20301,18961,19919,968032,2756288.0,132513863.0
2011-03-03,20205,20397,20014,20302,913978,2809294.0,132513863.0
2011-03-04,20493,20588,20062,20397,783201,2822545.0,132513863.0
2011-03-07,20205,20253,19583,20062,648303,2776165.0,132513863.0
2011-03-08,19966,20493,19870,20110,579625,2782791.0,132513863.0
2011-03-09,20349,20732,20158,20254,918777,2802668.0,132513863.0
2011-03-10,20397,20780,20014,20397,1151417,2822545.0,132513863.0
2011-03-11,20062,20349,19679,20110,987344,2782791.0,132513863.0
2011-03-14,19631,19775,19056,19536,988185,2703283.0,132513863.0
2011-03-15,19344,19870,17955,19344,1475451,2676780.0,132513863.0
2011-03-16,19631,20110,19296,19536,1204175,2703283.0,132513863.0
2011-03-17,19152,19535,18865,19488,1594844,2696657.0,132513863.0
2011-03-18,19487,19966,19391,19727,1037005,2729786.0,132513863.0
2011-03-21,19775,20158,19775,19967,622108,2762914.0,132513863.0
2011-03-22,20205,20301,19535,19679,1182016,2723160.0,132513863.0
2011-03-23,19583,19679,19152,19488,906911,2696657.0,132513863.0
2011-03-24,19583,19727,19248,19488,665322,2696657.0,132513863.0
2011-03-25,19775,20253,19679,19775,1170226,2736411.0,132513863.0
2011-03-28,19822,19966,19391,19631,638956,2716534.0,132513863.0
2011-03-29,19631,19727,19296,19440,775063,2690031.0,132513863.0
2011-03-30,19296,19296,18721,18865,2372575,2610523.0,132513863.0
2011-03-31,19056,19439,19008,19248,1407956,2663529.0,132513863.0
2011-04-01,19439,20205,19391,19967,3157847,2762914.0,132513863.0
2011-04-04,20301,20828,20158,20350,2606626,2815920.0,132513863.0
2011-04-05,20493,20588,19918,20302,1553756,2809294.0,132513863.0
2011-04-06,20014,20110,19631,19775,1577646,2736411.0,132513863.0
2011-04-07,19918,20110,19391,19727,1294123,2729786.0,132513863.0
2011-04-08,19583,19918,19439,19775,1432590,2736411.0,132513863.0
2011-04-11,19918,20205,19583,19871,1593115,2749663.0,132513863.0
2011-04-12,19727,19822,19248,19344,1025816,2676780.0,132513863.0
2011-04-13,19344,19487,18769,19248,1699312,2663529.0,132513863.0
2011-04-14,19104,19104,18530,19057,2111638,2637026.0,132513863.0
2011-04-15,19104,19822,19056,19200,1773137,2656903.0,132513863.0
2011-04-18,19296,19391,18625,18722,1563355,2590646.0,132513863.0
2011-04-19,18386,18577,18194,18434,1181906,2550892.0,132513863.0
2011-04-20,18625,19487,18625,19248,1796642,2663529.0,132513863.0
2011-04-21,19631,19822,19056,19392,1757617,2683406.0,132513863.0
2011-04-22,19535,20110,19439,19440,1684658,2690031.0,132513863.0
2011-04-25,19535,19679,19248,19296,834060,2670154.0,132513863.0
2011-04-26,19296,19535,18817,19009,983893,2630400.0,132513863.0
2011-04-27,19487,20445,19439,20062,3721958,2776165.0,132513863.0
2011-04-28,20158,21019,19822,20254,2965559,2802668.0,132513863.0
2011-04-29,20541,21163,20397,20541,2531657,2842422.0,132513863.0
2011-05-02,20876,21307,20732,20781,1491305,2875551.0,132513863.0
2011-05-03,20541,21019,20253,20733,1229654,2868925.0,132513863.0
2011-05-04,20732,20876,19775,20158,1775027,2789417.0,132513863.0
2011-05-06,19727,20014,19487,19919,1375431,2756288.0,132513863.0
2011-05-09,19822,19966,19296,19488,886823,2696657.0,132513863.0
2011-05-11,19583,19775,19439,19583,505553,2709908.0,132513863.0
2011-05-12,19296,19439,19152,19248,850826,2663529.0,132513863.0
2011-05-13,19296,19439,18721,18913,1409335,2617149.0,132513863.0
2011-05-16,18721,19200,18577,18769,596907,2597272.0,132513863.0
2011-05-17,18721,19391,18721,19009,773759,2630400.0,132513863.0
2011-05-18,19104,19248,18817,19009,581794,2630400.0,132513863.0
2011-05-19,19056,19152,18003,18051,1151869,2497886.0,132513863.0
2011-05-20,17955,18099,17237,17572,2155760,2431629.0,132513863.0
2011-05-23,17285,17476,16710,16950,1473274,2345495.0,132513863.0
2011-05-24,16758,17237,16662,16806,1330333,2325618.0,132513863.0
2011-05-25,16854,16902,16327,16519,1348099,2285864.0,132513863.0
2011-05-26,16758,17237,16662,16854,1110520,2332244.0,132513863.0
2011-05-27,16902,17045,16471,16567,975600,2292490.0,132513863.0
2011-05-30,16614,16710,16327,16471,670526,2279238.0,132513863.0
2011-05-31,16375,16997,16375,16806,1303744,2325618.0,132513863.0
2011-06-01,16854,16854,16327,16615,1141210,2299116.0,132513863.0
2011-06-02,16183,16279,15992,16184,1015087,2239484.0,132513863.0
2011-06-03,16183,16423,15992,16280,698773,2252736.0,132513863.0
2011-06-07,15992,16279,15944,16184,590683,2239484.0,132513863.0
2011-06-08,16183,16375,15896,15992,583022,2212982.0,132513863.0
2011-06-09,15944,16279,15896,16232,534382,2246110.0,132513863.0
2011-06-10,16375,16423,15657,15657,640865,2166602.0,132513863.0
2011-06-13,15561,15609,14891,15083,1188176,2087093.0,132513863.0
2011-06-14,15034,15752,14938,15561,1172355,2153350.0,132513863.0
2011-06-15,15848,15896,15130,15609,1141159,2159976.0,132513863.0
2011-06-16,15274,15322,14795,14891,1420934,2060591.0,132513863.0
2011-06-17,14986,15034,14364,14460,1463994,2000959.0,132513863.0
2011-06-20,14555,14843,14316,14412,923045,1994334.0,132513863.0
2011-06-21,14603,15178,14603,14987,1194722,2073842.0,132513863.0
2011-06-22,15226,16040,15130,15801,1949965,2186479.0,132513863.0
2011-06-23,15561,15896,15417,15609,497623,2159976.0,132513863.0
2011-06-24,15705,16423,15705,16184,1204801,2239484.0,132513863.0
2011-06-27,15992,16040,15705,15849,849022,2193104.0,132513863.0
2011-06-28,16136,16375,15944,16088,1268517,2226233.0,132513863.0
2011-06-29,16566,16758,16040,16136,871036,2232859.0,132513863.0
2011-06-30,16375,16710,16279,16423,981252,2272613.0,132513863.0
2011-07-01,16758,17189,16662,16902,1051888,2338870.0,132513863.0
2011-07-04,17333,18386,17237,17860,2496042,2471384.0,132513863.0
2011-07-05,17811,18242,17524,17908,878575,2478009.0,132513863.0
2011-07-06,17763,17955,17572,17956,871699,2484635.0,132513863.0
2011-07-07,17907,18003,17620,17908,375119,2478009.0,132513863.0
2011-07-08,18147,18147,17716,17764,560977,2458132.0,132513863.0
2011-07-11,17668,17668,17093,17333,1119390,2398501.0,132513863.0
2011-07-12,16854,16997,16519,16806,1342980,2325618.0,132513863.0
2011-07-13,16949,16997,16662,16854,487095,2332244.0,132513863.0
2011-07-14,16854,17045,16423,17046,748686,2358747.0,132513863.0
2011-07-15,16854,17428,16758,17237,801010,2385250.0,132513863.0
2011-07-18,17380,17428,16136,16184,1612950,2239484.0,132513863.0
2011-07-19,16136,16614,16088,16567,732824,2292490.0,132513863.0
2011-07-20,16902,17045,16710,16758,800524,2318993.0,132513863.0
2011-07-21,16758,16758,16279,16471,748945,2279238.0,132513863.0
2011-07-22,16902,17380,16854,17333,1979975,2398501.0,132513863.0
2011-07-25,17045,17716,16997,17477,1141381,2418378.0,132513863.0
2011-07-26,17716,18673,17668,18291,3068674,2531015.0,132513863.0
2011-07-27,18434,19008,18099,18626,2270621,2577395.0,132513863.0
2011-07-28,18194,18865,18194,18482,614652,2557518.0,132513863.0
2011-07-29,18577,18625,18003,18099,639592,2504512.0,132513863.0
2011-08-01,18577,19008,18338,18769,1293127,2597272.0,132513863.0
2011-08-02,18434,18865,18194,18578,1236262,2570769.0,132513863.0
2011-08-03,18099,18194,17428,17908,2104532,2478009.0,132513863.0
2011-08-04,17955,18051,17189,17381,884793,2405127.0,132513863.0
2011-08-05,16327,17333,16327,16711,1399897,2312367.0,132513863.0
2011-08-08,16279,16614,14603,15609,2238159,2159976.0,132513863.0
2011-08-09,14843,15034,13454,14412,2009739,1994334.0,132513863.0
2011-08-10,15369,15465,14125,14173,2083095,1961205.0,132513863.0
2011-08-11,13215,14172,13215,13981,2162704,1934702.0,132513863.0
2011-08-12,14508,14843,14029,14077,1648280,1947954.0,132513863.0
2011-08-16,14843,15034,14699,15035,1052029,2080468.0,132513863.0
2011-08-17,14843,15417,14747,15083,772205,2087093.0,132513863.0
2011-08-18,15082,15226,14412,14556,705078,2014211.0,132513863.0
2011-08-19,13837,14029,13263,13263,945555,1835317.0,132513863.0
2011-08-22,13263,13502,12353,12449,2746513,1722680.0,132513863.0
2011-08-23,12640,13119,12592,13119,1212357,1815440.0,132513863.0
2011-08-24,13215,13311,12784,12784,1252721,1769060.0,132513863.0
2011-08-25,13119,13263,12592,12784,1203094,1769060.0,132513863.0
2011-08-26,12544,13023,12544,12880,811869,1782311.0,132513863.0
2011-08-29,13215,14124,13023,13981,1876003,1934702.0,132513863.0
2011-08-30,14220,14603,13885,14077,1353362,1947954.0,132513863.0
2011-08-31,14172,14412,13837,14317,818721,1981082.0,132513863.0
2011-09-01,14555,15130,14412,14556,1681051,2014211.0,132513863.0
2011-09-02,14412,14508,13598,13838,2169288,1914825.0,132513863.0
2011-09-05,13406,13406,12497,12593,3252757,1742557.0,132513863.0
2011-09-06,12161,12688,12113,12210,1919777,1689552.0,132513863.0
2011-09-07,12592,12688,12161,12497,4453878,1729306.0,132513863.0
2011-09-08,11252,11395,10629,10630,10822455,1470904.0,132513863.0
2011-09-09,10438,11108,10390,10725,7193136,1484155.0,132513863.0
2011-09-14,10821,10869,9959,10007,2069857,1384770.0,132513863.0
2011-09-15,10390,10390,9288,9576,5091865,1325139.0,132513863.0
2011-09-16,9911,10869,9911,10534,6005297,1457652.0,132513863.0
2011-09-19,10294,10821,10150,10534,1950582,1457652.0,132513863.0
2011-09-20,10390,11108,10294,10965,2497021,1517284.0,132513863.0
2011-09-21,10916,11252,10725,11204,2835673,1550412.0,132513863.0
2011-09-22,10821,10869,10438,10438,1597766,1444401.0,132513863.0
2011-09-23,9719,9863,9528,9528,1944785,1318513.0,132513863.0
2011-09-26,9719,9767,8762,9002,1534402,1245630.0,132513863.0
2011-09-27,9279,9624,9260,9576,1616638,1325139.0,132513863.0
2011-09-28,9672,10102,9528,9576,2745295,1325139.0,132513863.0
2011-09-29,9413,10581,9403,10486,2896637,1451027.0,132513863.0
2011-09-30,10486,10916,10198,10678,2478494,1477530.0,132513863.0
2011-10-04,9863,10246,9719,10151,1036579,1404647.0,132513863.0
2011-10-05,10246,10294,9298,9413,2987477,1302611.0,132513863.0
2011-10-06,9815,10198,9672,9816,2430430,1358267.0,132513863.0
2011-10-07,10246,11252,10150,10725,4047067,1484155.0,132513863.0
2011-10-10,10725,11300,10581,11108,2002022,1537161.0,132513863.0
2011-10-11,11635,12209,11347,11348,3418270,1570289.0,132513863.0
2011-10-12,11491,12305,11156,12018,2359165,1663049.0,132513863.0
2011-10-13,12161,12209,11635,11779,1786663,1629921.0,132513863.0
2011-10-14,11587,11826,11060,11827,1809055,1636546.0,132513863.0
2011-10-17,11970,12018,11635,11875,742097,1643172.0,132513863.0
2011-10-18,11491,11826,11395,11635,808331,1610043.0,132513863.0
2011-10-19,11826,11826,11300,11492,1066586,1590166.0,132513863.0
2011-10-20,11491,11730,10773,10773,1110052,1490781.0,132513863.0
2011-10-21,10773,11395,10533,11300,1826462,1563664.0,132513863.0
2011-10-24,11550,12250,11500,11900,2469425,1576915.0,132513863.0
2011-10-25,11900,12150,11700,11850,1238503,1570289.0,132513863.0
2011-10-26,11600,12000,11450,11850,797561,1570289.0,132513863.0
2011-10-27,12100,12650,11850,12300,1998442,1629921.0,132513863.0
2011-10-28,12900,13600,12600,12650,4409068,1676300.0,132513863.0
2011-10-31,12650,13050,12300,12450,2055515,1649798.0,132513863.0
2011-11-01,12200,12800,12150,12500,1385896,1656423.0,132513863.0
2011-11-02,12050,12150,11900,12100,1630406,1603418.0,132513863.0
2011-11-03,12100,12150,11250,11400,2339845,1510658.0,132513863.0
2011-11-04,11800,12050,11700,11850,1570555,1570289.0,132513863.0
2011-11-07,11850,11850,11300,11450,2017180,1517284.0,132513863.0
2011-11-08,11550,11600,11200,11350,998439,1504032.0,132513863.0
2011-11-09,11550,11650,11350,11350,631667,1504032.0,132513863.0
2011-11-10,10800,10950,10700,10700,1307284,1417898.0,132513863.0
2011-11-11,11000,11100,10750,10900,933687,1444401.0,132513863.0
2011-11-14,11150,11400,11100,11250,1048760,1490781.0,132513863.0
2011-11-15,11100,11200,10850,10950,1221430,1451027.0,132513863.0
2011-11-16,11000,11150,10700,10800,1147987,1431150.0,132513863.0
2011-11-17,10800,10800,10450,10750,1689314,1424524.0,132513863.0
2011-11-18,10400,10450,10150,10250,1881747,1358267.0,132513863.0
2011-11-21,10250,10350,9990,10000,1881865,1325139.0,132513863.0
2011-11-22,9910,10100,9860,9930,1236429,1315863.0,132513863.0
2011-11-23,9940,9950,9540,9540,1411462,1264182.0,132513863.0
2011-11-24,9500,9830,9460,9730,979438,1289360.0,132513863.0
2011-11-25,9740,9740,9510,9550,827775,1265507.0,132513863.0
2011-11-28,9750,10100,9740,10100,1136377,1338390.0,132513863.0
2011-11-29,10150,10200,9950,10200,1535092,1351641.0,132513863.0
2011-11-30,10100,10150,9840,9950,1139815,1318513.0,132513863.0
2011-12-01,10550,11400,10500,11350,6337331,1504032.0,132513863.0
2011-12-02,11200,11700,11050,11500,2242077,1523909.0,132513863.0
2011-12-05,11600,11650,11200,11350,1139129,1504032.0,132513863.0
2011-12-06,11250,11300,10700,10850,1544910,1437775.0,132513863.0
2011-12-07,10900,11250,10850,11150,1728248,1477530.0,132513863.0
2011-12-08,10950,11100,10800,11050,2444317,2201755.0,199253863.0
2011-12-09,10750,10850,10150,10350,3729041,2062277.0,199253863.0
2011-12-12,10700,10800,10450,10550,1906031,2102128.0,199253863.0
2011-12-13,10150,10400,10100,10400,1860821,2072240.0,199253863.0
2011-12-14,10350,10500,10250,10450,1052937,2082203.0,199253863.0
2011-12-15,10250,10250,10050,10050,1262472,2002501.0,199253863.0
2011-12-16,10200,10400,10000,10250,965398,2042352.0,199253863.0
2011-12-19,10150,10150,9560,9730,1965875,1938740.0,199253863.0
2011-12-20,9900,10050,9820,9930,1296341,1978591.0,199253863.0
2011-12-21,10500,10750,10400,10600,2563204,2112091.0,199253863.0
2011-12-22,10550,10600,10400,10550,520951,2102128.0,199253863.0
2011-12-23,10650,10800,10450,10800,1298750,2151942.0,199253863.0
2011-12-26,10900,10900,10700,10800,725019,2151942.0,199253863.0
2011-12-27,10800,10800,10250,10600,1077152,2112091.0,199253863.0
2011-12-28,10550,10650,10400,10550,1515788,2102128.0,199253863.0
2011-12-29,10450,10600,10350,10600,1122626,2112091.0,199253863.0
2012-01-02,10500,10600,10050,10300,1908886,2052315.0,199253863.0
2012-01-03,10450,10850,10400,10800,2143598,2151942.0,199253863.0
2012-01-04,10850,10950,10650,10800,1397368,2151942.0,199253863.0
2012-01-05,10800,10950,10750,10900,1170951,2171867.0,199253863.0
2012-01-06,10950,10950,10500,10600,1020734,2112091.0,199253863.0
2012-01-09,10550,10600,10250,10600,831569,2112091.0,199253863.0
2012-01-10,10600,11350,10600,11300,2645033,2251569.0,199253863.0
2012-01-11,11200,11600,11150,11350,1870611,2261531.0,199253863.0
2012-01-12,11500,12250,11400,12150,4439416,2420934.0,199253863.0
2012-01-13,12150,12550,12050,12450,2511821,2480711.0,199253863.0
2012-01-16,12350,12550,12000,12450,1865314,2480711.0,199253863.0
2012-01-17,12650,13200,12600,12950,2670637,2580338.0,199253863.0
2012-01-18,12950,13000,12500,12650,2205956,2520561.0,199253863.0
2012-01-19,12950,13150,12400,12600,2297012,2510599.0,199253863.0
2012-01-20,12650,13500,12600,13400,3649931,2670002.0,199253863.0
2012-01-25,13300,13600,12800,13000,3201791,2590300.0,199253863.0
2012-01-26,13150,13200,12750,12950,1988164,2580338.0,199253863.0
2012-01-27,12950,13500,12850,13250,2906895,2640114.0,199253863.0
2012-01-30,13050,13200,12750,13150,2392271,2620188.0,199253863.0
2012-01-31,13150,13350,13000,13300,1566853,2650076.0,199253863.0
2012-02-01,13300,13800,13200,13550,2069194,2699890.0,199253863.0
2012-02-02,13800,14000,13600,13700,2410284,2729778.0,199253863.0
2012-02-03,13650,13850,13400,13650,1593282,2719815.0,199253863.0
2012-02-06,14000,14100,13700,13850,1693768,2759666.0,199253863.0
2012-02-07,13900,13950,13400,13450,1387377,2679964.0,199253863.0
2012-02-08,13500,13850,13400,13800,1724360,2749703.0,199253863.0
2012-02-09,13500,13600,13000,13500,3779086,2689927.0,199253863.0
2012-02-10,13450,13750,13300,13500,1399869,2689927.0,199253863.0
2012-02-13,13450,13800,13400,13550,1175612,2699890.0,199253863.0
2012-02-14,13550,13700,13500,13650,1444974,2719815.0,199253863.0
2012-02-15,13650,14200,13600,14100,3311649,2809479.0,199253863.0
2012-02-16,13900,14050,13450,13450,2577941,2679964.0,199253863.0
2012-02-17,13750,14200,13700,14150,2874898,2819442.0,199253863.0
2012-02-20,14450,14550,14150,14200,1601939,2829405.0,199253863.0
2012-02-21,14200,14350,13800,14100,1532949,2809479.0,199253863.0
2012-02-22,13950,14000,13650,14000,1477487,2789554.0,199253863.0
2012-02-23,13800,13800,13500,13650,1948751,2719815.0,199253863.0
2012-02-24,13700,14250,13600,14250,1745409,2839368.0,199253863.0
2012-02-27,14200,14200,13850,14000,1333111,2789554.0,199253863.0
2012-02-28,14050,14250,13850,14200,1208441,2829405.0,199253863.0
2012-02-29,14350,14450,14050,14050,1815101,2799517.0,199253863.0
2012-03-02,14250,14300,13600,13750,1896455,2739741.0,199253863.0
2012-03-05,13750,13750,13300,13400,1863869,2670002.0,199253863.0
2012-03-06,13400,13500,12900,13150,2346020,2620188.0,199253863.0
2012-03-07,12750,13150,12700,13100,1462048,2610226.0,199253863.0
2012-03-08,13200,13500,13050,13500,1400578,2689927.0,199253863.0
2012-03-09,13600,13650,13100,13400,2173337,2670002.0,199253863.0
2012-03-12,13300,13300,13000,13050,1306551,2600263.0,199253863.0
2012-03-13,13150,13400,13100,13300,1240755,2650076.0,199253863.0
2012-03-14,13750,14100,13750,13800,3136420,2749703.0,199253863.0
2012-03-15,13750,13950,13600,13850,1326969,2759666.0,199253863.0
2012-03-16,14000,14050,13700,13900,1056524,2769629.0,199253863.0
2012-03-19,13950,14400,13950,14150,1890638,2819442.0,199253863.0
2012-03-20,14100,14250,13750,13900,1301490,2769629.0,199253863.0
2012-03-21,13750,13850,13500,13600,1824799,2709853.0,199253863.0
2012-03-22,13550,13650,13300,13450,1043357,2679964.0,199253863.0
2012-03-23,13300,13700,13200,13700,1635667,2729778.0,199253863.0
2012-03-26,13700,13800,13200,13400,2381968,2670002.0,199253863.0
2012-03-27,13600,13650,13300,13400,1158543,2670002.0,199253863.0
2012-03-28,13350,13400,13200,13200,1029379,2630151.0,199253863.0
2012-03-29,12950,13050,12800,12950,1284599,2580338.0,199253863.0
2012-03-30,12900,13050,12750,13050,1167848,2600263.0,199253863.0
2012-04-02,13050,13100,12850,13000,924294,2590300.0,199253863.0
2012-04-03,13050,13200,12950,13050,1277635,2600263.0,199253863.0
2012-04-04,12950,13000,12400,12550,2015996,2500636.0,199253863.0
2012-04-05,12250,12400,12000,12400,1746304,2470748.0,199253863.0
2012-04-06,12350,12500,12200,12350,656337,2460785.0,199253863.0
2012-04-09,12100,12200,11900,11900,1184172,2371121.0,199253863.0
2012-04-10,11850,12150,11850,11900,765268,2371121.0,199253863.0
2012-04-12,11750,12050,11700,12050,686198,2401009.0,199253863.0
2012-04-13,12250,12400,12150,12400,1009228,2470748.0,199253863.0
2012-04-16,12150,12200,12100,12200,608529,2430897.0,199253863.0
2012-04-17,12300,12400,12050,12050,829571,2401009.0,199253863.0
2012-04-18,12350,12450,12050,12050,796118,2401009.0,199253863.0
2012-04-19,12000,12100,11700,11800,1784559,2351196.0,199253863.0
2012-04-20,11800,11800,11550,11600,664546,2311345.0,199253863.0
2012-04-23,11600,11750,11550,11700,537713,2331270.0,199253863.0
2012-04-24,11450,11650,11450,11600,658609,2311345.0,199253863.0
2012-04-25,11800,11800,11300,11400,885423,2271494.0,199253863.0
2012-04-26,11500,11550,11050,11150,1074144,2221681.0,199253863.0
2012-04-27,11200,11500,11150,11250,733871,2241606.0,199253863.0
2012-04-30,11400,11450,11000,11200,749972,2231643.0,199253863.0
2012-05-02,11250,11750,11150,11700,1835840,2331270.0,199253863.0
2012-05-03,11650,11800,11500,11650,805704,2321308.0,199253863.0
2012-05-04,11600,11850,11550,11800,822083,2351196.0,199253863.0
2012-05-07,11500,11600,11300,11450,1003389,2281457.0,199253863.0
2012-05-08,11550,11650,11400,11550,452172,2301382.0,199253863.0
2012-05-09,11400,11550,11300,11450,499633,2281457.0,199253863.0
2012-05-10,11350,11350,11100,11350,930071,2261531.0,199253863.0
2012-05-11,11250,11250,11000,11000,800288,2191792.0,199253863.0
2012-05-14,11050,11050,10700,10950,681000,2181830.0,199253863.0
2012-05-15,10700,10950,10650,10850,827253,2161904.0,199253863.0
2012-05-16,10700,10800,10500,10550,737188,2102128.0,199253863.0
2012-05-17,10550,10900,10550,10650,752293,2122054.0,199253863.0
2012-05-18,10350,10400,10200,10250,1158190,2042352.0,199253863.0
2012-05-21,10300,10400,10100,10150,676172,2022427.0,199253863.0
2012-05-22,10350,10650,10250,10650,1018296,2122054.0,199253863.0
2012-05-23,10450,10500,10250,10450,1122762,2082203.0,199253863.0
2012-05-24,10400,10550,10300,10400,494538,2072240.0,199253863.0
2012-05-25,10500,10550,10300,10450,474899,2082203.0,199253863.0
2012-05-29,10450,10800,10350,10750,1128267,2141979.0,199253863.0
2012-05-30,10750,10850,10500,10750,735859,2141979.0,199253863.0
2012-05-31,10500,10700,10450,10600,688672,2112091.0,199253863.0
2012-06-01,10650,10700,10400,10500,641814,2092166.0,199253863.0
2012-06-04,10100,10300,10000,10100,1055788,2012464.0,199253863.0
2012-06-05,10200,10300,10050,10200,752467,2032389.0,199253863.0
2012-06-07,10500,10600,10400,10450,982155,2082203.0,199253863.0
2012-06-08,10350,10450,10200,10300,498981,2052315.0,199253863.0
2012-06-11,10500,10900,10450,10750,1658217,2141979.0,199253863.0
2012-06-12,10500,10850,10500,10750,842400,2141979.0,199253863.0
2012-06-13,10900,10900,10550,10700,462933,2132016.0,199253863.0
2012-06-14,10600,10850,10550,10700,828612,2132016.0,199253863.0
2012-06-15,10800,11150,10600,10900,837737,2171867.0,199253863.0
2012-06-18,11300,11400,11000,11000,1484910,2191792.0,199253863.0
2012-06-19,10900,11100,10800,10950,811621,2181830.0,199253863.0
2012-06-20,11150,11250,11000,11200,678530,2231643.0,199253863.0
2012-06-21,11050,11150,10800,10950,981203,2181830.0,199253863.0
2012-06-22,10650,10750,10600,10700,868415,2132016.0,199253863.0
2012-06-25,10700,10750,10500,10600,658966,2112091.0,199253863.0
2012-06-26,10450,10650,10450,10500,374831,2092166.0,199253863.0
2012-06-27,10500,10650,10350,10550,627193,2102128.0,199253863.0
2012-06-28,10650,10800,10550,10650,785315,2122054.0,199253863.0
2012-06-29,10600,11150,10550,11050,1725974,2201755.0,199253863.0
2012-07-02,11350,11350,11050,11050,636932,2201755.0,199253863.0
2012-07-03,11050,11500,11050,11450,1385242,2281457.0,199253863.0
2012-07-04,11450,11600,11250,11550,802234,2301382.0,199253863.0
2012-07-05,11450,11700,11350,11400,875896,2271494.0,199253863.0
2012-07-06,11400,11600,11300,11500,813685,2291419.0,199253863.0
2012-07-09,11400,11450,11250,11250,376923,2241606.0,199253863.0
2012-07-10,11200,11350,11000,11200,632354,2231643.0,199253863.0
2012-07-11,11100,11350,11050,11250,680225,2241606.0,199253863.0
2012-07-12,11250,11650,11100,11100,1528505,2211718.0,199253863.0
2012-07-13,11200,11500,10750,11300,1052862,2251569.0,199253863.0
2012-07-16,11500,11650,11300,11350,901643,2261531.0,199253863.0
2012-07-17,11300,11450,11000,11200,978673,2231643.0,199253863.0
2012-07-18,11250,11250,10800,10950,974536,2181830.0,199253863.0
2012-07-19,11150,11150,10800,10950,814079,2181830.0,199253863.0
2012-07-20,10850,10950,10700,10800,995815,2151942.0,199253863.0
2012-07-23,10600,10650,10350,10350,1507481,2062277.0,199253863.0
2012-07-24,10350,10500,10200,10500,748355,2092166.0,199253863.0
2012-07-25,10250,10300,10100,10150,1019398,2022427.0,199253863.0
2012-07-26,10150,10250,10050,10250,760654,2042352.0,199253863.0
2012-07-27,10500,10650,10350,10550,1126212,2102128.0,199253863.0
2012-07-30,10700,10850,10500,10600,674158,2112091.0,199253863.0
2012-07-31,10700,10950,10500,10900,1354014,2171867.0,199253863.0
2012-08-01,10750,11050,10700,11000,768238,2191792.0,199253863.0
2012-08-02,10950,11000,10750,10850,636316,2161904.0,199253863.0
2012-08-03,10650,10850,10600,10750,647510,2141979.0,199253863.0
2012-08-06,11050,11250,10950,11100,1041191,2211718.0,199253863.0
2012-08-07,11050,11400,11000,11250,862583,2241606.0,199253863.0
2012-08-08,11350,11750,11300,11450,2203176,2281457.0,199253863.0
2012-08-09,11550,12000,11500,11800,1690771,2351196.0,199253863.0
2012-08-10,11850,11950,11650,11800,817446,2351196.0,199253863.0
2012-08-13,11800,11950,11700,11700,409876,2331270.0,199253863.0
2012-08-14,11800,12000,11750,11850,898386,2361158.0,199253863.0
2012-08-16,11800,11850,11700,11850,433641,2361158.0,199253863.0
2012-08-17,11950,12050,11800,11850,688994,2361158.0,199253863.0
2012-08-20,11900,11950,11650,11750,817104,2341233.0,199253863.0
2012-08-21,11800,11850,11500,11550,1060782,2301382.0,199253863.0
2012-08-22,11500,11600,11300,11600,776045,2311345.0,199253863.0
2012-08-23,11500,11650,11400,11650,471920,2321308.0,199253863.0
2012-08-24,11450,11550,11200,11300,1134208,2251569.0,199253863.0
2012-08-27,11400,11600,11350,11500,561781,2291419.0,199253863.0
2012-08-28,11550,11600,11350,11450,446234,2281457.0,199253863.0
2012-08-29,11400,11500,11350,11500,514784,2291419.0,199253863.0
2012-08-30,11450,11500,11100,11150,1018739,2221681.0,199253863.0
2012-08-31,11050,11150,11000,11100,515164,2211718.0,199253863.0
2012-09-03,11200,11300,11000,11200,564203,2231643.0,199253863.0
2012-09-04,11150,11350,11050,11200,611680,2231643.0,199253863.0
2012-09-05,11100,11150,10950,11050,627722,2201755.0,199253863.0
2012-09-06,11050,11100,10900,10950,567052,2181830.0,199253863.0
2012-09-07,11350,11450,11250,11450,1129826,2281457.0,199253863.0
2012-09-10,11500,11500,11300,11400,413028,2271494.0,199253863.0
2012-09-11,11350,11400,11200,11300,686392,2251569.0,199253863.0
2012-09-12,11350,11750,11300,11600,1413225,2311345.0,199253863.0
2012-09-13,11550,11600,11450,11500,639972,2291419.0,199253863.0
2012-09-14,12100,13150,12050,12700,6871408,2530524.0,199253863.0
2012-09-17,12800,13250,12700,12800,3063707,2550449.0,199253863.0
2012-09-18,12850,13150,12750,12950,1860569,2580338.0,199253863.0
2012-09-19,12900,13200,12700,13050,2127321,2600263.0,199253863.0
2012-09-20,13050,13050,12650,12650,1615633,2520561.0,199253863.0
2012-09-21,12750,12900,12550,12750,1098937,2540487.0,199253863.0
2012-09-24,12600,12700,12300,12500,1155845,2490673.0,199253863.0
2012-09-25,12400,12700,12350,12400,788046,2470748.0,199253863.0
2012-09-26,12200,12350,12150,12300,764762,2450823.0,199253863.0
2012-09-27,11950,12000,11250,11750,5024113,2341233.0,199253863.0
2012-09-28,11800,11850,11650,11750,1230820,2341233.0,199253863.0
2012-10-02,11800,11850,11700,11750,402636,2341233.0,199253863.0
2012-10-04,11750,11800,11550,11750,735159,2341233.0,199253863.0
2012-10-05,11900,11950,11650,11700,824999,2331270.0,199253863.0
2012-10-08,11700,11750,11400,11550,520847,2301382.0,199253863.0
2012-10-09,11450,11650,11350,11500,600270,2291419.0,199253863.0
2012-10-10,11350,11350,11100,11250,1025613,2241606.0,199253863.0
2012-10-11,11200,11400,11150,11200,576179,2231643.0,199253863.0
2012-10-12,11250,11250,11100,11100,477594,2211718.0,199253863.0
2012-10-15,11050,11150,10750,10900,974606,2171867.0,199253863.0
2012-10-16,11100,11200,10950,11050,702601,2201755.0,199253863.0
2012-10-17,11200,11350,11150,11200,727370,2231643.0,199253863.0
2012-10-18,11250,11350,11100,11300,451363,2251569.0,199253863.0
2012-10-19,11250,11300,11150,11200,352713,2231643.0,199253863.0
2012-10-22,10900,11050,10850,11000,705367,2191792.0,199253863.0
2012-10-23,11000,11000,10750,10800,509510,2151942.0,199253863.0
2012-10-24,10600,10650,10450,10650,1157555,2122054.0,199253863.0
2012-10-25,10650,10750,10450,10650,498914,2122054.0,199253863.0
2012-10-26,10550,10650,10400,10500,650445,2092166.0,199253863.0
2012-10-29,10550,10600,10450,10550,328243,2102128.0,199253863.0
2012-10-30,10550,10650,10350,10450,845735,2082203.0,199253863.0
2012-10-31,10550,10650,10500,10550,519760,2102128.0,199253863.0
2012-11-01,10550,10550,10350,10400,389253,2072240.0,199253863.0
2012-11-02,10650,10700,10450,10700,694577,2132016.0,199253863.0
2012-11-05,10500,10650,10450,10500,382771,2092166.0,199253863.0
2012-11-06,10450,10900,10450,10800,810313,2151942.0,199253863.0
2012-11-07,10850,11250,10800,11050,1507078,2201755.0,199253863.0
2012-11-08,10750,10850,10650,10650,835926,2122054.0,199253863.0
2012-11-09,10550,10800,10500,10650,523042,2122054.0,199253863.0
2012-11-12,10650,10750,10600,10600,271734,2112091.0,199253863.0
2012-11-13,10600,10650,10250,10500,811689,2092166.0,199253863.0
2012-11-14,10400,10500,10150,10500,688201,2092166.0,199253863.0
2012-11-15,10200,10350,10150,10250,583617,2042352.0,199253863.0
2012-11-16,10000,10100,9940,10050,1288989,2002501.0,199253863.0
2012-11-19,10050,10250,10000,10200,537837,2032389.0,199253863.0
2012-11-20,10450,10500,10300,10300,598259,2052315.0,199253863.0
2012-11-21,10300,10350,10000,10150,438054,2022427.0,199253863.0
2012-11-22,10250,10300,10100,10200,365823,2032389.0,199253863.0
2012-11-23,10200,10250,10050,10100,395006,2012464.0,199253863.0
2012-11-26,10150,10250,10000,10100,852831,2012464.0,199253863.0
2012-11-27,10200,10550,10150,10450,1326506,2082203.0,199253863.0
2012-11-28,10350,10400,10150,10300,562144,2052315.0,199253863.0
2012-11-29,10450,10850,10400,10650,1912962,2122054.0,199253863.0
2012-11-30,10650,10850,10550,10650,550692,2122054.0,199253863.0
2012-12-03,10600,10750,10550,10650,535738,2122054.0,199253863.0
2012-12-04,10550,10700,10450,10600,504488,2112091.0,199253863.0
2012-12-05,10650,11000,10550,10900,1218745,2171867.0,199253863.0
2012-12-06,10850,11050,10800,11000,954176,2191792.0,199253863.0
2012-12-07,11050,11100,10950,11000,462244,2191792.0,199253863.0
2012-12-10,10850,10900,10700,10750,998854,2141979.0,199253863.0
2012-12-11,10800,11350,10750,11200,2160568,2231643.0,199253863.0
2012-12-12,11350,11550,11250,11450,1529398,2281457.0,199253863.0
2012-12-13,11400,11650,11350,11550,1210830,2301382.0,199253863.0
2012-12-14,11450,11750,11450,11700,932744,2331270.0,199253863.0
2012-12-17,11650,11750,11450,11450,764220,2281457.0,199253863.0
2012-12-18,11600,11900,11600,11750,1508673,2341233.0,199253863.0
2012-12-20,11800,12100,11800,12000,2149942,2391046.0,199253863.0
2012-12-21,12150,12200,11700,11800,1167854,2351196.0,199253863.0
2012-12-24,11800,11800,11550,11700,702723,2331270.0,199253863.0
2012-12-26,11700,11850,11650,11650,999349,2321308.0,199253863.0
2012-12-27,11650,12000,11550,11950,676545,2381084.0,199253863.0
2012-12-28,11900,12050,11850,11850,837481,2361158.0,199253863.0
2013-01-02,12100,12800,12050,12700,4009057,2530524.0,199253863.0
2013-01-03,12800,12900,12600,12700,1687420,2530524.0,199253863.0
2013-01-04,12700,12700,12300,12450,1374673,2480711.0,199253863.0
2013-01-07,12500,12500,12100,12250,1293984,2440860.0,199253863.0
2013-01-08,12100,12300,12000,12050,1050809,2401009.0,199253863.0
2013-01-09,12000,12200,11900,12050,950444,2401009.0,199253863.0
2013-01-10,12100,12400,11950,12350,1411809,2460785.0,199253863.0
2013-01-11,12450,12450,11800,11850,2368104,2361158.0,199253863.0
2013-01-14,11800,11850,11550,11850,1193252,2361158.0,199253863.0
2013-01-15,11750,11950,11500,11600,1247710,2311345.0,199253863.0
2013-01-16,11600,11700,11350,11450,1064834,2281457.0,199253863.0
2013-01-17,11500,11600,11350,11500,1192728,2291419.0,199253863.0
2013-01-18,11700,12200,11650,12150,2894043,2420934.0,199253863.0
2013-01-21,12100,12400,11950,12150,1408629,2420934.0,199253863.0
2013-01-22,12350,12350,12000,12150,744240,2420934.0,199253863.0
2013-01-23,12200,12300,11800,11800,972238,2351196.0,199253863.0
2013-01-24,11850,12150,11700,11950,1019709,2381084.0,199253863.0
2013-01-25,12100,12300,12000,12300,1422895,2450823.0,199253863.0
2013-01-28,12400,12800,12250,12650,2400891,2520561.0,199253863.0
2013-01-29,12550,12650,12350,12650,995045,2520561.0,199253863.0
2013-01-30,12650,12800,12400,12600,1043290,2510599.0,199253863.0
2013-01-31,12500,12600,12150,12350,1378405,2460785.0,199253863.0
2013-02-01,12250,12400,11900,12300,1518199,2450823.0,199253863.0
2013-02-04,12400,12450,12100,12150,546376,2420934.0,199253863.0
2013-02-05,11950,12000,11800,11900,882661,2371121.0,199253863.0
2013-02-06,12000,12050,11800,11850,665544,2361158.0,199253863.0
2013-02-07,11850,11950,11700,11900,521212,2371121.0,199253863.0
2013-02-08,11800,12150,11800,12000,645617,2391046.0,199253863.0
2013-02-12,12000,12100,11900,11950,316333,2381084.0,199253863.0
2013-02-13,12000,12450,12000,12400,1243479,2470748.0,199253863.0
2013-02-14,12350,12600,12300,12450,963425,2480711.0,199253863.0
2013-02-15,12550,12550,12350,12400,524489,2470748.0,199253863.0
2013-02-18,12400,12600,12350,12450,528459,2480711.0,199253863.0
2013-02-19,12450,12500,12350,12500,575500,2490673.0,199253863.0
2013-02-20,12700,12950,12600,12850,2358037,2560412.0,199253863.0
2013-02-21,12700,12800,12600,12800,1002075,2550449.0,199253863.0
2013-02-22,12650,12900,12600,12900,1027493,2570375.0,199253863.0
2013-02-25,13000,13150,12800,12800,1379047,2550449.0,199253863.0
2013-02-26,12600,12850,12550,12700,792356,2530524.0,199253863.0
2013-02-27,12800,12850,12550,12600,638583,2510599.0,199253863.0
2013-02-28,12800,12900,12600,12750,1159972,2540487.0,199253863.0
2013-03-04,12700,12700,12350,12450,989523,2480711.0,199253863.0
2013-03-05,12550,12700,12400,12450,829247,2480711.0,199253863.0
2013-03-06,12700,12750,12500,12500,740544,2490673.0,199253863.0
2013-03-07,12500,12600,12400,12500,345641,2490673.0,199253863.0
2013-03-08,12550,12600,12400,12550,533689,2500636.0,199253863.0
2013-03-11,12500,12500,12200,12450,698368,2480711.0,199253863.0
2013-03-12,12450,12500,12150,12250,1090116,2440860.0,199253863.0
2013-03-13,12200,12300,12050,12250,754523,2440860.0,199253863.0
2013-03-14,12200,12350,11950,12150,1250496,2420934.0,199253863.0
2013-03-15,12300,12350,11950,12050,1148801,2401009.0,199253863.0
2013-03-18,11950,12100,11750,11850,1045057,2361158.0,199253863.0
2013-03-19,11900,11950,11800,11850,686876,2361158.0,199253863.0
2013-03-20,11750,11800,11550,11650,1204561,2321308.0,199253863.0
2013-03-21,11700,11750,11550,11600,518412,2311345.0,199253863.0
2013-03-22,11550,11850,11550,11750,546867,2341233.0,199253863.0
2013-03-25,11900,12100,11850,11850,969416,2361158.0,199253863.0
2013-03-26,11800,11850,11700,11800,483133,2351196.0,199253863.0
2013-03-27,11900,11950,11650,11650,710581,2321308.0,199253863.0
2013-03-28,11700,11750,11450,11450,603544,2281457.0,199253863.0
2013-03-29,11600,11900,11550,11750,1043730,2341233.0,199253863.0
2013-04-01,11850,11900,11650,11650,447288,2321308.0,199253863.0
2013-04-02,11650,11700,11100,11250,1504297,2241606.0,199253863.0
2013-04-03,11300,11350,11000,11250,804871,2241606.0,199253863.0
2013-04-04,11050,11100,10700,11000,1070226,2191792.0,199253863.0
2013-04-05,10900,11050,10750,10900,876938,2171867.0,199253863.0
2013-04-08,10800,11100,10800,11050,1162319,2201755.0,199253863.0
2013-04-09,11050,11100,10850,11050,1045788,2201755.0,199253863.0
2013-04-10,11450,11600,11300,11350,1595228,2261531.0,199253863.0
2013-04-11,11450,11500,11000,11400,920733,2271494.0,199253863.0
2013-04-12,11350,11400,11000,11050,992165,2201755.0,199253863.0
2013-04-15,11000,11350,11000,11100,576965,2211718.0,199253863.0
2013-04-16,10900,11200,10900,11200,770843,2231643.0,199253863.0
2013-04-17,11300,11300,10900,11050,914743,2201755.0,199253863.0
2013-04-18,10900,11050,10800,10800,854140,2151942.0,199253863.0
2013-04-19,10750,11050,10750,10950,756156,2181830.0,199253863.0
2013-04-22,10950,11250,10900,11200,550884,2231643.0,199253863.0
2013-04-23,11100,11200,10950,11200,598949,2231643.0,199253863.0
2013-04-24,11350,11350,11150,11250,964101,2241606.0,199253863.0
2013-04-25,11250,11450,11100,11400,945164,2271494.0,199253863.0
2013-04-26,11400,11500,11300,11450,693698,2281457.0,199253863.0
2013-04-29,11500,11500,11250,11250,605550,2241606.0,199253863.0
2013-04-30,11300,11500,11250,11300,893938,2251569.0,199253863.0
2013-05-02,11300,11500,11200,11200,602976,2231643.0,199253863.0
2013-05-03,11400,11450,11300,11350,774027,2261531.0,199253863.0
2013-05-06,11500,11550,11250,11300,863976,2251569.0,199253863.0
2013-05-07,11350,11400,11250,11300,407313,2251569.0,199253863.0
2013-05-08,11600,12150,11550,12000,3468678,2391046.0,199253863.0
2013-05-09,12150,12450,11950,12450,1982687,2480711.0,199253863.0
2013-05-10,12300,12500,12050,12050,1118582,2401009.0,199253863.0
2013-05-13,12150,12500,12050,12500,798000,2490673.0,199253863.0
2013-05-14,12400,12650,12300,12650,1175846,2520561.0,199253863.0
2013-05-15,12650,12700,12150,12250,1049448,2440860.0,199253863.0
2013-05-16,12250,12400,12150,12200,936779,2430897.0,199253863.0
2013-05-20,12250,12400,12100,12200,796719,2430897.0,199253863.0
2013-05-21,12300,12350,11900,12000,856842,2391046.0,199253863.0
2013-05-22,12050,12400,11950,12300,1122462,2450823.0,199253863.0
2013-05-23,12200,12300,11950,11950,900255,2381084.0,199253863.0
2013-05-24,12100,12400,12000,12300,1042448,2450823.0,199253863.0
2013-05-27,12350,12600,12250,12500,926183,2490673.0,199253863.0
2013-05-28,12500,12500,12300,12400,721869,2470748.0,199253863.0
2013-05-29,12500,12850,12450,12750,1913182,2540487.0,199253863.0
2013-05-30,12700,12850,12650,12700,865655,2530524.0,199253863.0
2013-05-31,12700,12850,12500,12500,1230236,2490673.0,199253863.0
2013-06-03,12450,12600,12300,12400,790634,2470748.0,199253863.0
2013-06-04,12400,12500,12100,12250,963202,2440860.0,199253863.0
2013-06-05,12250,12250,11650,11850,1664047,2361158.0,199253863.0
2013-06-07,11750,11850,11500,11600,901922,2311345.0,199253863.0
2013-06-10,11700,11850,11600,11750,547628,2341233.0,199253863.0
2013-06-11,11750,11800,11450,11600,610800,2311345.0,199253863.0
2013-06-12,11500,11750,11400,11450,502878,2281457.0,199253863.0
2013-06-13,11350,11400,11050,11250,1196028,2241606.0,199253863.0
2013-06-14,11350,11400,10950,11100,1111286,2211718.0,199253863.0
2013-06-17,11050,11200,10900,11050,717422,2201755.0,199253863.0
2013-06-18,11200,11200,11000,11200,512231,2231643.0,199253863.0
2013-06-19,11200,11200,11000,11050,416938,2201755.0,199253863.0
2013-06-20,10900,10950,10700,10750,1037406,2141979.0,199253863.0
2013-06-21,10500,10650,10400,10550,1197272,2102128.0,199253863.0
2013-06-24,10500,10550,10350,10400,594703,2072240.0,199253863.0
2013-06-25,10250,10600,10200,10350,721695,2062277.0,199253863.0
2013-06-26,10650,10800,10450,10650,1089376,2122054.0,199253863.0
2013-06-27,11000,11550,10950,11100,1782011,2211718.0,199253863.0
2013-06-28,11100,11250,11000,11250,677590,2241606.0,199253863.0
2013-07-01,11050,11300,11050,11150,663607,2221681.0,199253863.0
2013-07-02,11150,11400,11100,11300,605335,2251569.0,199253863.0
2013-07-03,11200,11400,11000,11000,666450,2191792.0,199253863.0
2013-07-04,11100,11200,11050,11150,379914,2221681.0,199253863.0
2013-07-05,11250,11350,11150,11150,489844,2221681.0,199253863.0
2013-07-08,11200,11200,10950,11050,414163,2201755.0,199253863.0
2013-07-09,11100,11150,10900,11100,266504,2211718.0,199253863.0
2013-07-10,11100,11150,10800,10900,410469,2171867.0,199253863.0
2013-07-11,11000,11300,11000,11300,512786,2251569.0,199253863.0
2013-07-12,11300,11500,11100,11400,748180,2271494.0,199253863.0
2013-07-15,11400,11600,11300,11600,531848,2311345.0,199253863.0
2013-07-16,11500,11650,11400,11500,448651,2291419.0,199253863.0
2013-07-17,11700,12100,11550,11950,1903840,2381084.0,199253863.0
2013-07-18,12050,12050,11750,11750,523059,2341233.0,199253863.0
2013-07-19,11800,11900,11650,11700,384818,2331270.0,199253863.0
2013-07-22,11800,11900,11700,11850,309969,2361158.0,199253863.0
2013-07-23,11900,12350,11850,12300,1590427,2450823.0,199253863.0
2013-07-24,12250,12400,12150,12400,625723,2470748.0,199253863.0
2013-07-25,12250,12300,11900,12050,846578,2401009.0,199253863.0
2013-07-26,12050,12050,11750,11850,674406,2361158.0,199253863.0
2013-07-29,11800,11950,11750,11850,386819,2361158.0,199253863.0
2013-07-30,11850,12000,11800,12000,371795,2391046.0,199253863.0
2013-07-31,12000,12000,11650,11700,953724,2331270.0,199253863.0
2013-08-01,11750,12050,11700,11900,698107,2371121.0,199253863.0
2013-08-02,12100,12200,11950,12000,805516,2391046.0,199253863.0
2013-08-05,12050,12100,11900,12100,258701,2410972.0,199253863.0
2013-08-06,12000,12050,11850,12000,414197,2391046.0,199253863.0
2013-08-07,11850,11950,11700,11800,398965,2351196.0,199253863.0
2013-08-08,11800,11850,11700,11800,329126,2351196.0,199253863.0
2013-08-09,11750,11850,11650,11800,310796,2351196.0,199253863.0
2013-08-12,11800,11900,11650,11750,390358,2341233.0,199253863.0
2013-08-13,11750,11850,11650,11800,522085,2351196.0,199253863.0
2013-08-14,11850,11850,11550,11750,885947,2341233.0,199253863.0
2013-08-16,11650,11700,11350,11450,908809,2281457.0,199253863.0
2013-08-19,11450,11650,11300,11650,400829,2321308.0,199253863.0
2013-08-20,11500,11600,11200,11300,791560,2251569.0,199253863.0
2013-08-21,11250,11300,10850,10850,890093,2161904.0,199253863.0
2013-08-22,10650,10750,10500,10650,1073204,2122054.0,199253863.0
2013-08-23,10750,11050,10650,10850,772578,2161904.0,199253863.0
2013-08-26,10950,11100,10750,11050,442423,2201755.0,199253863.0
2013-08-27,10900,11050,10750,10900,465400,2171867.0,199253863.0
2013-08-28,10650,10850,10600,10800,394947,2151942.0,199253863.0
2013-08-29,10800,11050,10800,11000,312921,2191792.0,199253863.0
2013-08-30,11000,11100,10850,10900,601593,2171867.0,199253863.0
2013-09-02,10900,11000,10800,10950,466306,2181830.0,199253863.0
2013-09-03,11000,11200,10950,11150,566083,2221681.0,199253863.0
2013-09-04,11050,11200,11000,11150,453321,2221681.0,199253863.0
2013-09-05,11200,11250,11050,11150,635545,2221681.0,199253863.0
2013-09-06,11150,11150,11000,11050,515257,2201755.0,199253863.0
2013-09-09,11050,11500,11000,11400,1339889,2271494.0,199253863.0
2013-09-10,11400,11700,11350,11600,1160884,2311345.0,199253863.0
2013-09-11,11700,11750,11550,11700,816727,2331270.0,199253863.0
2013-09-12,11750,11800,11550,11650,982158,2321308.0,199253863.0
2013-09-13,11550,11650,11250,11350,935394,2261531.0,199253863.0
2013-09-16,11450,11650,11400,11400,632095,2271494.0,199253863.0
2013-09-17,11450,11550,11350,11450,404820,2281457.0,199253863.0
2013-09-23,11550,11750,11450,11700,645533,2331270.0,199253863.0
2013-09-24,11600,11800,11450,11800,795624,2351196.0,199253863.0
2013-09-25,11750,11750,11550,11550,464668,2301382.0,199253863.0
2013-09-26,11500,11650,11450,11600,303690,2311345.0,199253863.0
2013-09-27,11700,11850,11600,11850,778305,2361158.0,199253863.0
2013-09-30,11700,11700,11450,11600,517262,2311345.0,199253863.0
2013-10-01,11500,11600,11250,11250,895828,2241606.0,199253863.0
2013-10-02,11350,11400,11050,11100,494957,2211718.0,199253863.0
2013-10-04,11000,11100,10950,11000,405304,2191792.0,199253863.0
2013-10-07,11000,11050,10850,10900,432307,2171867.0,199253863.0
2013-10-08,10900,10900,10800,10900,368372,2171867.0,199253863.0
2013-10-10,10900,11000,10850,10900,373735,2171867.0,199253863.0
2013-10-11,11150,11250,11000,11000,1432808,2191792.0,199253863.0
2013-10-14,11050,11300,11000,11150,741242,2221681.0,199253863.0
2013-10-15,11250,11450,11200,11350,788084,2261531.0,199253863.0
2013-10-16,11250,11450,11200,11300,893859,2251569.0,199253863.0
2013-10-17,11550,11650,11400,11650,1329099,2321308.0,199253863.0
2013-10-18,11700,11750,11550,11650,647043,2321308.0,199253863.0
2013-10-21,11750,11800,11600,11600,520473,2311345.0,199253863.0
2013-10-22,11700,11700,11350,11650,803022,2321308.0,199253863.0
2013-10-23,11700,11900,11650,11650,1162092,2321308.0,199253863.0
2013-10-24,11700,11800,11550,11800,505147,2351196.0,199253863.0
2013-10-25,11850,11850,11450,11450,457276,2281457.0,199253863.0
2013-10-28,11500,11550,11250,11250,522215,2241606.0,199253863.0
2013-10-29,11250,11400,11200,11200,435877,2231643.0,199253863.0
2013-10-30,11350,11350,11200,11350,347827,2261531.0,199253863.0
2013-10-31,11300,11400,11200,11200,422470,2231643.0,199253863.0
2013-11-01,11200,11300,11100,11150,250951,2221681.0,199253863.0
2013-11-04,11150,11200,11000,11050,311067,2201755.0,199253863.0
2013-11-05,11000,11100,10950,10950,359700,2181830.0,199253863.0
2013-11-06,10950,11100,10950,10950,382232,2181830.0,199253863.0
2013-11-07,10950,11050,10850,10900,374230,2171867.0,199253863.0
2013-11-08,10850,11000,10750,10850,467329,2161904.0,199253863.0
2013-11-11,10950,10950,10650,10750,407575,2141979.0,199253863.0
2013-11-12,10700,10850,10700,10700,321561,2132016.0,199253863.0
2013-11-13,10650,10750,10400,10500,773751,2092166.0,199253863.0
2013-11-14,10500,10550,9920,10050,3411432,2002501.0,199253863.0
2013-11-15,10000,10150,9970,10100,1428326,2012464.0,199253863.0
2013-11-18,10150,10200,9980,10000,870924,1992539.0,199253863.0
2013-11-19,10000,10300,9980,10050,1266015,2002501.0,199253863.0
2013-11-20,10050,10350,9970,10200,1085169,2032389.0,199253863.0
2013-11-21,10200,10300,10150,10150,717234,2022427.0,199253863.0
2013-11-22,10300,10300,10100,10150,380151,2022427.0,199253863.0
2013-11-25,10250,10400,10250,10300,499515,2052315.0,199253863.0
2013-11-26,10250,10400,10200,10400,432263,2072240.0,199253863.0
2013-11-27,10400,10450,10300,10400,517283,2072240.0,199253863.0
2013-11-28,10450,10700,10400,10600,857253,2112091.0,199253863.0
2013-11-29,10650,10750,10500,10600,675684,2112091.0,199253863.0
2013-12-02,10550,10600,10350,10400,501915,2072240.0,199253863.0
2013-12-03,10350,10400,10150,10150,658121,2022427.0,199253863.0
2013-12-04,10150,10300,10050,10050,628315,2002501.0,199253863.0
2013-12-05,10100,10200,10050,10150,475134,2022427.0,199253863.0
2013-12-06,10100,10250,10100,10150,353700,2022427.0,199253863.0
2013-12-09,10300,10300,10150,10200,308684,2032389.0,199253863.0
2013-12-10,10250,10300,10100,10250,332146,2042352.0,199253863.0
2013-12-11,10150,10300,10150,10200,367515,2032389.0,199253863.0
2013-12-12,10100,10200,10050,10100,402835,2012464.0,199253863.0
2013-12-13,10100,10150,10000,10050,516237,2002501.0,199253863.0
2013-12-16,10050,10150,9920,9990,438250,1990546.0,199253863.0
2013-12-17,10050,10100,9930,9970,582224,1986561.0,199253863.0
2013-12-18,9950,10050,9850,9970,683613,1986561.0,199253863.0
2013-12-19,10100,10150,9930,9940,457661,1980583.0,199253863.0
2013-12-20,9910,10050,9900,10000,406817,1992539.0,199253863.0
2013-12-23,10050,10100,9990,10000,487257,1992539.0,199253863.0
2013-12-24,10100,10150,9990,10000,744516,1992539.0,199253863.0
2013-12-26,10100,10150,9980,10050,547536,2002501.0,199253863.0
2013-12-27,10000,10050,9670,9800,1833523,1952688.0,199253863.0
2013-12-30,9790,9790,9450,9590,1886249,1910845.0,199253863.0
2014-01-02,9660,9720,9560,9620,924743,1916822.0,199253863.0
2014-01-03,9600,9640,9340,9460,1052563,1884942.0,199253863.0
2014-01-06,9460,9460,9320,9410,748853,1874979.0,199253863.0
2014-01-07,9350,9650,9330,9570,699748,1906859.0,199253863.0
2014-01-08,9580,9640,9390,9450,478495,1882949.0,199253863.0
2014-01-09,9470,9590,9320,9520,1295286,1896897.0,199253863.0
2014-01-10,9470,9510,9300,9370,1411220,1867009.0,199253863.0
2014-01-13,9370,9430,9250,9340,720962,1861031.0,199253863.0
2014-01-14,9270,9320,9210,9280,705139,1849076.0,199253863.0
2014-01-15,9330,9480,9320,9470,990426,1886934.0,199253863.0
2014-01-16,9490,9720,9480,9620,1103553,1916822.0,199253863.0
2014-01-17,9610,9680,9450,9580,675230,1908852.0,199253863.0
2014-01-20,9600,9610,9420,9470,502269,1886934.0,199253863.0
2014-01-21,9500,9640,9400,9550,630335,1902874.0,199253863.0
2014-01-22,9560,9580,9420,9420,560025,1876971.0,199253863.0
2014-01-23,9450,9510,9410,9410,365306,1874979.0,199253863.0
2014-01-24,9350,9480,9290,9340,586311,1861031.0,199253863.0
2014-01-27,9220,9230,9050,9210,645901,1835128.0,199253863.0
2014-01-28,9210,9210,9050,9080,626976,1809225.0,199253863.0
2014-01-29,9110,9200,9100,9140,493138,1821180.0,199253863.0
2014-02-03,9100,9210,9010,9100,544924,1813210.0,199253863.0
2014-02-04,8990,8990,8820,8930,941142,1779337.0,199253863.0
2014-02-05,8950,8960,8770,8820,595518,1757419.0,199253863.0
2014-02-06,8760,8850,8640,8780,739997,1749449.0,199253863.0
2014-02-07,8800,8830,8680,8710,395078,1735501.0,199253863.0
2014-02-10,8810,8810,8670,8780,466305,1749449.0,199253863.0
2014-02-11,8730,8780,8640,8700,391182,1733509.0,199253863.0
2014-02-12,8760,9060,8710,8930,845193,1779337.0,199253863.0
2014-02-13,8900,9020,8870,8880,427374,1769374.0,199253863.0
2014-02-14,8900,9040,8900,8960,504470,1785315.0,199253863.0
2014-02-17,9040,9040,8870,8920,448211,1777344.0,199253863.0
2014-02-18,8950,8950,8770,8870,476658,1767382.0,199253863.0
2014-02-19,8820,8880,8740,8840,514779,1761404.0,199253863.0
2014-02-20,8770,8830,8730,8800,527366,1753434.0,199253863.0
2014-02-21,8800,8900,8790,8860,393314,1765389.0,199253863.0
2014-02-24,8860,8860,8760,8800,271147,1753434.0,199253863.0
2014-02-25,8850,9110,8830,8980,1032492,1789300.0,199253863.0
2014-02-26,8940,9070,8900,8970,424531,1787307.0,199253863.0
2014-02-27,8970,9130,8920,9030,531762,1799262.0,199253863.0
2014-02-28,9040,9370,8970,9220,2225589,1837121.0,199253863.0
2014-03-03,9200,9200,9080,9140,489375,1821180.0,199253863.0
2014-03-04,9070,9120,8980,9010,856918,1795277.0,199253863.0
2014-03-05,9140,9230,9030,9040,752571,1801255.0,199253863.0
2014-03-06,9070,9120,9030,9070,348717,1807233.0,199253863.0
2014-03-07,9110,9110,8880,8980,869509,1789300.0,199253863.0
2014-03-10,8970,8980,8880,8910,502768,1775352.0,199253863.0
2014-03-11,8900,8940,8870,8880,407380,1769374.0,199253863.0
2014-03-12,8860,8860,8680,8740,1000520,1741479.0,199253863.0
2014-03-13,8750,8940,8700,8860,968824,1765389.0,199253863.0
2014-03-14,8750,8810,8710,8760,666041,1745464.0,199253863.0
2014-03-17,8780,8790,8680,8790,477513,1751441.0,199253863.0
2014-03-18,8840,8860,8780,8790,387684,1751441.0,199253863.0
2014-03-19,8850,8860,8760,8780,476999,1749449.0,199253863.0
2014-03-20,8760,8770,8660,8680,572242,1729524.0,199253863.0
2014-03-21,8720,8740,8550,8640,868110,1721553.0,199253863.0
2014-03-24,8600,8700,8560,8620,641162,1717568.0,199253863.0
2014-03-25,8550,8920,8550,8810,1173855,1755427.0,199253863.0
2014-03-26,8820,8930,8820,8840,482699,1761404.0,199253863.0
2014-03-27,8850,8870,8740,8830,349566,1759412.0,199253863.0
2014-03-28,8800,8950,8780,8820,465535,1757419.0,199253863.0
2014-03-31,8880,8900,8810,8830,436174,1759412.0,199253863.0
2014-04-01,8850,8890,8790,8840,426777,1761404.0,199253863.0
2014-04-02,8900,9010,8890,8890,1120913,1771367.0,199253863.0
2014-04-03,8900,8940,8840,8850,628301,1763397.0,199253863.0
2014-04-04,8860,8920,8840,8860,496716,1765389.0,199253863.0
2014-04-07,8820,8860,8790,8860,480313,1765389.0,199253863.0
2014-04-08,8880,9120,8840,9000,1695179,1793285.0,199253863.0
2014-04-09,9050,9420,9050,9340,3424268,1861031.0,199253863.0
2014-04-10,9450,9460,9300,9330,900989,1859039.0,199253863.0
2014-04-11,9240,9250,9140,9250,721762,1843098.0,199253863.0
2014-04-14,9200,9380,9190,9280,546931,1849076.0,199253863.0
2014-04-15,9330,9540,9260,9280,1173413,1849076.0,199253863.0
2014-04-16,9300,9350,9170,9250,631644,1843098.0,199253863.0
2014-04-17,9280,9380,9190,9240,433285,1841106.0,199253863.0
2014-04-18,9210,9300,9160,9200,678912,1833136.0,199253863.0
2014-04-21,9210,9210,9080,9160,471871,1825165.0,199253863.0
2014-04-22,9170,9180,9080,9120,514726,1817195.0,199253863.0
2014-04-23,9170,9190,8920,8970,1052368,1787307.0,199253863.0
2014-04-24,8990,9010,8830,8890,991978,1771367.0,199253863.0
2014-04-25,8850,8910,8780,8800,537584,1753434.0,199253863.0
2014-04-28,8770,8810,8740,8780,371192,1749449.0,199253863.0
2014-04-29,8810,8810,8660,8780,652480,1749449.0,199253863.0
2014-04-30,8780,8790,8710,8720,492902,1737494.0,199253863.0
2014-05-02,8720,8760,8590,8650,820440,1723546.0,199253863.0
2014-05-07,8650,8650,8360,8520,1059106,1697643.0,199253863.0
2014-05-08,8480,8520,8410,8480,560505,1689673.0,199253863.0
2014-05-09,8450,8560,8430,8430,332802,1679710.0,199253863.0
2014-05-12,8450,8450,8250,8340,955031,1661777.0,199253863.0
2014-05-13,8400,8440,8300,8380,436324,1669747.0,199253863.0
2014-05-14,8420,8680,8400,8560,1105411,1705613.0,199253863.0
2014-05-15,8680,8780,8640,8690,931809,1731516.0,199253863.0
2014-05-16,8680,8860,8630,8800,1136608,1753434.0,199253863.0
2014-05-19,8820,9150,8710,9060,2339042,1805240.0,199253863.0
2014-05-20,9020,9140,8980,9090,1068913,1811218.0,199253863.0
2014-05-21,9060,9140,8980,9020,470868,1797270.0,199253863.0
2014-05-22,9040,9120,8990,9080,556149,1809225.0,199253863.0
2014-05-23,9070,9150,9020,9060,360823,1805240.0,199253863.0
2014-05-26,9070,9080,8980,9030,238870,1799262.0,199253863.0
2014-05-27,9080,9090,8810,8900,501362,1773359.0,199253863.0
2014-05-28,8880,8960,8850,8890,282476,1771367.0,199253863.0
2014-05-29,8910,8910,8690,8750,775237,1743471.0,199253863.0
2014-05-30,8760,8790,8570,8620,646963,1717568.0,199253863.0
2014-06-02,8650,8660,8540,8590,317847,1711591.0,199253863.0
2014-06-03,8540,8630,8510,8560,567137,1705613.0,199253863.0
2014-06-05,8550,8570,8350,8470,900675,1687680.0,199253863.0
2014-06-09,8520,8670,8510,8540,443949,1701628.0,199253863.0
2014-06-10,8550,8700,8550,8630,402002,1719561.0,199253863.0
2014-06-11,8660,8790,8640,8720,564083,1737494.0,199253863.0
2014-06-12,8750,8930,8750,8760,1399553,1745464.0,199253863.0
2014-06-13,8780,8820,8710,8820,814479,1757419.0,199253863.0
2014-06-16,8770,8910,8760,8820,366044,1757419.0,199253863.0
2014-06-17,8790,8850,8760,8800,248583,1753434.0,199253863.0
2014-06-18,8800,8830,8700,8790,245135,1751441.0,199253863.0
2014-06-19,8750,8890,8720,8770,297481,1747456.0,199253863.0
2014-06-20,8750,8820,8600,8700,640237,1733509.0,199253863.0
2014-06-23,8720,8750,8620,8690,268135,1731516.0,199253863.0
2014-06-24,8620,8790,8600,8730,421553,1739486.0,199253863.0
2014-06-25,8730,8730,8610,8680,293853,1729524.0,199253863.0
2014-06-26,8700,8790,8670,8720,304563,1737494.0,199253863.0
2014-06-27,8720,8740,8660,8700,207249,1733509.0,199253863.0
2014-06-30,8750,8800,8710,8730,258558,1739486.0,199253863.0
2014-07-01,8700,8800,8640,8730,201816,1739486.0,199253863.0
2014-07-02,8770,9040,8750,8880,1738695,1769374.0,199253863.0
2014-07-03,8930,8980,8830,8870,520752,1767382.0,199253863.0
2014-07-04,8970,8990,8850,8860,480230,1765389.0,199253863.0
2014-07-07,8900,8900,8810,8850,390301,1763397.0,199253863.0
2014-07-08,8860,8860,8760,8780,525729,1749449.0,199253863.0
2014-07-09,8770,8800,8680,8770,462982,1747456.0,199253863.0
2014-07-10,8870,9010,8830,8930,1747507,1779337.0,199253863.0
2014-07-11,8860,9160,8840,9060,1515584,1805240.0,199253863.0
2014-07-14,9090,9410,9090,9340,2795854,1861031.0,199253863.0
2014-07-15,9410,9650,9400,9470,3388181,1886934.0,199253863.0
2014-07-16,9470,9590,9300,9520,1886261,1896897.0,199253863.0
2014-07-17,9570,10050,9560,9850,4250712,1962651.0,199253863.0
2014-07-18,9800,10100,9730,9960,2386836,1984568.0,199253863.0
2014-07-21,10100,10650,10000,10300,3430081,2052315.0,199253863.0
2014-07-22,10350,10500,10150,10300,1384016,2052315.0,199253863.0
2014-07-23,10400,10700,10350,10450,1762702,2082203.0,199253863.0
2014-07-24,10450,10750,10300,10550,1730833,2102128.0,199253863.0
2014-07-25,10650,10950,10550,10800,1729349,2151942.0,199253863.0
2014-07-28,10800,11250,10800,11100,2026489,2211718.0,199253863.0
2014-07-29,11200,11450,10700,10850,3029052,2161904.0,199253863.0
2014-07-30,10950,11300,10700,11100,2560553,2211718.0,199253863.0
2014-07-31,11200,11700,11150,11300,2483271,2251569.0,199253863.0
2014-08-01,11100,11400,11100,11400,1244521,2271494.0,199253863.0
2014-08-04,11400,11450,10950,11250,2008142,2241606.0,199253863.0
2014-08-05,11250,11300,10950,11150,1253775,2221681.0,199253863.0
2014-08-06,11100,11300,10900,11050,1371336,2201755.0,199253863.0
2014-08-07,11050,11500,10950,11400,1856447,2271494.0,199253863.0
2014-08-08,11350,11400,11000,11250,1349668,2241606.0,199253863.0
2014-08-11,11450,11500,11250,11450,1434704,2281457.0,199253863.0
2014-08-12,11550,12050,11500,11950,3577170,2381084.0,199253863.0
2014-08-13,12000,12000,11650,11900,1680641,2371121.0,199253863.0
2014-08-14,11850,11950,11600,11750,1059332,2341233.0,199253863.0
2014-08-18,11550,11650,11150,11450,2156785,2281457.0,199253863.0
2014-08-19,11550,11650,11450,11500,1325362,2291419.0,199253863.0
2014-08-20,11550,11600,11250,11350,1521846,2261531.0,199253863.0
2014-08-21,11300,11300,10850,11000,1967201,2191792.0,199253863.0
2014-08-22,11050,11100,10850,10900,1004942,2171867.0,199253863.0
2014-08-25,11000,11500,10900,11250,1864012,2241606.0,199253863.0
2014-08-26,11250,11450,11150,11150,874110,2221681.0,199253863.0
2014-08-27,11250,12150,11200,11900,4172091,2371121.0,199253863.0
2014-08-28,11900,12250,11850,11950,2042824,2381084.0,199253863.0
2014-08-29,11900,12100,11800,11850,1069078,2361158.0,199253863.0
2014-09-01,11850,12000,11800,11850,727833,2361158.0,199253863.0
2014-09-02,11850,11950,11600,11850,674976,2361158.0,199253863.0
2014-09-03,11800,12300,11800,12150,1561099,2420934.0,199253863.0
2014-09-04,12200,12300,12050,12200,802128,2430897.0,199253863.0
2014-09-05,12100,12200,11750,11850,1352795,2361158.0,199253863.0
2014-09-11,11800,12000,11700,11850,639377,2361158.0,199253863.0
2014-09-12,11900,11950,11650,11800,687751,2351196.0,199253863.0
2014-09-15,11700,11800,11200,11450,1484457,2281457.0,199253863.0
2014-09-16,11400,11750,11400,11650,690033,2321308.0,199253863.0
2014-09-17,11850,11950,11750,11800,924483,2351196.0,199253863.0
2014-09-18,11800,11900,11700,11800,588593,2351196.0,199253863.0
2014-09-19,11950,12400,11900,12250,1844258,2440860.0,199253863.0
2014-09-22,12250,12300,12100,12250,698979,2440860.0,199253863.0
2014-09-23,12200,12450,12000,12450,955691,2480711.0,199253863.0
2014-09-24,12350,12550,12250,12500,927215,2490673.0,199253863.0
2014-09-25,12650,12700,12550,12600,1265213,2510599.0,199253863.0
2014-09-26,12350,12650,12100,12400,965902,2470748.0,199253863.0
2014-09-29,12400,12450,12000,12050,1088053,2401009.0,199253863.0
2014-09-30,11950,12300,11550,11800,1794315,2351196.0,199253863.0
2014-10-01,11750,11850,11150,11350,1866845,2261531.0,199253863.0
2014-10-02,11150,11800,11000,11700,1758645,2331270.0,199253863.0
2014-10-06,11900,12050,11500,11600,1378540,2311345.0,199253863.0
2014-10-07,11600,12000,11350,11850,911742,2361158.0,199253863.0
2014-10-08,11650,11950,11650,11800,410356,2351196.0,199253863.0
2014-10-10,11700,11750,11150,11250,1639220,2241606.0,199253863.0
2014-10-13,11050,11250,10850,10950,1289561,2181830.0,199253863.0
2014-10-14,11000,11550,10950,11450,1414232,2281457.0,199253863.0
2014-10-15,11450,11600,11100,11250,1353819,2241606.0,199253863.0
2014-10-16,11100,11450,10900,11250,610321,2241606.0,199253863.0
2014-10-17,11350,11550,11000,11150,1259968,2221681.0,199253863.0
2014-10-20,11400,11750,11350,11600,1034932,2311345.0,199253863.0
2014-10-21,11550,11600,11300,11450,836173,2281457.0,199253863.0
2014-10-22,11700,12150,11650,12050,1718974,2401009.0,199253863.0
2014-10-23,11950,12050,11800,11900,561844,2371121.0,199253863.0
2014-10-24,12050,12050,11550,11700,926884,2331270.0,199253863.0
2014-10-27,11750,11950,11500,11600,656167,2311345.0,199253863.0
2014-10-28,11700,11700,11350,11500,498021,2291419.0,199253863.0
2014-10-29,11650,12000,11450,11900,1378272,2371121.0,199253863.0
2014-10-30,11850,11850,11650,11800,617620,2351196.0,199253863.0
2014-10-31,11900,11950,11500,11700,679092,2331270.0,199253863.0
2014-11-03,11700,12150,11600,12000,1564434,2391046.0,199253863.0
2014-11-04,12050,12200,11900,12100,1043554,2410972.0,199253863.0
2014-11-05,12100,12400,12000,12250,1258388,2440860.0,199253863.0
2014-11-06,12250,12350,11600,11800,1291719,2351196.0,199253863.0
2014-11-07,11700,12250,11600,12150,1133968,2420934.0,199253863.0
2014-11-10,12150,12450,12050,12150,1122821,2420934.0,199253863.0
2014-11-11,12250,12300,12000,12050,628538,2401009.0,199253863.0
2014-11-12,12000,12050,11700,11800,1397602,2351196.0,199253863.0
2014-11-13,11950,12100,11650,11700,1648399,2331270.0,199253863.0
2014-11-14,11700,11800,11500,11600,959500,2311345.0,199253863.0
2014-11-17,11600,11850,11500,11750,971916,2341233.0,199253863.0
2014-11-18,11850,12150,11800,12000,1296953,2391046.0,199253863.0
2014-11-19,12100,12150,11850,12100,762360,2410972.0,199253863.0
2014-11-20,12150,12200,11950,11950,596676,2381084.0,199253863.0
2014-11-21,11950,12000,11800,11950,552540,2381084.0,199253863.0
2014-11-24,12200,12500,12150,12300,2123544,2450823.0,199253863.0
2014-11-25,12350,12750,12200,12650,2020368,2520561.0,199253863.0
2014-11-26,12650,12700,12400,12550,677665,2500636.0,199253863.0
2014-11-27,12300,12300,11550,12000,4651955,2391046.0,199253863.0
2014-11-28,11850,11950,11700,11900,840669,2371121.0,199253863.0
2014-12-01,11750,11800,11300,11450,1461429,2281457.0,199253863.0
2014-12-02,11350,11900,11350,11850,966221,2361158.0,199253863.0
2014-12-03,11900,11950,11650,11700,445496,2331270.0,199253863.0
2014-12-04,11700,11800,11600,11700,705749,2331270.0,199253863.0
2014-12-05,11700,11750,11300,11450,1242373,2281457.0,199253863.0
2014-12-08,11400,11550,11300,11350,824779,2261531.0,199253863.0
2014-12-09,11300,11350,10850,11000,1975573,2191792.0,199253863.0
2014-12-10,10950,10950,10300,10500,2753512,2092166.0,199253863.0
2014-12-11,10350,10850,10350,10600,1547456,2112091.0,199253863.0
2014-12-12,10700,10800,10400,10500,1423787,2092166.0,199253863.0
2014-12-15,10350,10600,10200,10500,830871,2092166.0,199253863.0
2014-12-16,10400,10800,10350,10500,1250099,2092166.0,199253863.0
2014-12-17,10600,10800,10500,10650,908755,2122054.0,199253863.0
2014-12-18,10850,10900,10400,10700,943678,2132016.0,199253863.0
2014-12-19,10850,10900,10650,10800,1660289,2151942.0,199253863.0
2014-12-22,10750,10750,10450,10550,1085117,2102128.0,199253863.0
2014-12-23,10600,10650,10450,10550,578575,2102128.0,199253863.0
2014-12-24,10600,10700,10400,10600,761516,2112091.0,199253863.0
2014-12-26,10650,10650,10350,10400,1518341,2072240.0,199253863.0
2014-12-29,10350,10450,10150,10250,623663,2042352.0,199253863.0
2014-12-30,10350,10400,10150,10250,943853,2042352.0,199253863.0
2015-01-02,10300,10450,10100,10300,798172,2052315.0,199253863.0
2015-01-05,10250,10250,9820,10150,1360912,2022427.0,199253863.0
2015-01-06,9950,10350,9900,10300,997000,2052315.0,199253863.0
2015-01-07,10300,10300,10000,10050,858866,2002501.0,199253863.0
2015-01-08,10150,10400,10100,10300,678631,2052315.0,199253863.0
2015-01-09,10500,10900,10400,10800,1369623,2151942.0,199253863.0
2015-01-12,10850,10850,10500,10700,1129325,2132016.0,199253863.0
2015-01-13,10700,10800,10550,10700,831276,2132016.0,199253863.0
2015-01-14,10650,11000,10650,10800,1087640,2151942.0,199253863.0
2015-01-15,10800,10900,10650,10800,633144,2151942.0,199253863.0
2015-01-16,10750,10800,10250,10500,1098623,2092166.0,199253863.0
2015-01-19,10600,11000,10600,11000,1876899,2191792.0,199253863.0
2015-01-20,10850,11050,10850,10900,680819,3067357.0,281408887.0
2015-01-21,10900,10900,10400,10600,1640326,2982934.0,281408887.0
2015-01-22,10600,10650,10400,10550,1009170,2968864.0,281408887.0
2015-01-23,10900,11050,10700,10800,1696919,3039216.0,281408887.0
2015-01-26,10700,11100,10700,10900,980096,3067357.0,281408887.0
2015-01-27,11050,11250,10950,11100,932906,3123639.0,281408887.0
2015-01-28,11000,11150,10900,10950,1286769,3081427.0,281408887.0
2015-01-29,10850,11250,10750,11050,1523088,3109568.0,281408887.0
2015-01-30,11350,11600,11050,11100,1892689,3123639.0,281408887.0
2015-02-02,11100,11150,10900,11000,844412,3095498.0,281408887.0
2015-02-03,11100,11200,10900,11000,706764,3095498.0,281408887.0
2015-02-04,11200,11400,11050,11250,1176941,3165850.0,281408887.0
2015-02-05,11250,11500,11150,11450,1004608,3222132.0,281408887.0
2015-02-06,11550,11650,11400,11500,663665,3236202.0,281408887.0
2015-02-09,11500,11650,11400,11550,563418,3250273.0,281408887.0
2015-02-10,11500,11550,11250,11350,853099,3193991.0,281408887.0
2015-02-11,11300,11450,11200,11350,842322,3193991.0,281408887.0
2015-02-12,11350,11350,11150,11250,804342,3165850.0,281408887.0
2015-02-13,11300,11500,11300,11400,904372,3208061.0,281408887.0
2015-02-16,11450,11550,11350,11450,517082,3222132.0,281408887.0
2015-02-17,11500,11650,11400,11500,511615,3236202.0,281408887.0
2015-02-23,11600,11750,11500,11550,503878,3250273.0,281408887.0
2015-02-24,11500,11600,11300,11450,616488,3222132.0,281408887.0
2015-02-25,11500,12050,11450,11950,1809184,3362836.0,281408887.0
2015-02-26,12000,12050,11700,12000,687161,3376907.0,281408887.0
2015-02-27,12000,12300,11950,12300,1418269,3461329.0,281408887.0
2015-03-02,12400,12550,12250,12300,1273765,3461329.0,281408887.0
2015-03-03,12400,12450,12150,12250,765408,3447259.0,281408887.0
2015-03-04,12100,12150,11850,11900,1100825,3348766.0,281408887.0
2015-03-05,11850,11950,11750,11800,729922,3320625.0,281408887.0
2015-03-06,11850,12400,11850,12350,1552878,3475400.0,281408887.0
2015-03-09,12150,12250,11950,11950,883508,3362836.0,281408887.0
2015-03-10,12000,12100,11750,11900,1000135,3348766.0,281408887.0
2015-03-11,11600,11750,11550,11600,1200207,3264343.0,281408887.0
2015-03-12,11600,11900,11550,11650,2095855,3278414.0,281408887.0
2015-03-13,11800,11850,11450,11550,1531386,3250273.0,281408887.0
2015-03-16,11550,11600,11250,11500,1386333,3236202.0,281408887.0
2015-03-17,11650,12500,11600,12400,3471071,3489470.0,281408887.0
2015-03-18,12550,13250,12500,12950,4474253,3644245.0,281408887.0
2015-03-19,13400,13450,12900,13050,2827358,3672386.0,281408887.0
2015-03-20,13050,13200,12850,13100,1529965,3686456.0,281408887.0
2015-03-23,13400,14150,13100,13900,4592872,3911584.0,281408887.0
2015-03-24,13800,14100,13600,13800,2203008,3883443.0,281408887.0
2015-03-25,13800,14250,13650,13900,2689026,3911584.0,281408887.0
2015-03-26,13650,14000,13450,13550,1852596,3813090.0,281408887.0
2015-03-27,13600,13750,13350,13700,1286025,3855302.0,281408887.0
2015-03-30,13750,14450,13650,14400,2586199,4052288.0,281408887.0
2015-03-31,14500,14950,14200,14400,3104825,4052288.0,281408887.0
2015-04-01,14300,14550,14100,14350,1583684,4038218.0,281408887.0
2015-04-02,14500,14600,14100,14250,1280803,4010077.0,281408887.0
2015-04-03,14350,15200,14300,15200,3011359,4277415.0,281408887.0
2015-04-06,15250,15700,14900,15100,2940018,4249274.0,281408887.0
2015-04-07,15300,15350,14900,15200,1854215,4277415.0,281408887.0
2015-04-08,15150,15900,14950,15500,2907660,4361838.0,281408887.0
2015-04-09,15550,15750,15100,15500,2134142,4361838.0,281408887.0
2015-04-10,15700,16650,15600,16450,4596525,4629176.0,281408887.0
2015-04-13,16700,17500,16600,16700,4127514,4699528.0,281408887.0
2015-04-14,16750,17050,15800,16500,3733395,4643247.0,281408887.0
2015-04-15,16700,16950,16200,16900,2811894,4755810.0,281408887.0
2015-04-16,17200,17200,16350,16750,2048921,4713599.0,281408887.0
2015-04-17,16600,16700,16250,16500,1690785,4643247.0,281408887.0
2015-04-20,16000,16400,15850,16350,2907420,4601035.0,281408887.0
2015-04-21,16750,16800,16050,16100,2021683,4530683.0,281408887.0
2015-04-22,16150,17250,16050,16650,4989934,4685458.0,281408887.0
2015-04-23,16950,17250,16350,16800,2613410,4727669.0,281408887.0
2015-04-24,16900,17300,16000,16150,2973211,4544754.0,281408887.0
2015-04-27,16300,16550,16050,16250,1310338,4572894.0,281408887.0
2015-04-28,16250,16750,16100,16200,2217117,4558824.0,281408887.0
2015-04-29,16300,16400,15050,15150,4054257,4263345.0,281408887.0
2015-04-30,15100,15450,14650,14950,2502787,4207063.0,281408887.0
2015-05-04,15100,15150,14450,14500,2318481,4080429.0,281408887.0
2015-05-06,14250,14350,13350,13500,5342689,3799020.0,281408887.0
2015-05-07,13500,14000,13450,13950,3024802,3925654.0,281408887.0
2015-05-08,13900,14050,13600,13650,1975060,3841231.0,281408887.0
2015-05-11,14100,14400,13900,13950,3418602,3925654.0,281408887.0
2015-05-12,13750,13850,13300,13400,2494042,3770879.0,281408887.0
2015-05-13,13550,14100,13500,13750,2901074,3869372.0,281408887.0
2015-05-14,13800,13950,13650,13900,1660410,3911584.0,281408887.0
2015-05-15,14200,14300,13350,13350,2278758,3756809.0,281408887.0
2015-05-18,13500,13550,13050,13250,1412479,3728668.0,281408887.0
2015-05-19,13350,13700,13000,13350,1816069,3756809.0,281408887.0
2015-05-20,13500,14500,13400,14500,3775957,4080429.0,281408887.0
2015-05-21,14450,14450,13950,13950,2171708,3925654.0,281408887.0
2015-05-22,14150,14500,14050,14400,2057241,4052288.0,281408887.0
2015-05-26,14300,14300,13400,13550,2356928,3813090.0,281408887.0
2015-05-27,13300,13350,12800,12850,3795790,3616104.0,281408887.0
2015-05-28,13150,13200,12700,12750,2351887,3587963.0,281408887.0
2015-05-29,12650,13100,12550,12750,1706342,3587963.0,281408887.0
2015-06-01,12700,12900,12350,12850,1563112,3616104.0,281408887.0
2015-06-02,12850,13400,12750,12900,2259412,3630175.0,281408887.0
2015-06-03,13150,13400,12850,12950,1908301,3644245.0,281408887.0
2015-06-04,13200,13250,12900,12950,1509030,3644245.0,281408887.0
2015-06-05,12700,12850,12500,12550,1534528,3531682.0,281408887.0
2015-06-08,12400,13400,12300,13300,2649877,3742738.0,281408887.0
2015-06-09,13350,13550,13150,13350,1984764,3756809.0,281408887.0
2015-06-10,13550,13600,12850,12900,1952091,3630175.0,281408887.0
2015-06-11,13150,13350,12350,12450,5009493,3503541.0,281408887.0
2015-06-12,12550,12800,12000,12150,3084368,3419118.0,281408887.0
2015-06-15,12050,12400,11850,11950,1677480,3362836.0,281408887.0
2015-06-16,11850,12100,11550,11900,2149636,3348766.0,281408887.0
2015-06-17,12000,12150,11750,12100,1163160,3405048.0,281408887.0
2015-06-18,12200,12300,11800,11850,1724738,3334695.0,281408887.0
2015-06-19,12250,12700,12150,12450,2753044,3503541.0,281408887.0
2015-06-22,12500,12650,12250,12400,1145671,3489470.0,281408887.0
2015-06-23,12900,13200,12750,12800,2833668,3602034.0,281408887.0
2015-06-24,12900,12950,12650,12750,960747,3587963.0,281408887.0
2015-06-25,12650,13200,12550,13100,1827146,3686456.0,281408887.0
2015-06-26,13000,13200,12900,13000,1092084,3658316.0,281408887.0
2015-06-29,12450,12700,12050,12100,2049210,3405048.0,281408887.0
2015-06-30,12050,12350,12050,12200,1534105,3433188.0,281408887.0
2015-07-01,12300,12600,12100,12550,1340581,3531682.0,281408887.0
2015-07-02,12700,12800,12400,12500,1519574,3517611.0,281408887.0
2015-07-03,12600,12850,12500,12700,1528868,3573893.0,281408887.0
2015-07-06,12250,12400,11900,11900,2411614,3348766.0,281408887.0
2015-07-07,12200,12200,11800,12050,1605490,3390977.0,281408887.0
2015-07-08,12100,12150,11650,11650,1560811,3278414.0,281408887.0
2015-07-09,11500,11950,11350,11950,1869103,3362836.0,281408887.0
2015-07-10,11950,12050,11300,11500,2765595,3236202.0,281408887.0
2015-07-13,11450,11900,11250,11800,3549117,3320625.0,281408887.0
2015-07-14,12050,12050,11600,11600,2343342,3264343.0,281408887.0
2015-07-15,11800,12200,11600,11600,3699512,3264343.0,281408887.0
2015-07-16,11700,11800,11500,11700,1505284,3292484.0,281408887.0
2015-07-17,11900,12000,11750,11750,1969454,3306554.0,281408887.0
2015-07-20,11850,12050,11700,11750,1520167,3306554.0,281408887.0
2015-07-21,11850,12050,11700,11900,1537443,3348766.0,281408887.0
2015-07-22,11750,11850,11400,11450,1873264,3222132.0,281408887.0
2015-07-23,11450,11550,11200,11350,1823717,3193991.0,281408887.0
2015-07-24,11200,11250,10800,10800,2186367,3039216.0,281408887.0
2015-07-27,10600,10800,10450,10650,1852192,2997005.0,281408887.0
2015-07-28,10500,11100,10500,11000,1511089,3095498.0,281408887.0
2015-07-29,11150,11200,10650,10650,1285981,2997005.0,281408887.0
2015-07-30,10750,10850,10550,10650,1385794,2997005.0,281408887.0
2015-07-31,10700,10900,10600,10850,1092220,3053286.0,281408887.0
2015-08-03,10950,11150,10650,10700,1347253,3011075.0,281408887.0
2015-08-04,10700,10800,10600,10750,1320202,3025146.0,281408887.0
2015-08-05,10750,10950,10650,10900,1093963,3067357.0,281408887.0
2015-08-06,10950,11600,10900,11450,3175598,3222132.0,281408887.0
2015-08-07,11350,11400,11100,11250,1038449,3165850.0,281408887.0
2015-08-10,11250,11250,10950,11050,898257,3109568.0,281408887.0
2015-08-11,11300,11350,10650,10650,1895696,2997005.0,281408887.0
2015-08-12,10650,10750,10300,10550,1693666,2968864.0,281408887.0
2015-08-13,10550,10900,10500,10700,1578281,3011075.0,281408887.0
2015-08-17,10800,11050,10750,10800,1261025,3039216.0,281408887.0
2015-08-18,10800,10950,10500,10550,1378132,2968864.0,281408887.0
2015-08-19,10500,10600,10050,10200,1903281,2870371.0,281408887.0
2015-08-20,10000,10250,10000,10000,1903798,2814089.0,281408887.0
2015-08-21,9510,9750,9510,9570,2573838,2693083.0,281408887.0
2015-08-24,9600,9790,9230,9360,2409933,2633987.0,281408887.0
2015-08-25,9510,9970,9300,9770,2432198,2749365.0,281408887.0
2015-08-26,9720,10200,9600,10200,1664801,2870371.0,281408887.0
2015-08-27,10300,10300,9870,9900,2217578,2785948.0,281408887.0
2015-08-28,10100,10150,9980,10050,1755256,2828159.0,281408887.0
2015-08-31,9980,9980,9660,9710,2203064,2732480.0,281408887.0
2015-09-01,9670,9720,9500,9530,1361152,2681827.0,281408887.0
2015-09-02,9380,9560,9370,9500,1798290,2673384.0,281408887.0
2015-09-03,9590,9600,9250,9280,2340902,2611474.0,281408887.0
2015-09-04,9320,9430,9140,9180,1571975,2583334.0,281408887.0
2015-09-07,9170,9210,9010,9030,1663558,2541122.0,281408887.0
2015-09-08,9030,9120,8650,8820,2604942,2482026.0,281408887.0
2015-09-09,9030,9550,8970,9550,2663602,2687455.0,281408887.0
2015-09-10,9340,9600,9270,9600,1875856,2701525.0,281408887.0
2015-09-11,9480,9630,9430,9460,1602626,2662128.0,281408887.0
2015-09-14,9520,9520,9180,9260,1065922,2605846.0,281408887.0
2015-09-15,9200,9540,9170,9450,1228894,2659314.0,281408887.0
2015-09-16,9650,10150,9640,9970,3481314,2805647.0,281408887.0
2015-09-17,10150,10200,9970,10100,1993613,2842230.0,281408887.0
2015-09-18,10100,10150,9780,9920,2327293,2791576.0,281408887.0
2015-09-21,9750,9970,9660,9830,1630956,2766249.0,281408887.0
2015-09-22,9960,10500,9910,10450,2595275,2940723.0,281408887.0
2015-09-23,10200,10500,10100,10200,2551259,2870371.0,281408887.0
2015-09-24,10250,10300,9980,10150,1304079,2856300.0,281408887.0
2015-09-25,10100,10150,9950,10050,1439534,2828159.0,281408887.0
2015-09-30,9780,9940,9760,9940,1364352,2797204.0,281408887.0
2015-10-01,10000,10250,9960,10150,1344216,2856300.0,281408887.0
2015-10-02,10050,10200,10000,10050,1047841,2828159.0,281408887.0
2015-10-05,10250,10350,10100,10100,1006759,2842230.0,281408887.0
2015-10-06,10350,10400,9990,10000,1504891,2814089.0,281408887.0
2015-10-07,10000,10150,10000,10100,1241007,2842230.0,281408887.0
2015-10-08,10200,10250,10050,10200,1128000,2870371.0,281408887.0
2015-10-12,10300,10800,10250,10750,3229023,3025146.0,281408887.0
2015-10-13,10850,10850,10450,10650,2102303,2997005.0,281408887.0
2015-10-14,10600,10700,10500,10550,1083267,2968864.0,281408887.0
2015-10-15,10600,10750,10550,10750,1262986,3025146.0,281408887.0
2015-10-16,10850,10900,10650,10800,1016492,3039216.0,281408887.0
2015-10-19,10750,10850,10650,10700,973048,3011075.0,281408887.0
2015-10-20,10700,10750,10500,10700,1112017,3011075.0,281408887.0
2015-10-21,10700,10950,10600,10900,1371198,3067357.0,281408887.0
2015-10-22,10800,10800,10250,10300,2144418,2898512.0,281408887.0
2015-10-23,10500,10600,10250,10300,1617874,2898512.0,281408887.0
2015-10-26,10450,10600,10400,10600,794252,2982934.0,281408887.0
2015-10-27,10550,10700,10450,10550,835485,2968864.0,281408887.0
2015-10-28,10600,10700,10400,10550,885637,2968864.0,281408887.0
2015-10-29,10650,10700,10250,10300,1679278,2898512.0,281408887.0
2015-10-30,10200,10350,10050,10100,1128258,2842230.0,281408887.0
2015-11-02,10100,10150,9850,9870,1496731,2777506.0,281408887.0
2015-11-03,9990,10200,9990,10100,953597,2842230.0,281408887.0
2015-11-04,10150,10200,10000,10150,836570,2856300.0,281408887.0
2015-11-05,10100,10100,9950,10000,1064854,2814089.0,281408887.0
2015-11-06,10000,10300,9990,10050,707613,2828159.0,281408887.0
2015-11-09,10100,10100,9950,9970,738784,2805647.0,281408887.0
2015-11-10,9900,9900,9610,9700,1248096,2729666.0,281408887.0
2015-11-11,9640,9740,9590,9680,758158,2724038.0,281408887.0
2015-11-12,9610,9760,9610,9710,390817,2732480.0,281408887.0
2015-11-13,9600,9770,9580,9730,681534,2738108.0,281408887.0
2015-11-16,9480,9610,9350,9370,1246306,2636801.0,281408887.0
2015-11-17,9510,9610,9460,9560,742013,2690269.0,281408887.0
2015-11-18,9540,9870,9540,9680,838409,2724038.0,281408887.0
2015-11-19,9820,10100,9780,10100,1423297,2842230.0,281408887.0
2015-11-20,10050,10200,10000,10150,857912,2856300.0,281408887.0
2015-11-23,10250,10300,10150,10150,721234,2856300.0,281408887.0
2015-11-24,10200,10550,10150,10550,2061305,2968864.0,281408887.0
2015-11-25,10500,10550,10250,10400,969929,2926652.0,281408887.0
2015-11-26,10450,10550,10400,10450,920272,2940723.0,281408887.0
2015-11-27,10500,10500,10200,10300,811112,2898512.0,281408887.0
2015-11-30,10200,10250,10100,10250,1172282,2884441.0,281408887.0
2015-12-01,10200,10400,10200,10400,947503,2926652.0,281408887.0
2015-12-02,10450,10450,10150,10200,779128,2870371.0,281408887.0
2015-12-03,10150,10200,10000,10100,458727,2842230.0,281408887.0
2015-12-04,9980,10100,9920,10000,694775,2814089.0,281408887.0
2015-12-07,10150,10200,9960,10000,817859,2814089.0,281408887.0
2015-12-08,9980,10100,9830,9830,952581,2766249.0,281408887.0
2015-12-09,9880,10050,9820,9950,696030,2800018.0,281408887.0
2015-12-10,9960,10100,9910,10000,914703,2814089.0,281408887.0
2015-12-11,10050,10100,9960,10000,713234,2814089.0,281408887.0
2015-12-14,9900,9940,9790,9880,984898,2780320.0,281408887.0
2015-12-15,9870,10050,9830,10000,966758,2814089.0,281408887.0
2015-12-16,10150,10350,10150,10250,1591492,2884441.0,281408887.0
2015-12-17,10300,10450,10200,10400,1410390,2926652.0,281408887.0
2015-12-18,10300,10700,10250,10550,1366498,2968864.0,281408887.0
2015-12-21,10550,10850,10550,10850,1435932,3053286.0,281408887.0
2015-12-22,10850,10850,10500,10650,1011003,2997005.0,281408887.0
2015-12-23,10700,10850,10550,10550,1240269,2968864.0,281408887.0
2015-12-24,10700,10850,10600,10700,1207584,3011075.0,281408887.0
2015-12-28,10700,10900,10550,10750,2317604,3025146.0,281408887.0
2015-12-29,10550,10600,10150,10200,2950813,2870371.0,281408887.0
2015-12-30,10250,10250,10050,10100,1064783,2842230.0,281408887.0
2016-01-04,10050,10050,9580,9590,1757903,2698711.0,281408887.0
2016-01-05,9490,9740,9480,9630,1286547,2709968.0,281408887.0
2016-01-06,9640,9670,9300,9360,1626227,2633987.0,281408887.0
2016-01-07,9210,9360,9050,9070,1549976,2552379.0,281408887.0
2016-01-08,8900,9250,8830,9180,1213517,2583334.0,281408887.0
2016-01-11,9000,9100,8960,8970,867613,2524238.0,281408887.0
2016-01-12,9000,9070,8810,8820,932705,2482026.0,281408887.0
2016-01-13,8890,9290,8830,9270,1468292,2608660.0,281408887.0
2016-01-14,9030,9090,8950,9040,1251928,2543936.0,281408887.0
2016-01-15,9210,9260,8810,8850,1425128,2490469.0,281408887.0
2016-01-18,8690,8830,8650,8780,1197370,2470770.0,281408887.0
2016-01-19,8710,8820,8660,8810,960969,2479212.0,281408887.0
2016-01-20,8760,8770,8370,8500,1137389,2391976.0,281408887.0
2016-01-21,8420,8680,8350,8470,1359543,2383533.0,281408887.0
2016-01-22,8550,8900,8550,8900,1393724,2504539.0,281408887.0
2016-01-25,9040,9100,8890,8950,997029,2518610.0,281408887.0
2016-01-26,8870,9000,8820,8940,701177,2515795.0,281408887.0
2016-01-27,9080,9350,9070,9230,2194017,2597404.0,281408887.0
2016-01-28,9190,9520,9180,9500,1630790,2673384.0,281408887.0
2016-01-29,9550,9550,9290,9500,1305982,2673384.0,281408887.0
2016-02-01,9570,9800,9510,9700,1880385,2729666.0,281408887.0
2016-02-02,9600,9840,9600,9770,1417217,2749365.0,281408887.0
2016-02-03,9640,9710,9290,9400,1581133,2645244.0,281408887.0
2016-02-04,9520,9650,9440,9540,1147511,2684641.0,281408887.0
2016-02-05,9600,9780,9510,9710,930185,2732480.0,281408887.0
2016-02-11,9210,9350,9080,9250,1532075,2603032.0,281408887.0
2016-02-12,9120,9180,8750,8820,1814241,2482026.0,281408887.0
2016-02-15,9010,9170,8890,9170,1222191,2580519.0,281408887.0
2016-02-16,9210,9320,9080,9290,716868,2614289.0,281408887.0
2016-02-17,9240,9330,9130,9170,851404,2580519.0,281408887.0
2016-02-18,9400,9500,9320,9370,1002057,2636801.0,281408887.0
2016-02-19,9350,9380,9220,9310,478231,2619917.0,281408887.0
2016-02-22,9350,9390,9210,9310,647257,2619917.0,281408887.0
2016-02-23,9410,9530,9350,9440,1013615,2656500.0,281408887.0
2016-02-24,9420,9500,9320,9460,483305,2662128.0,281408887.0
2016-02-25,9550,9680,9450,9530,883935,2681827.0,281408887.0
2016-02-26,9630,9730,9530,9590,986141,2698711.0,281408887.0
2016-02-29,9660,10050,9560,9780,1997104,2752179.0,281408887.0
2016-03-02,10000,10300,9970,10200,2408393,2870371.0,281408887.0
2016-03-03,10250,10350,10050,10150,1199836,2856300.0,281408887.0
2016-03-04,10150,10350,10100,10300,708735,2898512.0,281408887.0
2016-03-07,10350,10700,10300,10550,1970995,2968864.0,281408887.0
2016-03-08,10650,10650,10200,10300,1161730,2898512.0,281408887.0
2016-03-09,10250,10350,10150,10200,593137,2870371.0,281408887.0
2016-03-10,10250,10350,10150,10350,695628,2912582.0,281408887.0
2016-03-11,10300,10300,10100,10200,837818,2870371.0,281408887.0
2016-03-14,10350,10450,10050,10050,1018578,2828159.0,281408887.0
2016-03-15,10050,10150,9750,9770,1636484,2749365.0,281408887.0
2016-03-16,9820,10050,9810,9930,996792,2794390.0,281408887.0
2016-03-17,10050,10500,10000,10350,2654029,2912582.0,281408887.0
2016-03-18,10500,10600,10200,10300,1343611,2898512.0,281408887.0
2016-03-21,10450,10450,10100,10150,1174859,2856300.0,281408887.0
2016-03-22,10150,10300,9940,10100,1562319,2842230.0,281408887.0
2016-03-23,10050,10200,9990,10050,763343,2828159.0,281408887.0
2016-03-24,10000,10050,9860,9860,1279570,2774692.0,281408887.0
2016-03-25,9890,9930,9820,9860,623176,2774692.0,281408887.0
2016-03-28,9850,9900,9800,9830,674896,2766249.0,281408887.0
2016-03-29,9880,10100,9860,10100,1038173,2842230.0,281408887.0
2016-03-30,10300,10300,10050,10150,1145266,2856300.0,281408887.0
2016-03-31,10250,10300,9900,9930,1934617,2794390.0,281408887.0
2016-04-01,9980,9980,9720,9750,1698666,2743737.0,281408887.0
2016-04-04,9780,9860,9710,9730,722772,2738108.0,281408887.0
2016-04-05,9730,9750,9570,9680,789715,2724038.0,281408887.0
2016-04-06,9630,9710,9570,9590,768180,2698711.0,281408887.0
2016-04-07,9680,9740,9500,9620,838089,2707153.0,281408887.0
2016-04-08,9550,9570,9450,9550,794245,2687455.0,281408887.0
2016-04-11,9550,9600,9330,9350,1314786,2631173.0,281408887.0
2016-04-12,9350,9500,9350,9470,921013,2664942.0,281408887.0
2016-04-14,9720,9870,9650,9860,3004211,2774692.0,281408887.0
2016-04-15,9880,9890,9750,9800,998581,2757807.0,281408887.0
2016-04-18,9680,9800,9630,9770,727064,2749365.0,281408887.0
2016-04-19,9840,10050,9810,10000,1856064,2814089.0,281408887.0
2016-04-20,10100,10300,10000,10050,2410057,2828159.0,281408887.0
2016-04-21,10200,10350,10100,10300,1835902,2898512.0,281408887.0
2016-04-22,10200,10400,10100,10400,1358225,2926652.0,281408887.0
2016-04-25,10400,10450,10150,10300,1137902,2898512.0,281408887.0
2016-04-26,10200,10250,10000,10150,1036039,2856300.0,281408887.0
2016-04-27,10150,10150,10000,10050,827691,2828159.0,281408887.0
2016-04-28,10150,10250,9940,9950,1780761,2800018.0,281408887.0
2016-04-29,9910,10000,9800,9950,920261,2800018.0,281408887.0
2016-05-02,9930,9950,9730,9740,931689,2740923.0,281408887.0
2016-05-03,9820,9860,9760,9800,607621,2757807.0,281408887.0
2016-05-04,9680,9740,9520,9590,1305969,2698711.0,281408887.0
2016-05-09,9590,9600,9340,9370,1388197,2636801.0,281408887.0
2016-05-10,9380,9500,9380,9450,632271,2659314.0,281408887.0
2016-05-11,9570,9580,9400,9520,825303,2679013.0,281408887.0
2016-05-12,9430,9500,9370,9440,469194,2656500.0,281408887.0
2016-05-13,9430,9480,9340,9470,633095,2664942.0,281408887.0
2016-05-16,9440,9760,9420,9550,1238591,2687455.0,281408887.0
2016-05-17,9630,9640,9410,9420,897912,2650872.0,281408887.0
2016-05-18,9420,9470,9200,9270,1305199,2608660.0,281408887.0
2016-05-19,9280,9300,9080,9120,1153336,2566449.0,281408887.0
2016-05-20,9090,9270,9070,9210,757636,2591776.0,281408887.0
2016-05-23,9210,9290,9140,9150,620862,2574891.0,281408887.0
2016-05-24,9100,9170,9000,9000,861895,2532680.0,281408887.0
2016-05-25,9230,9230,9110,9130,772416,2569263.0,281408887.0
2016-05-26,9170,9170,9040,9060,607522,2549565.0,281408887.0
2016-05-27,9100,9180,9050,9160,673201,2577705.0,281408887.0
2016-05-30,9160,9160,9000,9000,947175,2532680.0,281408887.0
2016-05-31,9020,9170,8960,9080,1117692,2555193.0,281408887.0
2016-06-01,9050,9100,9010,9050,797430,2546750.0,281408887.0
2016-06-02,9090,9090,8980,9030,706350,2541122.0,281408887.0
2016-06-03,9080,9160,9030,9090,748597,2558007.0,281408887.0
2016-06-07,9120,9510,9090,9510,1761135,2676199.0,281408887.0
2016-06-08,9510,9590,9390,9590,1257699,2698711.0,281408887.0
2016-06-09,9600,9890,9520,9670,2698188,2721224.0,281408887.0
2016-06-10,9690,9750,9590,9700,869195,2729666.0,281408887.0
2016-06-13,9560,9570,9370,9410,923016,2648058.0,281408887.0
2016-06-14,9350,9440,9190,9290,981957,2614289.0,281408887.0
2016-06-15,9270,9300,9150,9240,664193,2600218.0,281408887.0
2016-06-16,9260,9270,9090,9110,864544,2563635.0,281408887.0
2016-06-17,9240,9250,9080,9170,679691,2580519.0,281408887.0
2016-06-20,9250,9470,9250,9430,765747,2653686.0,281408887.0
2016-06-21,9450,9450,9300,9370,451497,2636801.0,281408887.0
2016-06-22,9360,9630,9320,9600,1190888,2701525.0,281408887.0
2016-06-23,9510,9650,9460,9640,911623,2712782.0,281408887.0
2016-06-24,9700,9750,9010,9050,3370268,2546750.0,281408887.0
2016-06-27,8740,8920,8640,8850,2095165,2490469.0,281408887.0
2016-06-28,8750,8920,8720,8910,928143,2507353.0,281408887.0
2016-06-29,9060,9130,8970,9090,834611,2558007.0,281408887.0
2016-06-30,9200,9220,9050,9130,800273,2569263.0,281408887.0
2016-07-01,9180,9320,9160,9290,983254,2614289.0,281408887.0
2016-07-04,9320,9320,9190,9230,685833,2597404.0,281408887.0
2016-07-05,9220,9280,9170,9260,422839,2605846.0,281408887.0
2016-07-06,9220,9230,9010,9070,1054081,2552379.0,281408887.0
2016-07-07,9110,9180,9080,9120,399270,2566449.0,281408887.0
2016-07-08,9110,9140,9010,9040,582147,2543936.0,281408887.0
2016-07-11,9140,9300,9140,9280,673697,2611474.0,281408887.0
2016-07-12,9330,9380,9240,9300,757833,2617103.0,281408887.0
2016-07-13,9410,9570,9380,9520,1459016,2679013.0,281408887.0
2016-07-14,9500,9600,9460,9580,879590,2695897.0,281408887.0
2016-07-15,9690,9800,9620,9660,1611920,2718410.0,281408887.0
2016-07-18,9720,9750,9640,9740,595644,2740923.0,281408887.0
2016-07-19,9760,9770,9590,9630,598728,2709968.0,281408887.0
2016-07-20,9640,9900,9600,9900,1696198,2785948.0,281408887.0
2016-07-21,9990,10150,9960,10000,1872574,2814089.0,281408887.0
2016-07-22,9960,10200,9940,10150,1317301,2856300.0,281408887.0
2016-07-25,10250,10400,10200,10350,1835221,2912582.0,281408887.0
2016-07-26,10300,10500,10200,10450,1500010,2940723.0,281408887.0
2016-07-27,10450,10550,10350,10400,1638418,2926652.0,281408887.0
2016-07-28,10400,10450,10100,10150,1455789,2856300.0,281408887.0
2016-07-29,10200,10650,10200,10400,2364827,2926652.0,281408887.0
2016-08-01,10500,10650,10350,10650,2076790,2997005.0,281408887.0
2016-08-02,10600,10600,10100,10200,2097121,2870371.0,281408887.0
2016-08-03,10150,10250,9980,10100,1380526,2842230.0,281408887.0
2016-08-04,10150,10500,10150,10450,1467851,2940723.0,281408887.0
2016-08-05,10450,10700,10350,10650,1806510,2997005.0,281408887.0
2016-08-08,10800,10850,10600,10650,1224253,2997005.0,281408887.0
2016-08-09,10600,10700,10450,10700,1114137,3011075.0,281408887.0
2016-08-10,10700,10750,10550,10700,1435733,3011075.0,281408887.0
2016-08-11,10700,10750,10450,10500,1057490,2954793.0,281408887.0
2016-08-12,10600,10850,10350,10450,2361947,2940723.0,281408887.0
2016-08-16,10550,10650,10450,10500,1204271,2954793.0,281408887.0
2016-08-17,10400,10450,10100,10350,1378395,2912582.0,281408887.0
2016-08-18,10250,10500,10150,10200,1355418,2870371.0,281408887.0
2016-08-19,10250,10250,10050,10100,668133,2842230.0,281408887.0
2016-08-22,10100,10100,9920,9940,911405,2797204.0,281408887.0
2016-08-23,9940,10100,9900,10000,429616,2814089.0,281408887.0
2016-08-24,10050,10100,9970,10050,440042,2828159.0,281408887.0
2016-08-25,10000,10200,9990,10150,683284,2856300.0,281408887.0
2016-08-26,10100,10100,9950,10050,622996,2828159.0,281408887.0
2016-08-29,9980,10100,9910,10050,899471,2828159.0,281408887.0
2016-08-30,10100,10200,10000,10150,524121,2856300.0,281408887.0
2016-08-31,10050,10100,9970,10100,801711,2842230.0,281408887.0
2016-09-01,10050,10150,9990,10100,576843,2842230.0,281408887.0
2016-09-02,10100,10150,9980,10100,667319,2842230.0,281408887.0
2016-09-05,10200,10350,10100,10300,992557,2898512.0,281408887.0
2016-09-06,10300,10350,10200,10300,472080,2898512.0,281408887.0
2016-09-07,10300,10450,10250,10300,953092,2898512.0,281408887.0
2016-09-08,10300,10450,10250,10300,934211,2898512.0,281408887.0
2016-09-09,10300,10300,10100,10300,843326,2898512.0,281408887.0
2016-09-12,10050,10150,10000,10050,1059730,2828159.0,281408887.0
2016-09-13,10150,10150,9830,9850,1158818,2771878.0,281408887.0
2016-09-19,9760,9950,9710,9950,648831,2800018.0,281408887.0
2016-09-20,9880,9960,9830,9950,531296,2800018.0,281408887.0
2016-09-21,9940,9990,9860,9990,418632,2811275.0,281408887.0
2016-09-22,10100,10150,10000,10050,731582,2828159.0,281408887.0
2016-09-23,10100,10100,9990,10050,551073,2828159.0,281408887.0
2016-09-26,10000,10050,9960,9990,437309,2811275.0,281408887.0
2016-09-27,9960,10050,9890,10050,370950,2828159.0,281408887.0
2016-09-28,10050,10050,9950,9950,630058,2800018.0,281408887.0
2016-09-29,10050,10100,10000,10050,649527,2828159.0,281408887.0
2016-09-30,9970,10100,9930,9970,694382,2805647.0,281408887.0
2016-10-04,10000,10050,9950,9960,532688,2802833.0,281408887.0
2016-10-05,9930,9970,9830,9840,659733,2769063.0,281408887.0
2016-10-06,9900,9900,9800,9800,712349,2757807.0,281408887.0
2016-10-07,9800,9940,9740,9920,772564,2791576.0,281408887.0
2016-10-10,9870,10050,9870,9980,606453,2808461.0,281408887.0
2016-10-11,10050,10050,9970,10050,527752,2828159.0,281408887.0
2016-10-12,10000,10100,9990,10100,696812,2842230.0,281408887.0
2016-10-13,10100,10100,10000,10000,917544,2814089.0,281408887.0
2016-10-14,10000,10200,10000,10200,796398,2870371.0,281408887.0
2016-10-17,10250,10300,10150,10200,765585,2870371.0,281408887.0
2016-10-18,10150,10300,10100,10300,800518,2898512.0,281408887.0
2016-10-19,10300,10300,10200,10250,871797,2884441.0,281408887.0
2016-10-20,10300,10400,10250,10400,1073105,2926652.0,281408887.0
2016-10-21,10400,10450,10250,10450,1208306,2940723.0,281408887.0
2016-10-24,10450,10550,10400,10550,678231,2968864.0,281408887.0
2016-10-25,10550,10550,10400,10450,599505,2940723.0,281408887.0
2016-10-26,10350,10400,10150,10250,649596,2884441.0,281408887.0
2016-10-27,10350,10400,10250,10250,488290,2884441.0,281408887.0
2016-10-28,10300,10350,10150,10200,383618,2870371.0,281408887.0
2016-10-31,10150,10200,10050,10100,450221,2842230.0,281408887.0
2016-11-01,10100,10300,10000,10150,757401,2856300.0,281408887.0
2016-11-02,10050,10100,9820,9910,1189545,2788762.0,281408887.0
2016-11-03,9900,10050,9850,10050,695498,2828159.0,281408887.0
2016-11-04,10000,10100,9960,10100,571892,2842230.0,281408887.0
2016-11-07,10250,10300,10150,10300,686278,2898512.0,281408887.0
2016-11-08,10400,10400,10250,10400,692076,2926652.0,281408887.0
2016-11-09,10400,10450,9940,10050,1551876,2828159.0,281408887.0
2016-11-10,10250,10500,10200,10400,1822085,2926652.0,281408887.0
2016-11-11,10400,10450,10250,10300,1057768,2898512.0,281408887.0
2016-11-14,10350,10450,10300,10300,808331,2898512.0,281408887.0
2016-11-15,10300,10400,10250,10400,814435,2926652.0,281408887.0
2016-11-16,10450,10450,10300,10400,620488,2926652.0,281408887.0
2016-11-17,10350,10400,10200,10200,641756,2870371.0,281408887.0
2016-11-18,10150,10200,9970,10050,1301914,2828159.0,281408887.0
2016-11-21,9980,9980,9810,9860,889849,2774692.0,281408887.0
2016-11-22,9870,9950,9730,9800,1051636,2757807.0,281408887.0
2016-11-23,9800,10050,9710,10000,1056900,2814089.0,281408887.0
2016-11-24,9990,10050,9850,9920,522114,2791576.0,281408887.0
2016-11-25,9950,9950,9850,9910,371940,2788762.0,281408887.0
2016-11-28,9950,9950,9850,9910,346261,2788762.0,281408887.0
2016-11-29,9930,9980,9860,9970,313033,2805647.0,281408887.0
2016-11-30,10000,10000,9830,9830,576803,2766249.0,281408887.0
2016-12-01,9830,9980,9830,9880,465903,2780320.0,281408887.0
2016-12-02,9940,9950,9850,9850,340895,2771878.0,281408887.0
2016-12-05,9880,9880,9570,9630,800087,2709968.0,281408887.0
2016-12-06,9600,9720,9600,9710,913986,2732480.0,281408887.0
2016-12-07,9740,9740,9590,9600,473526,2701525.0,281408887.0
2016-12-08,9680,9900,9680,9900,868078,2785948.0,281408887.0
2016-12-09,9860,9890,9790,9850,456918,2771878.0,281408887.0
2016-12-12,9900,10050,9900,9940,624171,2797204.0,281408887.0
2016-12-13,9950,10000,9910,9980,505750,2808461.0,281408887.0
2016-12-14,10000,10050,9930,9950,689210,2800018.0,281408887.0
2016-12-15,9900,10300,9850,10200,1389350,2870371.0,281408887.0
2016-12-16,10250,10250,10000,10000,1245120,2814089.0,281408887.0
2016-12-19,10050,10100,9990,10050,654092,2828159.0,281408887.0
2016-12-20,10150,10150,10050,10150,661806,2856300.0,281408887.0
2016-12-21,10150,10200,10050,10050,664639,2828159.0,281408887.0
2016-12-22,10100,10100,9970,10000,767864,2814089.0,281408887.0
2016-12-23,10000,10050,9910,9980,499481,2808461.0,281408887.0
2016-12-26,9980,10050,9940,10050,701867,2828159.0,281408887.0
2016-12-27,10050,10150,10000,10100,2054636,2842230.0,281408887.0
2016-12-28,9750,9860,9730,9760,1399967,2746551.0,281408887.0
2016-12-29,9750,9790,9650,9650,778523,2715596.0,281408887.0
2017-01-02,9710,9760,9600,9670,482640,2721224.0,281408887.0
2017-01-03,9740,9770,9640,9730,731734,2738108.0,281408887.0
2017-01-04,9770,9990,9730,9950,1201128,2800018.0,281408887.0
2017-01-05,9970,10100,9950,10000,1223852,2814089.0,281408887.0
2017-01-06,10000,10100,9960,10050,650259,2828159.0,281408887.0
2017-01-09,10050,10100,9960,10050,716278,2828159.0,281408887.0
2017-01-10,10050,10100,10000,10100,722277,2842230.0,281408887.0
2017-01-11,10100,10700,10100,10650,3893652,2997005.0,281408887.0
2017-01-12,10650,10800,10550,10600,1853765,2982934.0,281408887.0
2017-01-13,10650,11000,10600,10800,3170103,3039216.0,281408887.0
2017-01-16,10950,11000,10800,10850,1903814,3053286.0,281408887.0
2017-01-17,10900,11450,10800,11350,4335561,3193991.0,281408887.0
2017-01-18,11200,11400,11050,11250,1826271,3165850.0,281408887.0
2017-01-19,11300,11400,11050,11200,1666923,3151780.0,281408887.0
2017-01-20,11100,11200,10900,11000,1421964,3095498.0,281408887.0
2017-01-23,10950,11200,10900,11000,923363,3095498.0,281408887.0
2017-01-24,11100,11200,10850,11050,842837,3109568.0,281408887.0
2017-01-25,11150,11200,10850,10950,1159554,3081427.0,281408887.0
2017-01-26,11050,11650,11000,11500,3434371,3236202.0,281408887.0
2017-01-31,11400,11650,11300,11450,1591718,3222132.0,281408887.0
2017-02-01,11500,11650,11400,11500,1266708,3236202.0,281408887.0
2017-02-02,11450,11650,11150,11150,1812590,3137709.0,281408887.0
2017-02-03,11250,11350,11050,11300,1057453,3179920.0,281408887.0
2017-02-06,11550,11850,11500,11750,2919260,3306554.0,281408887.0
2017-02-07,11700,11750,11450,11500,1247212,3236202.0,281408887.0
2017-02-08,11450,11500,11200,11400,1194649,3208061.0,281408887.0
2017-02-09,11300,11600,11300,11500,1088304,3236202.0,281408887.0
2017-02-10,11600,11700,11450,11450,835885,3222132.0,281408887.0
2017-02-13,11550,11550,11400,11550,920009,3250273.0,281408887.0
2017-02-14,11650,11700,11500,11600,1004541,3264343.0,281408887.0
2017-02-15,11650,11650,11550,11650,846261,3278414.0,281408887.0
2017-02-16,11750,11800,11400,11450,1000931,3222132.0,281408887.0
2017-02-17,11400,11600,11350,11450,918271,3222132.0,281408887.0
2017-02-20,11450,11500,11000,11150,1833462,3137709.0,281408887.0
2017-02-21,11150,11750,11150,11700,2848214,3292484.0,281408887.0
2017-02-22,11800,11950,11600,11900,1741663,3348766.0,281408887.0
2017-02-23,11900,11950,11800,11800,1231239,3320625.0,281408887.0
2017-02-24,11800,11850,11450,11550,1270013,3250273.0,281408887.0
2017-02-27,11550,11600,11300,11400,745361,3208061.0,281408887.0
2017-02-28,11400,11650,11350,11600,910718,3264343.0,281408887.0
2017-03-02,11800,11950,11700,11750,1876666,3306554.0,281408887.0
2017-03-03,11650,11700,11300,11450,1465253,3222132.0,281408887.0
2017-03-06,11350,11400,11100,11350,1317810,3193991.0,281408887.0
2017-03-07,11300,11700,11300,11650,931223,3278414.0,281408887.0
2017-03-08,11600,11600,11450,11500,565594,3236202.0,281408887.0
2017-03-09,11550,11800,11500,11650,1816349,3278414.0,281408887.0
2017-03-10,11650,11900,11500,11900,1646736,3348766.0,281408887.0
2017-03-13,11900,12150,11800,12050,2078419,3390977.0,281408887.0
2017-03-14,12150,12300,12000,12050,1409870,3390977.0,281408887.0
2017-03-15,12050,12300,11900,12300,1622777,3461329.0,281408887.0
2017-03-16,12500,12950,12500,12850,3017574,3616104.0,281408887.0
2017-03-17,12850,13150,12750,12900,1452315,3630175.0,281408887.0
2017-03-20,12850,12900,12600,12700,1075894,3573893.0,281408887.0
2017-03-21,12750,13050,12500,13000,1978428,3658316.0,281408887.0
2017-03-22,12700,12850,12500,12600,1954657,3545752.0,281408887.0
2017-03-23,12650,12950,12600,12800,1304321,3602034.0,281408887.0
2017-03-24,12850,13050,12750,12900,1497629,3630175.0,281408887.0
2017-03-27,12750,12750,12300,12500,1881426,3517611.0,281408887.0
2017-03-28,12550,12650,12450,12550,1111528,3531682.0,281408887.0
2017-03-29,12700,12750,12400,12550,1042893,3531682.0,281408887.0
2017-03-30,12550,12650,12300,12350,1305012,3475400.0,281408887.0
2017-03-31,12450,12600,12400,12550,914271,3531682.0,281408887.0
2017-04-03,12550,12550,12350,12500,708001,3517611.0,281408887.0
2017-04-04,12500,12500,12300,12350,658344,3475400.0,281408887.0
2017-04-05,12350,12450,11950,12200,1563659,3433188.0,281408887.0
2017-04-06,12150,12400,12050,12300,811796,3461329.0,281408887.0
2017-04-07,12300,12350,12050,12100,877716,3405048.0,281408887.0
2017-04-10,12100,12150,11900,11900,1225361,3348766.0,281408887.0
2017-04-11,11850,12100,11850,11950,1165313,3362836.0,281408887.0
2017-04-12,11950,12000,11850,12000,791126,3376907.0,281408887.0
2017-04-13,12050,12300,11950,12300,957451,3461329.0,281408887.0
2017-04-14,12150,12200,11900,12000,1035561,3376907.0,281408887.0
2017-04-17,12000,12350,12000,12300,806166,3461329.0,281408887.0
2017-04-18,12400,12450,12150,12200,735340,3433188.0,281408887.0
2017-04-19,12150,12300,11900,11950,1487356,3362836.0,281408887.0
2017-04-20,11950,12350,11900,12200,1319091,3433188.0,281408887.0
2017-04-21,12300,12350,12150,12250,791118,3447259.0,281408887.0
2017-04-24,12300,12750,12250,12650,1893288,3559822.0,281408887.0
2017-04-25,12700,13150,12600,13000,3221305,3658316.0,281408887.0
2017-04-26,13150,13750,13100,13500,3382583,3799020.0,281408887.0
2017-04-27,13500,13800,13350,13550,1285993,3813090.0,281408887.0
2017-04-28,13450,13550,13100,13200,1433940,3714597.0,281408887.0
2017-05-02,13250,13750,13250,13650,1360375,3841231.0,281408887.0
2017-05-04,13750,13900,13550,13700,1239720,3855302.0,281408887.0
2017-05-08,13700,13950,13500,13950,1448760,3925654.0,281408887.0
2017-05-10,13950,14100,13350,13450,2632449,3784950.0,281408887.0
2017-05-11,13500,14000,13500,13900,1851563,3911584.0,281408887.0
2017-05-12,13850,14150,13750,14000,1179294,3939724.0,281408887.0
2017-05-15,13900,14050,13800,13900,615629,3911584.0,281408887.0
2017-05-16,14100,14250,14000,14250,1302283,4010077.0,281408887.0
2017-05-17,14200,14250,13950,14000,1049087,3939724.0,281408887.0
2017-05-18,13600,13850,13550,13800,1590753,3883443.0,281408887.0
2017-05-19,13800,14250,13800,14200,1133105,3996006.0,281408887.0
2017-05-22,14300,14400,14100,14150,886939,3981936.0,281408887.0
2017-05-23,14250,14400,14150,14250,1076246,4010077.0,281408887.0
2017-05-24,14350,14350,14100,14250,671085,4010077.0,281408887.0
2017-05-25,14300,14700,14200,14700,1491114,4136711.0,281408887.0
2017-05-26,14700,14850,14500,14650,1069119,4122640.0,281408887.0
2017-05-29,14750,14800,14200,14250,1710168,4010077.0,281408887.0
2017-05-30,14200,14500,14050,14250,1540207,4010077.0,281408887.0
2017-05-31,14200,14250,14050,14150,1044447,3981936.0,281408887.0
2017-06-01,14150,14150,13700,13850,1650131,3897513.0,281408887.0
2017-06-02,13950,14250,13950,14150,1400365,3981936.0,281408887.0
2017-06-05,14150,14250,13900,14000,924513,3939724.0,281408887.0
2017-06-07,13950,14400,13900,14350,1484207,4038218.0,281408887.0
2017-06-08,14350,14500,14200,14400,1386265,4052288.0,281408887.0
2017-06-09,14500,15000,14450,14950,2244302,4207063.0,281408887.0
2017-06-12,14800,15150,14550,14650,1472720,4122640.0,281408887.0
2017-06-13,14600,14750,14500,14600,1372752,4108570.0,281408887.0
2017-06-14,14700,14800,14400,14500,1104273,4080429.0,281408887.0
2017-06-15,14500,14650,14100,14200,1288646,3996006.0,281408887.0
2017-06-16,14150,14350,14050,14300,787968,4024147.0,281408887.0
2017-06-19,14100,14350,14050,14250,660125,4010077.0,281408887.0
2017-06-20,14400,14500,14300,14350,804757,4038218.0,281408887.0
2017-06-21,14250,14300,13850,13950,802385,3925654.0,281408887.0
2017-06-22,14000,14250,13850,14200,657676,3996006.0,281408887.0
2017-06-23,14250,14400,14150,14350,979909,4038218.0,281408887.0
2017-06-26,14350,14450,14200,14400,617300,4052288.0,281408887.0
2017-06-27,14450,14500,14250,14350,741689,4038218.0,281408887.0
2017-06-28,14200,14550,14100,14450,895940,4066358.0,281408887.0
2017-06-29,14500,15100,14500,14950,2317718,4207063.0,281408887.0
2017-06-30,14750,14900,14600,14850,1070117,4178922.0,281408887.0
2017-07-03,14850,14900,14500,14600,852913,4108570.0,281408887.0
2017-07-04,14700,15050,14300,14400,1370213,4052288.0,281408887.0
2017-07-05,14400,14450,14200,14400,1081981,4052288.0,281408887.0
2017-07-06,14350,14400,14100,14250,993105,4010077.0,281408887.0
2017-07-07,14100,14350,14050,14200,982463,3996006.0,281408887.0
2017-07-10,14250,14350,14050,14150,872813,3981936.0,281408887.0
2017-07-11,14150,14700,14100,14700,1289121,4136711.0,281408887.0
2017-07-12,14750,14800,14500,14500,861014,4080429.0,281408887.0
2017-07-13,14750,14900,14650,14750,1325002,4150781.0,281408887.0
2017-07-14,14850,14850,14600,14700,561012,4136711.0,281408887.0
2017-07-17,14850,15000,14600,14700,652462,4136711.0,281408887.0
2017-07-18,14650,14700,14300,14400,999661,4052288.0,281408887.0
2017-07-19,14450,14600,14400,14550,742116,4094499.0,281408887.0
2017-07-20,14650,14850,14500,14850,793187,4178922.0,281408887.0
2017-07-21,14750,14950,14700,14850,783392,4178922.0,281408887.0
2017-07-24,14950,15000,14750,14850,465312,4178922.0,281408887.0
2017-07-25,14900,15200,14750,14850,1424928,4178922.0,281408887.0
2017-07-26,15000,15250,14800,15050,1253090,4235204.0,281408887.0
2017-07-27,15150,15150,14850,14900,684794,4192992.0,281408887.0
2017-07-28,14750,14850,13850,13950,2302683,3925654.0,281408887.0
2017-07-31,13900,14200,13800,14150,1230617,3981936.0,281408887.0
2017-08-01,14150,14500,14100,14400,1027781,4052288.0,281408887.0
2017-08-02,14450,14550,14350,14450,507490,4066358.0,281408887.0
2017-08-03,14350,14350,13550,13650,2711649,3841231.0,281408887.0
2017-08-04,13550,13800,13450,13600,1071586,3827161.0,281408887.0
2017-08-07,13650,13850,13550,13600,866300,3827161.0,281408887.0
2017-08-08,13700,13750,13450,13600,581266,3827161.0,281408887.0
2017-08-09,13400,13900,13300,13700,2061028,3855302.0,281408887.0
2017-08-10,13600,13850,13150,13450,1604743,3784950.0,281408887.0
2017-08-11,13050,13350,13000,13250,1254988,3728668.0,281408887.0
2017-08-14,13500,13850,13400,13400,882956,3770879.0,281408887.0
2017-08-16,13700,13750,13500,13600,982025,3827161.0,281408887.0
2017-08-17,13650,13950,13500,13750,1026218,3869372.0,281408887.0
2017-08-18,13500,14000,13450,13950,863105,3925654.0,281408887.0
2017-08-21,13950,14000,13750,13750,440901,3869372.0,281408887.0
2017-08-22,13800,14200,13800,14200,1097985,3996006.0,281408887.0
2017-08-23,14350,14350,13900,13950,947452,3925654.0,281408887.0
2017-08-24,14050,14200,13900,14050,650437,3953795.0,281408887.0
2017-08-25,14100,14150,13900,14050,751711,3953795.0,281408887.0
2017-08-28,14050,14150,13900,13900,378651,3911584.0,281408887.0
2017-08-29,13700,13950,13650,13950,569730,3925654.0,281408887.0
2017-08-30,13900,14000,13750,13800,368951,3883443.0,281408887.0
2017-08-31,13900,13900,13700,13800,430526,3883443.0,281408887.0
2017-09-01,13900,13900,13500,13600,595503,3827161.0,281408887.0
2017-09-04,13000,13500,13000,13400,951636,3770879.0,281408887.0
2017-09-05,13400,13450,12950,13050,1152267,3672386.0,281408887.0
2017-09-06,13000,13150,12700,12800,1123242,3602034.0,281408887.0
2017-09-07,12950,13500,12850,13450,1265094,3784950.0,281408887.0
2017-09-08,13400,13600,13300,13500,663198,3799020.0,281408887.0
2017-09-11,13450,13650,13350,13450,678150,3784950.0,281408887.0
2017-09-12,13700,13700,13350,13400,563107,3770879.0,281408887.0
2017-09-13,13450,13550,13100,13350,796364,3756809.0,281408887.0
2017-09-14,13300,13550,13250,13550,726311,3813090.0,281408887.0
2017-09-15,13500,13700,13350,13700,842752,3855302.0,281408887.0
2017-09-18,13700,14400,13650,14300,2189122,4024147.0,281408887.0
2017-09-19,14400,14400,14150,14150,907347,3981936.0,281408887.0
2017-09-20,14200,14300,13850,14050,732819,3953795.0,281408887.0
2017-09-21,14000,14050,13750,13800,627205,3883443.0,281408887.0
2017-09-22,13700,13800,13450,13600,1026385,3827161.0,281408887.0
2017-09-25,13550,13600,13200,13400,496761,3770879.0,281408887.0
2017-09-26,13350,13500,13150,13400,666950,3770879.0,281408887.0
2017-09-27,13400,13450,13150,13300,609139,3742738.0,281408887.0
2017-09-28,13400,13600,13150,13400,693737,3770879.0,281408887.0
2017-09-29,13400,13700,13400,13600,447371,3827161.0,281408887.0
2017-10-10,13850,14100,13700,14050,1561234,3953795.0,281408887.0
2017-10-11,14050,14100,13750,13850,1326794,3897513.0,281408887.0
2017-10-12,14000,14750,13950,14700,3259470,4136711.0,281408887.0
2017-10-13,14700,14950,14550,14750,1837263,4150781.0,281408887.0
2017-10-16,14900,15050,14600,14800,1169701,4164852.0,281408887.0
2017-10-17,14800,14900,14600,14800,780929,4164852.0,281408887.0
2017-10-18,14750,14750,14300,14400,957925,4052288.0,281408887.0
2017-10-19,14600,14800,14300,14350,738126,4038218.0,281408887.0
2017-10-20,14350,14550,14150,14400,1538948,4052288.0,281408887.0
2017-10-23,14600,14650,14150,14350,873816,4038218.0,281408887.0
2017-10-24,14300,14400,14150,14200,605046,3996006.0,281408887.0
2017-10-25,14350,14450,14150,14250,725933,4010077.0,281408887.0
2017-10-26,14200,14350,13950,14100,799349,3967865.0,281408887.0
2017-10-27,14200,14300,14050,14300,807257,4024147.0,281408887.0
2017-10-30,14450,14500,13850,13900,978771,3911584.0,281408887.0
2017-10-31,13900,14150,13700,14050,836459,3953795.0,281408887.0
2017-11-01,14150,14550,14100,14300,1582734,4024147.0,281408887.0
2017-11-02,14400,14450,13900,13900,1220229,3911584.0,281408887.0
2017-11-03,14000,14150,13950,14050,544440,3953795.0,281408887.0
2017-11-06,14100,14200,14000,14000,667858,3939724.0,281408887.0
2017-11-07,14000,14150,13850,13950,744060,3925654.0,281408887.0
2017-11-08,13900,14150,13850,14000,611024,3939724.0,281408887.0
2017-11-09,14150,14150,13850,13900,894087,3911584.0,281408887.0
2017-11-10,13850,14000,13700,13850,512378,3897513.0,281408887.0
2017-11-13,13850,14300,13850,14250,976091,4010077.0,281408887.0
2017-11-14,14350,14350,14000,14150,736951,3981936.0,281408887.0
2017-11-15,14150,14500,13950,14450,1251965,4066358.0,281408887.0
2017-11-16,14500,14650,14250,14550,868858,4094499.0,281408887.0
2017-11-17,14650,14700,14250,14400,1147932,4052288.0,281408887.0
2017-11-20,14250,14350,14000,14150,753731,3981936.0,281408887.0
2017-11-21,14150,14250,13950,14000,845978,3939724.0,281408887.0
2017-11-22,14150,14800,14150,14550,1905429,4094499.0,281408887.0
2017-11-23,14600,14750,14350,14650,796245,4122640.0,281408887.0
2017-11-24,14650,14800,14550,14650,667394,4122640.0,281408887.0
2017-11-27,14800,15000,14200,14250,1366897,4010077.0,281408887.0
2017-11-28,14250,14350,13900,14000,1145263,3939724.0,281408887.0
2017-11-29,14050,14150,13950,14000,785214,3939724.0,281408887.0
2017-11-30,14050,14050,13600,13600,1683001,3827161.0,281408887.0
2017-12-01,13800,13800,13550,13650,542697,3841231.0,281408887.0
2017-12-04,13700,13800,13600,13750,687799,3869372.0,281408887.0
2017-12-05,13750,14050,13650,14000,772413,3939724.0,281408887.0
2017-12-06,14000,14150,13800,13850,712598,3897513.0,281408887.0
2017-12-07,13900,14050,13750,13750,635971,3869372.0,281408887.0
2017-12-08,13750,13900,13650,13700,430593,3855302.0,281408887.0
2017-12-11,13750,13900,13700,13900,321835,3911584.0,281408887.0
2017-12-12,13850,13900,13750,13800,459842,3883443.0,281408887.0
2017-12-13,13800,14100,13800,14000,561260,3939724.0,281408887.0
2017-12-14,14050,14400,13950,14150,1348344,3981936.0,281408887.0
2017-12-15,14200,14400,14150,14250,751005,4010077.0,281408887.0
2017-12-18,14200,14200,13700,13900,1025673,3911584.0,281408887.0
2017-12-19,13950,14150,13900,14150,1101936,3981936.0,281408887.0
2017-12-20,14050,14200,13900,14000,539318,3939724.0,281408887.0
2017-12-21,13950,14000,13850,13900,692298,3911584.0,281408887.0
2017-12-22,13950,14050,13850,14000,644369,3939724.0,281408887.0
2017-12-26,14050,14350,14000,14250,1871148,4010077.0,281408887.0
2017-12-27,14100,14200,13750,13850,1261832,3897513.0,281408887.0
2017-12-28,13800,13950,13800,13900,779225,3911584.0,281408887.0
2018-01-02,13950,14050,13850,14000,546840,3939724.0,281408887.0
2018-01-03,13950,14050,13900,13950,644072,3925654.0,281408887.0
2018-01-04,14050,14050,13850,13950,583168,3925654.0,281408887.0
2018-01-05,14000,14450,13950,14400,1498404,4052288.0,281408887.0
2018-01-08,14500,15300,14450,15250,3137590,4291486.0,281408887.0
2018-01-09,15200,15450,15000,15200,1634529,4277415.0,281408887.0
2018-01-10,15150,15400,15000,15250,1210011,4291486.0,281408887.0
2018-01-11,15200,15300,14950,15050,1140931,4235204.0,281408887.0
2018-01-12,15200,16250,15200,16000,3133270,4502542.0,281408887.0
2018-01-15,16400,16600,15850,15900,1988221,4474401.0,281408887.0
2018-01-16,16000,16000,15500,15850,1422813,4460331.0,281408887.0
2018-01-17,15800,16000,15600,15800,986980,4446260.0,281408887.0
2018-01-18,16050,16500,15750,15850,1765976,4460331.0,281408887.0
2018-01-19,15800,15850,15600,15700,811410,4418120.0,281408887.0
2018-01-22,15700,15850,15450,15850,950544,4460331.0,281408887.0
2018-01-23,15950,16900,15950,16850,2486622,4741740.0,281408887.0
2018-01-24,16800,17000,16700,16750,1457747,4713599.0,281408887.0
2018-01-25,16750,17100,16700,16850,1001356,4741740.0,281408887.0
2018-01-26,16850,17050,16600,16950,1104809,4769881.0,281408887.0
2018-01-29,17150,17650,16950,17000,1936494,4783951.0,281408887.0
2018-01-30,16900,17400,16800,17000,1375803,4783951.0,281408887.0
2018-01-31,16600,16900,16350,16800,1778884,4727669.0,281408887.0
2018-02-01,16850,17200,16550,16800,963569,4727669.0,281408887.0
2018-02-02,16850,16900,16000,16050,1861404,4516613.0,281408887.0
2018-02-05,15700,15850,15350,15650,1477560,4404049.0,281408887.0
2018-02-06,15000,15550,14800,15400,1921206,4333697.0,281408887.0
2018-02-07,15800,15850,14950,15000,1279560,4221133.0,281408887.0
2018-02-08,15100,15300,14950,15050,1308130,4235204.0,281408887.0
2018-02-09,14450,14700,14350,14450,1644714,4066358.0,281408887.0
2018-02-12,14650,15050,14500,14850,2064822,4178922.0,281408887.0
2018-02-13,15000,15100,14550,14600,1329819,4108570.0,281408887.0
2018-02-14,14650,14800,14300,14650,1155478,4122640.0,281408887.0
2018-02-19,14950,15150,14750,14950,1469629,4207063.0,281408887.0
2018-02-20,14900,15000,14450,14550,858102,4094499.0,281408887.0
2018-02-21,14550,14750,14350,14700,1080588,4136711.0,281408887.0
2018-02-22,14500,14650,14150,14250,1410622,4010077.0,281408887.0
2018-02-23,14300,14700,14200,14700,1294946,4136711.0,281408887.0
2018-02-26,14900,14900,14450,14550,974305,4094499.0,281408887.0
2018-02-27,14750,14850,14450,14500,640685,4080429.0,281408887.0
2018-02-28,14400,14500,14000,14300,1456567,4024147.0,281408887.0
2018-03-02,13950,14400,13900,14250,913698,4010077.0,281408887.0
2018-03-05,14350,14350,13800,13800,797196,3883443.0,281408887.0
2018-03-06,14050,14400,14000,14250,1082241,4010077.0,281408887.0
2018-03-07,14250,14400,13950,14000,867314,3939724.0,281408887.0
2018-03-08,14100,14250,13950,14200,841307,3996006.0,281408887.0
2018-03-09,14350,15100,14300,14850,2670207,4178922.0,281408887.0
2018-03-12,15100,15200,14900,15000,1494659,4221133.0,281408887.0
2018-03-13,14900,14900,14550,14750,1242711,4150781.0,281408887.0
2018-03-14,14600,14700,14400,14500,836924,4080429.0,281408887.0
2018-03-15,14450,14550,14200,14450,660354,4066358.0,281408887.0
2018-03-16,14450,14800,14450,14800,842022,4164852.0,281408887.0
2018-03-19,14850,14850,14400,14450,766538,4066358.0,281408887.0
2018-03-20,14300,14500,14150,14500,980463,4080429.0,281408887.0
2018-03-21,14500,14550,14350,14400,451020,4052288.0,281408887.0
2018-03-22,14450,15100,14450,14600,1647523,4108570.0,281408887.0
2018-03-23,14050,14200,13600,13650,2589159,3841231.0,281408887.0
2018-03-26,13600,13950,13550,13900,848090,3911584.0,281408887.0
2018-03-27,14200,14250,13900,13900,989660,3911584.0,281408887.0
2018-03-28,13700,13800,13450,13550,1071403,3813090.0,281408887.0
2018-03-29,13600,14000,13450,13950,790007,3925654.0,281408887.0
2018-03-30,14000,14250,13950,14150,832144,3981936.0,281408887.0
2018-04-02,14200,14550,13900,13950,1101827,3925654.0,281408887.0
2018-04-03,13750,13800,13550,13700,1159077,3855302.0,281408887.0
2018-04-04,13800,13800,13300,13350,1231260,3756809.0,281408887.0
2018-04-05,13550,13700,13500,13600,590251,3827161.0,281408887.0
2018-04-06,13600,13800,13400,13700,913804,3855302.0,281408887.0
2018-04-09,13500,14050,13500,14000,1143889,3939724.0,281408887.0
2018-04-10,13950,14100,13650,14000,862731,3939724.0,281408887.0
2018-04-11,14050,14150,13850,14100,767805,3967865.0,281408887.0
2018-04-12,14100,14100,13900,13900,721316,3911584.0,281408887.0
2018-04-13,14050,14650,14000,14600,2131534,4108570.0,281408887.0
2018-04-16,14650,14650,14400,14450,750568,4066358.0,281408887.0
2018-04-17,14500,14550,14250,14350,763685,4038218.0,281408887.0
2018-04-18,14500,15000,14450,14750,1454685,4150781.0,281408887.0
2018-04-19,14850,14900,14500,14850,1142384,4178922.0,281408887.0
2018-04-20,14750,14950,14700,14800,680756,4164852.0,281408887.0
2018-04-23,14800,15050,14600,14700,1082349,4136711.0,281408887.0
2018-04-24,14800,15450,14700,15400,2097059,4333697.0,281408887.0
2018-04-25,15150,15300,14900,15050,1068282,4235204.0,281408887.0
2018-04-26,15200,15400,15100,15100,1114745,4249274.0,281408887.0
2018-04-27,15250,15800,15250,15450,1443860,4347767.0,281408887.0
2018-04-30,15550,15650,15250,15600,776829,4389979.0,281408887.0
2018-05-02,15500,15600,15100,15250,815926,4291486.0,281408887.0
2018-05-03,15150,15400,15100,15100,665809,4249274.0,281408887.0
2018-05-04,15100,15850,15000,15700,1568164,4418120.0,281408887.0
2018-05-08,15950,16000,15500,15550,1005372,4375908.0,281408887.0
2018-05-09,15450,15550,14950,15350,1233491,4319626.0,281408887.0
2018-05-10,15350,15750,15350,15700,1057952,4418120.0,281408887.0
2018-05-11,15850,16600,15700,16500,2268239,4643247.0,281408887.0
2018-05-14,16650,17050,16450,17000,1214523,4783951.0,281408887.0
2018-05-15,16900,16950,16400,16400,1464760,4615106.0,281408887.0
2018-05-16,16300,16550,16100,16500,801966,4643247.0,281408887.0
2018-05-17,16550,16750,16000,16000,1199491,4502542.0,281408887.0
2018-05-18,16050,16250,16000,16200,627186,4558824.0,281408887.0
2018-05-21,16250,16350,15950,16200,590071,4558824.0,281408887.0
2018-05-23,16100,16500,16000,16300,807941,4586965.0,281408887.0
2018-05-24,16450,16950,16400,16550,1087207,4657317.0,281408887.0
2018-05-25,16350,16550,16250,16350,716140,4601035.0,281408887.0
2018-05-28,16400,17100,16400,17050,1310407,4798022.0,281408887.0
2018-05-29,17050,17050,16800,16900,527089,4755810.0,281408887.0
2018-05-30,16700,16700,15800,15900,2557922,4474401.0,281408887.0
2018-05-31,16200,16300,15700,15850,1804626,4460331.0,281408887.0
2018-06-01,15800,15900,15650,15800,630790,4446260.0,281408887.0
2018-06-04,16100,16100,15800,15950,937984,4488472.0,281408887.0
2018-06-05,16050,16250,16000,16200,803328,4558824.0,281408887.0
2018-06-07,16400,17000,16400,16850,1712093,4741740.0,281408887.0
2018-06-08,16800,16800,16300,16400,826260,4615106.0,281408887.0
2018-06-11,16400,17000,16350,16850,1281218,4741740.0,281408887.0
2018-06-12,16800,17100,16700,16850,848561,4741740.0,281408887.0
2018-06-14,16600,16650,15700,15950,2482614,4488472.0,281408887.0
2018-06-15,16000,16100,15650,16000,1340557,4502542.0,281408887.0
2018-06-18,15950,16000,15200,15400,1390559,4333697.0,281408887.0
2018-06-19,15350,15450,14850,14900,1446040,4192992.0,281408887.0
2018-06-20,14850,15400,14800,15250,819605,4291486.0,281408887.0
2018-06-21,15100,15450,15050,15150,681491,4263345.0,281408887.0
2018-06-22,14950,15100,14550,14950,732393,4207063.0,281408887.0
2018-06-25,14950,15350,14800,15350,623413,4319626.0,281408887.0
2018-06-26,15000,15200,14650,15000,1136929,4221133.0,281408887.0
2018-06-27,14950,15150,14750,14800,752611,4164852.0,281408887.0
2018-06-28,14700,15000,14650,14700,604960,4136711.0,281408887.0
2018-06-29,14900,15000,14450,14950,823985,4207063.0,281408887.0
2018-07-02,14900,14950,13950,14100,1415166,3967865.0,281408887.0
2018-07-03,14250,14300,13900,14200,728151,3996006.0,281408887.0
2018-07-04,14000,14350,13900,13950,526769,3925654.0,281408887.0
2018-07-05,13950,14200,13900,14000,472657,3939724.0,281408887.0
2018-07-06,14000,14400,13950,14250,966856,4010077.0,281408887.0
2018-07-09,14150,14450,14050,14050,874464,3953795.0,281408887.0
2018-07-10,14200,14500,14050,14050,1425586,3953795.0,281408887.0
2018-07-11,13950,14000,13450,13700,1341172,3855302.0,281408887.0
2018-07-12,13800,13900,13600,13650,912954,3841231.0,281408887.0
2018-07-13,13800,14200,13800,14050,1012601,3953795.0,281408887.0
2018-07-16,14100,14250,13750,13800,552737,3883443.0,281408887.0
2018-07-17,13800,13850,13500,13550,824292,3813090.0,281408887.0
2018-07-18,13650,13900,13350,13400,929006,3770879.0,281408887.0
2018-07-19,13550,13550,13000,13050,1041941,3672386.0,281408887.0
2018-07-20,13050,13200,12850,13100,1072674,3686456.0,281408887.0
2018-07-23,13100,13200,12850,12900,639197,3630175.0,281408887.0
2018-07-24,12900,13050,12850,13050,713947,3672386.0,281408887.0
2018-07-25,13100,13300,13000,13100,829877,3686456.0,281408887.0
2018-07-26,13300,13500,13150,13250,930981,3728668.0,281408887.0
2018-07-27,13350,13350,13100,13100,597069,3686456.0,281408887.0
2018-07-30,13050,13150,12850,13050,647231,3672386.0,281408887.0
2018-07-31,13050,13100,12900,13000,667500,3658316.0,281408887.0
2018-08-01,13100,13350,13100,13250,700978,3728668.0,281408887.0
2018-08-02,13200,13250,12850,12900,879900,3630175.0,281408887.0
2018-08-03,12950,13050,12850,13000,508654,3658316.0,281408887.0
2018-08-06,13050,13200,12950,13100,767239,3686456.0,281408887.0
2018-08-07,13050,13100,12800,12900,851449,3630175.0,281408887.0
2018-08-08,12950,13100,12850,12900,685751,3630175.0,281408887.0
2018-08-09,12950,12950,12300,12500,2148089,3517611.0,281408887.0
2018-08-10,12500,12500,12150,12200,1689917,3433188.0,281408887.0
2018-08-13,12100,12250,11600,11750,2061019,3306554.0,281408887.0
2018-08-14,11750,11950,11700,11900,1041352,3348766.0,281408887.0
2018-08-16,11700,11900,11550,11800,1074759,3320625.0,281408887.0
2018-08-17,12000,12100,11900,12050,1222599,3390977.0,281408887.0
2018-08-20,12150,12300,12050,12100,801529,3405048.0,281408887.0
2018-08-21,12150,12900,12050,12700,1757662,3573893.0,281408887.0
2018-08-22,12750,12900,12600,12700,1391125,3573893.0,281408887.0
2018-08-23,12700,12800,12550,12700,559232,3573893.0,281408887.0
2018-08-24,12600,12850,12450,12750,699419,3587963.0,281408887.0
2018-08-27,12900,13400,12800,13350,1825292,3756809.0,281408887.0
2018-08-28,13450,13650,13300,13350,1492774,3756809.0,281408887.0
2018-08-29,13250,13600,13200,13400,1126981,3770879.0,281408887.0
2018-08-30,13500,13550,13300,13400,1068626,3770879.0,281408887.0
2018-08-31,13350,13500,13150,13450,696895,3784950.0,281408887.0
2018-09-03,13450,13800,13350,13550,853002,3813090.0,281408887.0
2018-09-04,13500,13650,13300,13550,812000,3813090.0,281408887.0
2018-09-05,13600,13600,13150,13200,613735,3714597.0,281408887.0
2018-09-06,13200,13400,12950,13000,736476,3658316.0,281408887.0
2018-09-07,12950,13350,12950,13250,659670,3728668.0,281408887.0
2018-09-10,13150,13550,13100,13450,561901,3784950.0,281408887.0
2018-09-11,13350,13500,13250,13450,631930,3784950.0,281408887.0
2018-09-12,13500,13500,13050,13200,902675,3714597.0,281408887.0
2018-09-13,13250,13350,13100,13300,579178,3742738.0,281408887.0
2018-09-14,13400,13950,13400,13750,1363899,3869372.0,281408887.0
2018-09-17,13650,13700,13350,13500,539747,3799020.0,281408887.0
2018-09-18,13300,13550,13250,13400,479616,3770879.0,281408887.0
2018-09-19,13600,13900,13450,13800,997659,3883443.0,281408887.0
2018-09-20,13800,14050,13700,13850,1250370,3897513.0,281408887.0
2018-09-21,14000,14100,13800,14000,1317865,3939724.0,281408887.0
2018-09-27,13900,14300,13850,14250,813208,4010077.0,281408887.0
2018-09-28,14300,14350,14050,14300,683081,4024147.0,281408887.0
2018-10-01,14300,14450,14150,14300,709254,4024147.0,281408887.0
2018-10-02,14300,14350,13800,13850,740851,3897513.0,281408887.0
2018-10-04,13850,13900,13350,13500,901590,3799020.0,281408887.0
2018-10-05,13400,13550,13350,13450,613122,3784950.0,281408887.0
2018-10-08,13400,13600,13350,13400,378759,3770879.0,281408887.0
2018-10-10,13400,13500,12650,12700,1578872,3573893.0,281408887.0
2018-10-11,12200,12450,11950,12100,1393580,3405048.0,281408887.0
2018-10-12,12100,12450,12050,12350,1069644,3475400.0,281408887.0
2018-10-15,12250,12450,12050,12150,774376,3419118.0,281408887.0
2018-10-16,12200,12400,12150,12250,525722,3447259.0,281408887.0
2018-10-17,12550,12800,12350,12450,825074,3503541.0,281408887.0
2018-10-18,12400,12600,12300,12300,444924,3461329.0,281408887.0
2018-10-19,12150,12300,11950,12150,1013148,3419118.0,281408887.0
2018-10-22,12050,12500,11950,12450,590230,3503541.0,281408887.0
2018-10-23,12300,12400,12000,12100,921444,3405048.0,281408887.0
2018-10-24,12200,12450,12100,12350,782379,3475400.0,281408887.0
2018-10-25,12000,12200,11800,12200,1173374,3433188.0,281408887.0
2018-10-26,12250,12350,11800,12200,1425084,3433188.0,281408887.0
2018-10-29,12200,12400,11950,12050,846302,3390977.0,281408887.0
2018-10-30,11900,12200,11700,11900,1118432,3348766.0,281408887.0
2018-10-31,11950,12300,11800,12150,949933,3419118.0,281408887.0
2018-11-01,12250,12650,12100,12300,1207534,3461329.0,281408887.0
2018-11-02,12600,13600,12500,13450,2498229,3784950.0,281408887.0
2018-11-05,13300,13300,12850,13000,965695,3658316.0,281408887.0
2018-11-06,13050,13400,13000,13400,1082158,3770879.0,281408887.0
2018-11-07,13550,14000,13350,13400,1690722,3770879.0,281408887.0
2018-11-08,13900,14050,13500,13550,1225340,3813090.0,281408887.0
2018-11-09,13500,13750,13150,13250,907212,3728668.0,281408887.0
2018-11-12,13050,13400,13050,13400,598775,3770879.0,281408887.0
2018-11-13,13150,13400,12850,13350,928843,3756809.0,281408887.0
2018-11-14,13400,13450,12900,12950,750294,3644245.0,281408887.0
2018-11-15,12950,13450,12900,13450,722097,3784950.0,281408887.0
2018-11-16,13450,13500,13200,13300,485223,3742738.0,281408887.0
2018-11-19,13400,13800,13350,13650,966787,3841231.0,281408887.0
2018-11-20,13450,13750,13400,13650,592668,3841231.0,281408887.0
2018-11-21,13500,13650,13350,13650,504317,3841231.0,281408887.0
2018-11-22,13650,13750,13550,13650,345868,3841231.0,281408887.0
2018-11-23,13600,13700,13300,13400,433800,3770879.0,281408887.0
2018-11-26,13450,13750,13400,13700,667634,3855302.0,281408887.0
2018-11-27,13800,13900,13650,13850,566114,3897513.0,281408887.0
2018-11-28,13900,13950,13600,13700,489211,3855302.0,281408887.0
2018-11-29,14050,14100,13750,13800,1405613,3883443.0,281408887.0
2018-11-30,13800,13900,13650,13850,758572,3897513.0,281408887.0
2018-12-03,14000,14350,14000,14350,872023,4038218.0,281408887.0
2018-12-04,14350,14350,13800,13950,1149850,3925654.0,281408887.0
2018-12-05,13650,13750,13450,13650,888351,3841231.0,281408887.0
2018-12-06,13600,13700,13300,13450,951707,3784950.0,281408887.0
2018-12-07,13550,13700,13350,13650,549355,3841231.0,281408887.0
2018-12-10,13450,13650,13400,13550,569942,3813090.0,281408887.0
2018-12-11,13550,13700,13500,13650,518797,3841231.0,281408887.0
2018-12-12,13650,13850,13650,13800,643400,3883443.0,281408887.0
2018-12-13,13800,14000,13750,13950,895909,3925654.0,281408887.0
2018-12-14,13950,14000,13650,13850,539551,3897513.0,281408887.0
2018-12-17,13850,14050,13800,13850,583259,3897513.0,281408887.0
2018-12-18,13700,14050,13700,13900,1039697,3911584.0,281408887.0
2018-12-19,13900,14200,13850,14100,807212,3967865.0,281408887.0
2018-12-20,14000,14050,13450,13600,1143047,3827161.0,281408887.0
2018-12-21,13550,13850,13500,13850,705113,3897513.0,281408887.0
2018-12-24,13800,13800,13600,13800,448082,3883443.0,281408887.0
2018-12-26,13600,13800,13100,13250,1401787,3728668.0,281408887.0
2018-12-27,13250,13350,12900,12950,1044274,3644245.0,281408887.0
2018-12-28,13000,13150,12900,13050,658710,3672386.0,281408887.0
2019-01-02,13100,13150,12250,12350,1139552,3475400.0,281408887.0
2019-01-03,12350,12550,12050,12100,918010,3405048.0,281408887.0
2019-01-04,12000,12250,11950,12200,990591,3433188.0,281408887.0
2019-01-07,12500,13000,12500,12750,1271676,3587963.0,281408887.0
2019-01-08,12750,12850,12400,12500,733212,3517611.0,281408887.0
2019-01-09,12600,13050,12550,12900,1381182,3630175.0,281408887.0
2019-01-10,12800,12950,12650,12850,454681,3616104.0,281408887.0
2019-01-11,12900,12950,12650,12700,663651,3573893.0,281408887.0
2019-01-14,12700,12700,12500,12650,527426,3559822.0,281408887.0
2019-01-15,12650,13450,12650,13350,1425182,3756809.0,281408887.0
2019-01-16,13250,13800,13250,13550,1198671,3813090.0,281408887.0
2019-01-17,13700,13750,13400,13500,675191,3799020.0,281408887.0
2019-01-18,13650,13750,13450,13700,566173,3855302.0,281408887.0
2019-01-21,13850,13900,13600,13700,402335,3855302.0,281408887.0
2019-01-22,13700,13800,13350,13550,480017,3813090.0,281408887.0
2019-01-23,13550,13650,13350,13450,642472,3784950.0,281408887.0
2019-01-24,13650,13850,13450,13800,1171514,3883443.0,281408887.0
2019-01-25,13650,13850,13500,13800,686016,3883443.0,281408887.0
2019-01-28,13750,13800,13600,13650,634079,3841231.0,281408887.0
2019-01-29,13600,13700,13400,13700,598847,3855302.0,281408887.0
2019-01-30,13800,13850,13550,13850,623208,3897513.0,281408887.0
2019-01-31,14100,14350,13750,13950,1635746,3925654.0,281408887.0
2019-02-01,14100,14100,13900,13950,469209,3925654.0,281408887.0
2019-02-07,14100,14100,13900,14050,638859,3953795.0,281408887.0
2019-02-08,13900,14000,13500,13550,854426,3813090.0,281408887.0
2019-02-11,13500,13750,13500,13550,471009,3813090.0,281408887.0
2019-02-12,13650,13700,13500,13550,522906,3813090.0,281408887.0
2019-02-13,13700,13700,13250,13300,1204778,3742738.0,281408887.0
2019-02-14,13250,13400,13200,13400,672584,3770879.0,281408887.0
2019-02-15,13350,13350,13150,13200,514386,3714597.0,281408887.0
2019-02-18,13350,13500,13250,13300,479848,3742738.0,281408887.0
2019-02-19,13300,13350,13200,13250,321483,3728668.0,281408887.0
2019-02-20,13300,13400,13050,13250,845440,3728668.0,281408887.0
2019-02-21,13250,13300,13100,13200,705672,3714597.0,281408887.0
2019-02-22,13150,13300,13100,13250,390620,3728668.0,281408887.0
2019-02-25,13300,13350,13100,13250,657329,3728668.0,281408887.0
2019-02-26,13250,13450,13200,13450,781569,3784950.0,281408887.0
2019-02-27,13450,13500,13350,13450,537143,3784950.0,281408887.0
2019-02-28,13450,13450,13050,13050,914947,3672386.0,281408887.0
2019-03-04,13200,13300,13050,13100,625999,3686456.0,281408887.0
2019-03-05,13050,13100,12900,12950,728812,3644245.0,281408887.0
2019-03-06,13000,13000,12800,12950,516788,3644245.0,281408887.0
2019-03-07,12900,13000,12750,12800,651269,3602034.0,281408887.0
2019-03-08,12750,12750,12500,12600,739762,3545752.0,281408887.0
2019-03-11,12600,12750,12500,12650,304324,3559822.0,281408887.0
2019-03-12,12750,12850,12700,12750,324758,3587963.0,281408887.0
2019-03-13,12650,12800,12600,12700,515295,3573893.0,281408887.0
2019-03-14,12850,12850,12650,12750,743401,3587963.0,281408887.0
2019-03-15,12750,13250,12700,13200,1110092,3714597.0,281408887.0
2019-03-18,13200,13500,13100,13400,756569,3770879.0,281408887.0
2019-03-19,13400,13500,13100,13100,638318,3686456.0,281408887.0
2019-03-20,13150,13250,13000,13250,508783,3728668.0,281408887.0
2019-03-21,13150,13450,13150,13350,877444,3756809.0,281408887.0
2019-03-22,13400,13400,13200,13200,579789,3714597.0,281408887.0
2019-03-25,13000,13150,12950,13000,430796,3658316.0,281408887.0
2019-03-26,13000,13150,13000,13050,434271,3672386.0,281408887.0
2019-03-27,13050,13150,12850,12900,401946,3630175.0,281408887.0
2019-03-28,12850,12950,12800,12850,527727,3616104.0,281408887.0
2019-03-29,13000,13500,12900,13450,842731,3784950.0,281408887.0
2019-04-01,13450,13950,13450,13650,1596056,3841231.0,281408887.0
2019-04-02,13750,13900,13750,13850,922466,3897513.0,281408887.0
2019-04-03,13750,14500,13700,14500,2293663,4080429.0,281408887.0
2019-04-04,14450,14600,14250,14300,1280971,4024147.0,281408887.0
2019-04-05,14350,14700,14250,14550,1139093,4094499.0,281408887.0
2019-04-08,14600,14800,14350,14450,604264,4066358.0,281408887.0
2019-04-09,14450,14600,14150,14350,834303,4038218.0,281408887.0
2019-04-10,14200,14450,14150,14450,536670,4066358.0,281408887.0
2019-04-11,14450,14600,14200,14400,1167861,4052288.0,281408887.0
2019-04-12,14300,14400,14200,14400,578723,4052288.0,281408887.0
2019-04-15,14600,14900,14400,14850,1261921,4178922.0,281408887.0
2019-04-16,14750,14800,14250,14450,1094396,4066358.0,281408887.0
2019-04-17,14450,14800,14350,14550,583944,4094499.0,281408887.0
2019-04-18,14600,14650,14100,14150,847508,3981936.0,281408887.0
2019-04-19,14250,14350,14100,14150,387507,3981936.0,281408887.0
2019-04-22,14200,14400,14100,14200,399521,3996006.0,281408887.0
2019-04-23,14250,14250,13900,14150,503276,3981936.0,281408887.0
2019-04-24,14250,14300,13700,13800,845489,3883443.0,281408887.0
2019-04-25,13800,14050,13750,13950,533005,3925654.0,281408887.0
2019-04-26,14200,14250,13750,13850,712243,3897513.0,281408887.0
2019-04-29,13950,14150,13700,14150,417068,3981936.0,281408887.0
2019-04-30,14100,14200,13650,13750,1070094,3869372.0,281408887.0
2019-05-02,13650,13850,13550,13800,587974,3883443.0,281408887.0
2019-05-03,13800,13800,13550,13700,612909,3855302.0,281408887.0
2019-05-07,13500,13600,13300,13400,736863,3770879.0,281408887.0
2019-05-08,13200,13600,13150,13550,554785,3813090.0,281408887.0
2019-05-09,13450,13500,13100,13100,1262801,3686456.0,281408887.0
2019-05-10,13200,13300,13050,13150,762367,3700527.0,281408887.0
2019-05-13,13000,13100,12900,12950,602819,3644245.0,281408887.0
2019-05-14,12850,13100,12800,12950,905477,3644245.0,281408887.0
2019-05-15,13150,13300,13000,13300,634292,3742738.0,281408887.0
2019-05-16,13200,13300,13050,13200,610495,3714597.0,281408887.0
2019-05-17,13350,13500,13150,13200,674252,3714597.0,281408887.0
2019-05-20,13200,13400,13000,13150,561908,3700527.0,281408887.0
2019-05-21,13050,13450,13050,13300,456405,3742738.0,281408887.0
2019-05-22,13400,13500,13150,13450,537371,3784950.0,281408887.0
2019-05-23,13350,13550,13300,13400,342766,3770879.0,281408887.0
2019-05-24,13350,13450,13250,13450,477807,3784950.0,281408887.0
2019-05-27,13400,13450,13100,13300,425175,3742738.0,281408887.0
2019-05-28,13350,13450,13150,13350,845529,3756809.0,281408887.0
2019-05-29,13350,13400,13050,13100,551047,3686456.0,281408887.0
2019-05-30,13150,13350,13050,13300,411542,3742738.0,281408887.0
2019-05-31,13250,13550,13200,13500,687083,3799020.0,281408887.0
2019-06-03,13400,13950,13350,13900,1064793,3911584.0,281408887.0
2019-06-04,13900,13950,13750,13900,502263,3911584.0,281408887.0
2019-06-05,14150,14300,13900,13900,617683,3911584.0,281408887.0
2019-06-07,14000,14050,13800,13900,386775,3911584.0,281408887.0
2019-06-10,14100,14100,13900,14050,283979,3953795.0,281408887.0
2019-06-11,14000,14050,13850,14000,447553,3939724.0,281408887.0
2019-06-12,14000,14150,13950,14000,512457,3939724.0,281408887.0
2019-06-13,14000,14150,13800,14150,1013850,3981936.0,281408887.0
2019-06-14,14150,14200,13850,14000,513028,3939724.0,281408887.0
2019-06-17,14050,14300,13950,14150,567728,3981936.0,281408887.0
2019-06-18,14150,14200,14050,14150,417799,3981936.0,281408887.0
2019-06-19,14300,14500,14250,14450,621241,4066358.0,281408887.0
2019-06-20,14450,14550,14350,14450,362308,4066358.0,281408887.0
2019-06-21,14450,14750,14400,14500,988570,4080429.0,281408887.0
2019-06-24,14600,14850,14550,14800,1083416,4164852.0,281408887.0
2019-06-25,14850,15000,14400,14600,1159854,4108570.0,281408887.0
2019-06-26,14500,14700,14250,14600,813578,4108570.0,281408887.0
2019-06-27,14600,14850,14550,14750,395724,4150781.0,281408887.0
2019-06-28,14700,14800,14450,14500,529450,4080429.0,281408887.0
2019-07-01,14650,14900,14600,14700,440912,4136711.0,281408887.0
2019-07-02,14700,14950,14600,14900,761196,4192992.0,281408887.0
2019-07-03,14950,14950,14050,14150,1127208,3981936.0,281408887.0
2019-07-04,14250,14600,14200,14500,805117,4080429.0,281408887.0
2019-07-05,14450,14650,14250,14400,391398,4052288.0,281408887.0
2019-07-08,14250,14350,14000,14050,574638,3953795.0,281408887.0
2019-07-09,14050,14250,13950,14000,438574,3939724.0,281408887.0
2019-07-10,14250,14250,14000,14200,588637,3996006.0,281408887.0
2019-07-11,14300,14500,14300,14300,677186,4024147.0,281408887.0
2019-07-12,14350,14450,14200,14350,597076,4038218.0,281408887.0
2019-07-15,14400,14400,14100,14150,388508,3981936.0,281408887.0
2019-07-16,14200,14450,14150,14250,513943,4010077.0,281408887.0
2019-07-17,14300,14400,14050,14350,423431,4038218.0,281408887.0
2019-07-18,14300,14450,14050,14050,502562,3953795.0,281408887.0
2019-07-19,14100,14500,14100,14450,636533,4066358.0,281408887.0
2019-07-22,14400,14500,14300,14350,352233,4038218.0,281408887.0
2019-07-23,14350,14600,14300,14500,480693,4080429.0,281408887.0
2019-07-24,14500,14550,14200,14350,527464,4038218.0,281408887.0
2019-07-25,14350,14350,14000,14150,595948,3981936.0,281408887.0
2019-07-26,14100,14200,13700,13750,1232563,3869372.0,281408887.0
2019-07-29,13750,13800,13000,13200,1569050,3714597.0,281408887.0
2019-07-30,13200,13350,13100,13250,696314,3728668.0,281408887.0
2019-07-31,13250,13250,12850,13100,953665,3686456.0,281408887.0
2019-08-01,12950,13100,12900,13000,645122,3658316.0,281408887.0
2019-08-02,12800,12900,12600,12700,1008055,3573893.0,281408887.0
2019-08-05,12600,12650,12300,12350,891287,3475400.0,281408887.0
2019-08-06,12100,12600,11900,12150,1263025,3419118.0,281408887.0
2019-08-07,12250,12350,11950,12000,743760,3376907.0,281408887.0
2019-08-08,12200,12450,12100,12200,1152739,3433188.0,281408887.0
2019-08-09,12400,12500,12350,12350,706695,3475400.0,281408887.0
2019-08-12,12300,12400,12150,12200,619891,3433188.0,281408887.0
2019-08-13,12050,12200,12000,12100,613563,3405048.0,281408887.0
2019-08-14,12300,12350,11950,12100,1006918,3405048.0,281408887.0
2019-08-16,11950,12000,11800,11950,773882,3362836.0,281408887.0
2019-08-19,12050,12250,12050,12200,527998,3433188.0,281408887.0
2019-08-20,12250,12350,12100,12300,556979,3461329.0,281408887.0
2019-08-21,12200,12350,12150,12300,444186,3461329.0,281408887.0
2019-08-22,12350,12400,12150,12150,422991,3419118.0,281408887.0
2019-08-23,12050,12200,11950,12200,445128,3433188.0,281408887.0
2019-08-26,11900,12100,11800,11950,572422,3362836.0,281408887.0
2019-08-27,12100,12100,11800,11850,1182443,3334695.0,281408887.0
2019-08-28,11850,12000,11800,11900,364319,3348766.0,281408887.0
2019-08-29,11950,12000,11750,11850,645972,3334695.0,281408887.0
2019-08-30,12000,12400,11950,12300,1172230,3461329.0,281408887.0
2019-09-02,12200,12350,12150,12350,404085,3475400.0,281408887.0
2019-09-03,12300,12350,12100,12200,583333,3433188.0,281408887.0
2019-09-04,12100,12250,12050,12250,531582,3447259.0,281408887.0
2019-09-05,12300,12500,12250,12350,875422,3475400.0,281408887.0
2019-09-06,12450,12500,12300,12300,641344,3461329.0,281408887.0
2019-09-09,12350,12450,12300,12350,616994,3475400.0,281408887.0
2019-09-10,12400,12600,12400,12500,576050,3517611.0,281408887.0
2019-09-11,12550,12650,12500,12550,760622,3531682.0,281408887.0
2019-09-16,12700,13100,12650,13100,1146901,3686456.0,281408887.0
2019-09-17,13000,13150,12900,13000,668848,3658316.0,281408887.0
2019-09-18,13050,13100,12800,13050,406522,3672386.0,281408887.0
2019-09-19,13050,13100,12750,12800,554289,3602034.0,281408887.0
2019-09-20,12800,12950,12750,12950,595471,3644245.0,281408887.0
2019-09-23,12850,13000,12750,12800,536190,3602034.0,281408887.0
2019-09-24,12750,12850,12700,12850,722929,3616104.0,281408887.0
2019-09-25,12750,12800,12550,12550,671953,3531682.0,281408887.0
2019-09-26,12650,12700,12450,12550,556691,3531682.0,281408887.0
2019-09-27,12600,12700,12500,12500,482365,3517611.0,281408887.0
2019-09-30,12450,12700,12400,12700,481041,3573893.0,281408887.0
2019-10-01,12650,12750,12500,12600,473865,3545752.0,281408887.0
2019-10-02,12450,12550,12250,12450,1071730,3503541.0,281408887.0
2019-10-04,12300,12450,12300,12300,557690,3461329.0,281408887.0
2019-10-07,12350,12400,12150,12250,276157,3447259.0,281408887.0
