뉴파워프라즈마(144960),시가,고가,저가,종가,거래량,시가총액(백만),상장주식수(주)
2016-11-30,17500,19150,16500,16800,3296364,132777.0,7903379.0
2016-12-01,16600,16800,14950,14950,539010,118156.0,7903379.0
2016-12-02,14950,18400,14650,17400,2408846,137519.0,7903379.0
2016-12-05,16800,17200,15650,15800,487699,124873.0,7903379.0
2016-12-06,16200,16900,15650,15650,366833,123688.0,7903379.0
2016-12-07,15900,16050,15100,15150,180846,119736.0,7903379.0
2016-12-08,15400,16000,14800,15500,196071,122502.0,7903379.0
2016-12-09,15700,16450,15300,16100,118208,127244.0,7903379.0
2016-12-12,16100,16650,15750,16500,135925,130406.0,7903379.0
2016-12-13,16600,18600,16500,17850,507089,141075.0,7903379.0
2016-12-14,17600,18600,17600,18000,149785,142261.0,7903379.0
2016-12-15,17800,18750,17700,18300,105809,144632.0,7903379.0
2016-12-16,18450,18500,17700,17950,53518,141866.0,7903379.0
2016-12-19,18000,18750,17150,18300,212606,144632.0,7903379.0
2016-12-20,18800,19150,17650,18000,174226,142261.0,7903379.0
2016-12-21,17500,18050,17450,17900,83151,141470.0,7903379.0
2016-12-22,17800,18450,17600,18000,97206,142261.0,7903379.0
2016-12-23,18800,21250,18600,20400,953469,161229.0,7903379.0
2016-12-26,20000,22600,20000,20950,523877,165576.0,7903379.0
2016-12-27,21100,22000,20550,22000,208550,173874.0,7903379.0
2016-12-28,22650,24650,21100,21900,583992,173084.0,7903379.0
2016-12-29,21500,23300,21250,22800,337049,180197.0,7903379.0
2017-01-02,22700,23000,21850,22950,174882,181383.0,7903379.0
2017-01-03,22700,23550,22600,23000,96238,181778.0,7903379.0
2017-01-04,23150,23550,22250,22250,139004,175850.0,7903379.0
2017-01-05,22450,24250,22300,24050,331838,190076.0,7903379.0
2017-01-06,24000,24250,23550,24150,136611,190867.0,7903379.0
2017-01-09,24300,24600,23700,24100,88929,190471.0,7903379.0
2017-01-10,24150,24950,23650,24850,132997,196399.0,7903379.0
2017-01-11,24800,25500,24000,24350,137511,192447.0,7903379.0
2017-01-12,24300,24450,22950,23400,211075,184939.0,7903379.0
2017-01-13,23400,24350,23400,23850,83939,193363.0,8107472.0
2017-01-16,24600,25000,23200,23300,118044,188904.0,8107472.0
2017-01-17,23000,23750,23000,23550,119076,190931.0,8107472.0
2017-01-18,23400,23550,22400,22800,169851,184850.0,8107472.0
2017-01-19,23100,23200,22450,22650,117765,183634.0,8107472.0
2017-01-20,22500,22850,21200,22750,247398,184445.0,8107472.0
2017-01-23,22450,23350,22050,22100,83651,179175.0,8107472.0
2017-01-24,22300,22800,21800,22700,70574,184040.0,8107472.0
2017-01-25,22700,22950,21950,21950,88377,177959.0,8107472.0
2017-01-26,22000,22800,21350,22750,63024,184445.0,8107472.0
2017-01-31,22600,23100,22300,22750,53666,184445.0,8107472.0
2017-02-01,22900,23000,22400,22850,42560,185256.0,8107472.0
2017-02-02,22900,22950,21700,21900,55929,177554.0,8107472.0
2017-02-03,21750,22000,20900,21150,76478,171473.0,8107472.0
2017-02-06,21000,21550,20950,21000,41086,170257.0,8107472.0
2017-02-07,20900,21350,19650,20500,89165,166203.0,8107472.0
2017-02-08,20500,21450,20050,21400,53011,173500.0,8107472.0
2017-02-09,21250,21650,20700,21150,39025,171473.0,8107472.0
2017-02-10,21050,21300,20300,20350,42880,164987.0,8107472.0
2017-02-13,19900,20650,19500,20450,27562,165798.0,8107472.0
2017-02-14,20350,20700,19850,20200,30691,163771.0,8107472.0
2017-02-15,20800,20800,20100,20600,16555,167014.0,8107472.0
2017-02-16,21000,21300,20300,20500,22927,166203.0,8107472.0
2017-02-17,20350,20750,20100,20400,25596,165392.0,8107472.0
2017-02-20,20650,20650,20150,20200,14937,163771.0,8107472.0
2017-02-21,20300,20400,20050,20250,21776,164176.0,8107472.0
2017-02-22,20300,20800,19950,20100,25128,162960.0,8107472.0
2017-02-23,19950,20000,19500,19900,47830,161339.0,8107472.0
2017-02-24,19900,21050,19700,21000,64144,170257.0,8107472.0
2017-02-27,21000,22200,20350,21950,91536,177959.0,8107472.0
2017-02-28,21850,22900,21650,22650,109075,183634.0,8107472.0
2017-03-02,22650,22650,21400,22000,45729,178364.0,8107472.0
2017-03-03,21950,22000,21200,21550,42495,174716.0,8107472.0
2017-03-06,22400,22400,21350,22050,28633,178770.0,8107472.0
2017-03-07,22000,22200,21400,21850,28338,177148.0,8107472.0
2017-03-08,21700,22450,21700,22300,44685,180797.0,8107472.0
2017-03-09,23000,23750,22950,23350,285044,189309.0,8107472.0
2017-03-10,23350,23500,22700,23450,67259,190120.0,8107472.0
2017-03-13,23600,23600,22500,22900,58560,185661.0,8107472.0
2017-03-14,22900,23000,22300,23000,51569,186472.0,8107472.0
2017-03-15,23000,23400,22550,22600,26318,183229.0,8107472.0
2017-03-16,22750,22900,21900,22300,55214,180797.0,8107472.0
2017-03-17,22500,22550,21700,21700,37166,175932.0,8107472.0
2017-03-20,22200,22200,20800,20850,64415,169041.0,8107472.0
2017-03-21,20550,20950,20150,20150,47124,163366.0,8107472.0
2017-03-22,20900,21900,20500,21100,117844,171068.0,8107472.0
2017-03-23,21400,22500,21300,21750,74645,176338.0,8107472.0
2017-03-24,22400,22400,21450,21800,45649,176743.0,8107472.0
2017-03-27,21800,21850,21500,21700,15817,175932.0,8107472.0
2017-03-28,21700,21950,21150,21400,22491,173500.0,8107472.0
2017-03-29,21400,22300,21250,22250,53539,180391.0,8107472.0
2017-03-30,22350,22850,21950,22850,56369,185256.0,8107472.0
2017-03-31,23000,23000,22650,22850,34736,185256.0,8107472.0
2017-04-03,22900,23000,22500,23000,38979,186472.0,8107472.0
2017-04-04,23000,23550,22700,23550,80061,190931.0,8107472.0
2017-04-05,23700,23750,23350,23550,60697,190931.0,8107472.0
2017-04-06,23350,23700,22850,23450,48258,190120.0,8107472.0
2017-04-07,23250,24700,23050,24300,105649,197012.0,8107472.0
2017-04-10,24300,24500,23900,24500,108954,198633.0,8107472.0
2017-04-11,24500,24800,24000,24500,76697,198633.0,8107472.0
2017-04-12,24550,24650,24150,24550,47635,199038.0,8107472.0
2017-04-13,24600,24600,23050,23900,95564,193769.0,8107472.0
2017-04-14,23500,23750,23000,23600,31175,191336.0,8107472.0
2017-04-17,23300,24250,23300,23750,46948,192552.0,8107472.0
2017-04-18,24000,24000,23150,23800,88426,192958.0,8107472.0
2017-04-19,23850,23850,23250,23600,52874,191336.0,8107472.0
2017-04-20,23300,24050,23200,23600,66280,191336.0,8107472.0
2017-04-21,23650,23850,23550,23800,25544,192958.0,8107472.0
2017-04-24,23900,23900,22600,23000,98332,186472.0,8107472.0
2017-04-25,23100,23400,22900,23300,28652,188904.0,8107472.0
2017-04-26,23650,23650,22900,23000,27986,186472.0,8107472.0
2017-04-27,22700,23050,22650,22950,12603,186066.0,8107472.0
2017-04-28,22750,23250,22450,23250,20921,188499.0,8107472.0
2017-05-02,23150,23150,22750,23000,22636,186472.0,8107472.0
2017-05-04,23250,23300,22700,23300,23609,188904.0,8107472.0
2017-05-08,23450,23800,23350,23550,40632,190931.0,8107472.0
2017-05-10,23600,23850,23150,23300,62334,188904.0,8107472.0
2017-05-11,23250,24450,23250,24200,106840,196201.0,8107472.0
2017-05-12,24350,24350,23550,23850,66463,193363.0,8107472.0
2017-05-15,24000,24000,22650,23350,103598,189309.0,8107472.0
2017-05-16,23150,23400,21800,21800,121057,176743.0,8107472.0
2017-05-17,21750,23050,21750,22600,114006,183229.0,8107472.0
2017-05-18,22350,22850,22150,22400,49843,181607.0,8107472.0
2017-05-19,22600,22850,22350,22850,50237,185256.0,8107472.0
2017-05-22,23000,23150,22550,22800,40032,184850.0,8107472.0
2017-05-23,23000,23050,22650,23050,41931,186877.0,8107472.0
2017-05-24,23150,23400,22750,23100,43190,187283.0,8107472.0
2017-05-25,23200,23400,22700,22900,46719,185661.0,8107472.0
2017-05-26,22900,23150,22200,22200,67039,179986.0,8107472.0
2017-05-29,22550,22700,22200,22500,57679,182418.0,8107472.0
2017-05-30,22750,28000,22750,26650,1150854,216064.0,8107472.0
2017-05-31,26350,27400,25900,26750,272367,216875.0,8107472.0
2017-06-01,26900,28050,26250,27750,168182,224982.0,8107472.0
2017-06-02,27500,28350,27400,27900,144838,226198.0,8107472.0
2017-06-05,28250,29550,27500,28000,150358,227009.0,8107472.0
2017-06-07,27800,28250,27000,28250,144034,229036.0,8107472.0
2017-06-08,28500,28550,27400,28350,104344,229847.0,8107472.0
2017-06-09,28450,28600,27800,27950,106170,226604.0,8107472.0
2017-06-12,27650,27900,27100,27500,84237,222955.0,8107472.0
2017-06-13,27600,28700,27400,28350,109956,229847.0,8107472.0
2017-06-14,28500,28700,27700,28000,90240,227009.0,8107472.0
2017-06-15,28000,28000,27250,27800,70745,225388.0,8107472.0
2017-06-16,27750,28600,27550,28000,91011,227009.0,8107472.0
2017-06-19,28150,29750,27850,29000,201173,235117.0,8107472.0
2017-06-20,28900,29800,28450,29550,137057,239576.0,8107472.0
2017-06-21,29350,29400,27500,28400,146636,230252.0,8107472.0
2017-06-22,28400,28800,27600,28400,61871,230252.0,8107472.0
2017-06-23,28500,29400,28150,29250,107909,237144.0,8107472.0
2017-06-26,29500,29500,28850,29050,73717,235522.0,8107472.0
2017-06-27,29150,29300,28350,29300,72644,237549.0,8107472.0
2017-06-28,29150,30450,28800,29150,119152,236333.0,8107472.0
2017-06-29,29400,29400,28600,29250,62439,237144.0,8107472.0
2017-06-30,29200,29450,28750,29150,35723,236333.0,8107472.0
2017-07-03,29050,29350,28250,28250,66094,229036.0,8107472.0
2017-07-04,28250,28500,27600,28300,59160,229441.0,8107472.0
2017-07-05,28300,30150,28300,30000,175319,243224.0,8107472.0
2017-07-06,30100,30100,29350,30000,74083,243224.0,8107472.0
2017-07-07,29650,30000,29500,29800,43666,241603.0,8107472.0
2017-07-10,29800,29950,28300,28300,102713,229441.0,8107472.0
2017-07-11,28350,29300,28350,29200,52034,236738.0,8107472.0
2017-07-12,29000,29200,28450,28950,47957,234711.0,8107472.0
2017-07-13,29050,29350,28700,29350,61044,237954.0,8107472.0
2017-07-14,29800,30500,29300,29400,219439,238360.0,8107472.0
2017-07-17,29400,29650,28650,29650,89728,240387.0,8107472.0
2017-07-18,29800,31350,29250,31050,333901,251737.0,8107472.0
2017-07-19,31100,31350,30650,30650,131088,248494.0,8107472.0
2017-07-20,31100,31150,30250,30400,116860,246467.0,8107472.0
2017-07-21,30200,30200,29150,29300,166098,237549.0,8107472.0
2017-07-24,29300,29300,27600,28800,263950,233495.0,8107472.0
2017-07-25,29100,29250,28300,28750,73915,233090.0,8107472.0
2017-07-26,28300,28600,27350,27450,109551,222550.0,8107472.0
2017-07-27,27650,28300,27600,28150,47916,228225.0,8107472.0
2017-07-28,28150,28150,27000,27400,59826,222145.0,8107472.0
2017-07-31,27000,27500,25500,27350,85640,221739.0,8107472.0
2017-08-01,27350,27450,26950,27300,28919,221334.0,8107472.0
2017-08-02,27300,28450,27150,27850,70578,225793.0,8107472.0
2017-08-03,27750,27950,26750,27800,69156,225388.0,8107472.0
2017-08-04,27750,28100,26600,27000,62584,218902.0,8107472.0
2017-08-07,26850,26850,26100,26100,58237,211605.0,8107472.0
2017-08-08,26100,27350,25600,26850,60966,217686.0,8107472.0
2017-08-09,26450,26900,26300,26300,25612,213227.0,8107472.0
2017-08-10,25900,26450,24900,25100,102278,203498.0,8107472.0
2017-08-11,24100,25250,23800,25000,104746,202687.0,8107472.0
2017-08-14,25000,25850,24900,25700,31684,208362.0,8107472.0
2017-08-16,25700,26650,25700,26450,27959,214443.0,8107472.0
2017-08-17,26800,26800,26050,26500,18995,214848.0,8107472.0
2017-08-18,27000,27350,26700,27350,57761,221739.0,8107472.0
2017-08-21,27350,27400,26650,26650,33696,216064.0,8107472.0
2017-08-22,26850,27500,26500,27500,47606,222955.0,8107472.0
2017-08-23,27650,27700,27300,27700,33691,224577.0,8107472.0
2017-08-24,27650,28200,27450,27700,35240,224577.0,8107472.0
2017-08-25,27700,28150,27600,27800,12302,225388.0,8107472.0
2017-08-28,27650,27650,27050,27200,33160,220523.0,8107472.0
2017-08-29,26950,27550,26800,27550,34844,223361.0,8107472.0
2017-08-30,28100,28300,27050,27250,63565,220929.0,8107472.0
2017-08-31,27150,27750,27000,27000,33517,218902.0,8107472.0
2017-09-01,27450,27800,27250,27650,36728,224172.0,8107472.0
2017-09-04,26300,28150,26300,27650,63706,224172.0,8107472.0
2017-09-05,28000,28000,26850,26900,37162,218091.0,8107472.0
2017-09-06,27700,27700,26550,26550,30635,215253.0,8107472.0
2017-09-07,26950,27200,26550,27100,26650,219712.0,8107472.0
2017-09-08,27000,27300,26350,26500,27334,214848.0,8107472.0
2017-09-11,26550,27350,25700,27350,79372,221739.0,8107472.0
2017-09-12,27400,27800,27150,27500,44646,222955.0,8107472.0
2017-09-13,27700,27850,26950,26950,32100,218496.0,8107472.0
2017-09-14,27050,27200,26300,27200,34492,220523.0,8107472.0
2017-09-15,27050,27050,26300,26450,29890,214443.0,8107472.0
2017-09-18,26450,26550,26000,26150,41590,212010.0,8107472.0
2017-09-19,26350,26350,25700,25750,23650,208767.0,8107472.0
2017-09-20,25550,26050,24950,25400,47585,205930.0,8107472.0
2017-09-21,25200,25900,24800,25600,38880,207551.0,8107472.0
2017-09-22,25800,25950,25200,25550,26071,207146.0,8107472.0
2017-09-25,25350,25700,25050,25300,21309,205119.0,8107472.0
2017-09-26,24500,24950,24500,24700,21405,200255.0,8107472.0
2017-09-27,24500,25650,24500,25550,19831,207146.0,8107472.0
2017-09-28,25500,26450,25050,25650,33237,207957.0,8107472.0
2017-09-29,25450,26100,25450,25950,12972,210389.0,8107472.0
2017-10-10,26000,26750,26000,26600,27719,215659.0,8107472.0
2017-10-11,26200,27500,25950,27400,85364,222145.0,8107472.0
2017-10-12,27500,27500,26950,27200,21035,220523.0,8107472.0
2017-10-13,27000,27350,26300,26300,24994,213227.0,8107472.0
2017-10-16,26050,26550,25500,25800,26154,209173.0,8107472.0
2017-10-17,25850,26200,25700,25950,14459,210389.0,8107472.0
2017-10-18,25900,25900,25300,25700,13129,208362.0,8107472.0
2017-10-19,25550,26150,25500,25900,16233,209984.0,8107472.0
2017-10-20,25900,26150,25400,25650,22087,207957.0,8107472.0
2017-10-23,25550,25900,25000,25050,30959,203092.0,8107472.0
2017-10-24,24800,26000,24800,25650,35666,207957.0,8107472.0
2017-10-25,25900,25900,24950,25300,25608,205119.0,8107472.0
2017-10-26,25250,25650,25050,25300,22968,205119.0,8107472.0
2017-10-27,25300,26000,25250,25800,20264,209173.0,8107472.0
2017-10-30,25750,26150,25650,26000,17994,210794.0,8107472.0
2017-10-31,25700,26200,25700,26000,23695,210794.0,8107472.0
2017-11-01,26000,26450,25350,25400,29731,205930.0,8107472.0
2017-11-02,25400,25850,25400,25700,16993,208362.0,8107472.0
2017-11-03,25550,25950,25050,25900,23898,209984.0,8107472.0
2017-11-06,25950,26100,25500,25950,16523,210389.0,8107472.0
2017-11-07,25750,26050,25250,25750,12720,208767.0,8107472.0
2017-11-08,25700,26000,25350,26000,14745,210794.0,8107472.0
2017-11-09,26000,26500,25500,26200,34191,212416.0,8107472.0
2017-11-10,26200,26950,26000,26800,79651,217280.0,8107472.0
2017-11-13,26950,27050,26500,26900,43713,218091.0,8107472.0
2017-11-14,27000,27150,26550,26700,56415,216470.0,8107472.0
2017-11-15,26750,28200,26700,27850,91745,225793.0,8107472.0
2017-11-16,27850,28150,27500,28000,57507,227009.0,8107472.0
2017-11-17,28450,28650,26900,26900,102384,218091.0,8107472.0
2017-11-20,26650,27800,26650,27500,56723,222955.0,8107472.0
2017-11-21,27400,27750,26500,27750,76154,224982.0,8107472.0
2017-11-22,27800,30150,27350,29500,287461,239170.0,8107472.0
2017-11-23,29950,30000,28950,29500,77774,239170.0,8107472.0
2017-11-24,29250,31600,29000,30800,231446,249710.0,8107472.0
2017-11-27,30550,31050,29400,29550,94836,239576.0,8107472.0
2017-11-28,29600,29750,28300,29200,115085,236738.0,8107472.0
2017-11-29,28900,30300,28900,29600,74931,239981.0,8107472.0
2017-11-30,29000,29100,28000,28100,107527,227820.0,8107472.0
2017-12-01,28100,28900,27500,28550,59165,231468.0,8107472.0
2017-12-04,28250,28500,26800,27250,84580,220929.0,8107472.0
2017-12-05,27150,27600,26300,26800,96695,217280.0,8107472.0
2017-12-06,26950,27600,26400,27000,54750,218902.0,8107472.0
2017-12-07,27000,27000,25500,26800,51350,217280.0,8107472.0
2017-12-08,26400,27150,26250,26700,18779,216470.0,8107472.0
2017-12-11,26400,27500,26100,27400,31792,222145.0,8107472.0
2017-12-12,27100,28200,26900,27800,47672,225388.0,8107472.0
2017-12-13,27750,28350,27400,28350,39305,229847.0,8107472.0
2017-12-14,28350,28400,27800,28050,28771,227415.0,8107472.0
2017-12-15,27900,28100,27300,27900,20271,230184.0,8250337.0
2017-12-18,27750,28100,27400,27700,16125,228534.0,8250337.0
2017-12-19,27500,28100,27300,27750,39067,228947.0,8250337.0
2017-12-20,27800,27800,27250,27400,20402,226059.0,8250337.0
2017-12-21,27200,27400,25400,26500,62266,218634.0,8250337.0
2017-12-22,25750,26800,25750,26750,44976,220697.0,8250337.0
2017-12-26,26500,26950,25950,26300,29337,216984.0,8250337.0
2017-12-27,26250,26850,26000,26500,28027,218634.0,8250337.0
2017-12-28,26300,26700,25800,26100,32558,215334.0,8250337.0
2018-01-02,26000,27250,26000,26550,35828,219046.0,8250337.0
2018-01-03,27050,28000,26700,27550,59542,227297.0,8250337.0
2018-01-04,27850,27900,27000,27000,26384,222759.0,8250337.0
2018-01-05,27450,27450,25900,26700,83817,220284.0,8250337.0
2018-01-08,27400,27800,26400,26900,97399,221934.0,8250337.0
2018-01-09,26700,27450,26700,27300,44832,225234.0,8250337.0
2018-01-10,27200,27700,27000,27550,28642,227297.0,8250337.0
2018-01-11,27550,28000,27500,27800,51906,229359.0,8250337.0
2018-01-12,28100,28100,27100,27700,42837,228534.0,8250337.0
2018-01-15,27700,27900,27300,27800,36177,229359.0,8250337.0
2018-01-16,27950,29250,27550,29000,102009,239260.0,8250337.0
2018-01-17,29000,29250,28650,28950,35851,238847.0,8250337.0
2018-01-18,28950,29700,28900,29350,82027,242147.0,8250337.0
2018-01-19,29750,29750,28650,29050,35971,239672.0,8250337.0
2018-01-22,29350,30150,29050,29750,101383,245448.0,8250337.0
2018-01-23,29750,29900,28900,29600,47833,244210.0,8250337.0
2018-01-24,29750,30300,29750,30000,90808,247510.0,8250337.0
2018-01-25,30450,30750,29850,30300,94532,249985.0,8250337.0
2018-01-26,30550,31500,30050,30850,81123,254523.0,8250337.0
2018-01-29,31300,31300,30450,30900,54728,254935.0,8250337.0
2018-01-30,30800,30900,29550,30150,45576,248748.0,8250337.0
2018-01-31,29900,30600,29700,30450,31321,251223.0,8250337.0
2018-02-01,30000,30650,29700,30300,45842,249985.0,8250337.0
2018-02-02,29850,30350,29850,30250,37100,249573.0,8250337.0
2018-02-05,30200,32300,29550,31200,159110,257411.0,8250337.0
2018-02-06,30100,31050,28350,29500,143826,243385.0,8250337.0
2018-02-07,29550,30150,28150,28150,64457,232247.0,8250337.0
2018-02-08,28300,29550,28150,29250,41352,241322.0,8250337.0
2018-02-09,28500,28800,27600,28450,37668,234722.0,8250337.0
2018-02-12,28450,28800,28100,28600,36319,235960.0,8250337.0
2018-02-13,28700,28950,27550,28150,47564,232247.0,8250337.0
2018-02-14,27800,28200,27450,28150,36448,232247.0,8250337.0
2018-02-19,28100,28550,27600,27900,40136,230184.0,8250337.0
2018-02-20,28200,28800,28100,28600,60866,235960.0,8250337.0
2018-02-21,30450,30450,29000,29500,146391,243385.0,8250337.0
2018-02-22,29800,29800,28950,29200,46370,240910.0,8250337.0
2018-02-23,29200,29200,28500,29050,61878,239672.0,8250337.0
2018-02-26,29350,32200,29150,31500,215298,259886.0,8250337.0
2018-02-27,31600,32700,30850,30900,103890,254935.0,8250337.0
2018-02-28,30100,30750,29850,30200,51796,249160.0,8250337.0
2018-03-02,29500,30150,28900,29700,77918,245035.0,8250337.0
2018-03-05,29900,29900,28500,28500,65355,235135.0,8250337.0
2018-03-06,28950,29200,28200,29100,42766,240085.0,8250337.0
2018-03-07,29400,29400,28500,28500,27110,235135.0,8250337.0
2018-03-08,28150,29500,28150,28800,32337,237610.0,8250337.0
2018-03-09,29150,29750,28650,28950,47951,238847.0,8250337.0
2018-03-12,28950,29300,28650,29150,41678,240497.0,8250337.0
2018-03-13,29200,30650,28600,30450,89400,251223.0,8250337.0
2018-03-14,30050,31450,30050,30650,79698,252873.0,8250337.0
2018-03-15,30300,31750,30200,31500,64064,259886.0,8250337.0
2018-03-16,30950,31800,30900,31450,52552,259473.0,8250337.0
2018-03-19,31050,32250,31050,31450,68304,259473.0,8250337.0
2018-03-20,30800,31950,30800,31250,62551,257823.0,8250337.0
2018-03-21,31250,32750,31250,32000,116795,264011.0,8250337.0
2018-03-22,32300,32900,31850,32100,107411,264836.0,8250337.0
2018-03-23,31200,32150,31050,31700,71868,261536.0,8250337.0
2018-03-26,31300,32500,30800,32250,66729,266073.0,8250337.0
2018-03-27,32650,32700,31200,31600,60737,260711.0,8250337.0
2018-03-28,31400,31400,30300,30300,90880,249985.0,8250337.0
2018-03-29,30000,30900,29900,30800,54608,254110.0,8250337.0
2018-03-30,31300,31500,30800,31100,29989,256585.0,8250337.0
2018-04-02,31250,31400,29500,30250,83013,249573.0,8250337.0
2018-04-03,29900,30350,29600,30000,38198,247510.0,8250337.0
2018-04-04,30300,30300,29000,29350,55914,242147.0,8250337.0
2018-04-05,30000,30500,29700,30500,48635,251635.0,8250337.0
2018-04-06,30400,31000,30000,30900,42970,254935.0,8250337.0
2018-04-09,30900,31800,30700,31000,56496,255760.0,8250337.0
2018-04-10,31500,31700,30800,31600,57004,260711.0,8250337.0
2018-04-11,31650,31900,29900,30450,104323,251223.0,8250337.0
2018-04-12,30200,30450,29850,30150,44387,248748.0,8250337.0
2018-04-13,30200,30450,29550,30100,53355,248335.0,8250337.0
2018-04-16,30300,30450,29800,30150,44646,248748.0,8250337.0
2018-04-17,30450,30850,29900,30400,73746,250810.0,8250337.0
2018-04-18,30750,30900,29800,30100,77101,248335.0,8250337.0
2018-04-19,30150,30600,29800,30450,52839,251223.0,8250337.0
2018-04-20,30450,30500,30050,30350,30197,250398.0,8250337.0
2018-04-23,30350,30450,29400,29450,40500,242972.0,8250337.0
2018-04-24,29600,29750,28500,28550,59530,235547.0,8250337.0
2018-04-25,28350,28700,26950,27400,130830,226059.0,8250337.0
2018-04-26,27200,27850,27150,27750,71167,228947.0,8250337.0
2018-04-27,27800,28000,26950,27000,30169,222759.0,8250337.0
2018-04-30,27150,27150,25800,26500,78900,218634.0,8250337.0
2018-05-02,26500,27200,26250,26950,47151,222347.0,8250337.0
2018-05-03,26950,27100,26250,26850,21246,221522.0,8250337.0
2018-05-04,26950,27000,25800,26450,46957,218221.0,8250337.0
2018-05-08,26350,26400,25200,25250,44361,208321.0,8250337.0
2018-05-09,25250,26150,24800,26100,34138,215334.0,8250337.0
2018-05-10,26000,26050,25500,25800,20452,212859.0,8250337.0
2018-05-11,26100,26100,25550,25800,29165,212859.0,8250337.0
2018-05-14,25900,26150,25100,25350,30396,209146.0,8250337.0
2018-05-15,25500,25500,24250,24350,57391,200896.0,8250337.0
2018-05-16,24550,24550,23300,23850,61743,196771.0,8250337.0
2018-05-17,24000,24800,23900,24300,33676,200483.0,8250337.0
2018-05-18,24300,25100,24200,25050,30796,206671.0,8250337.0
2018-05-21,25200,25450,25100,25300,22134,208734.0,8250337.0
2018-05-23,25300,25700,25050,25100,30981,207083.0,8250337.0
2018-05-24,25200,25200,24050,24450,30070,201721.0,8250337.0
2018-05-25,24450,24800,23850,24550,20183,202546.0,8250337.0
2018-05-28,24700,24700,23700,24000,43697,198008.0,8250337.0
2018-05-29,24050,24750,24050,24600,22679,202958.0,8250337.0
2018-05-30,24550,24650,23900,24300,28935,200483.0,8250337.0
2018-05-31,24100,24150,21700,22000,225988,181507.0,8250337.0
2018-06-01,22250,22600,21950,22600,43636,186458.0,8250337.0
2018-06-04,22600,22700,22300,22500,22402,185633.0,8250337.0
2018-06-05,22700,23650,22500,23300,47676,192233.0,8250337.0
2018-06-07,23700,23900,23450,23750,18413,195946.0,8250337.0
2018-06-08,23750,23800,23200,23300,22357,192233.0,8250337.0
2018-06-11,23300,23450,22750,22800,15919,188108.0,8250337.0
2018-06-12,23300,23300,22200,23100,19139,190583.0,8250337.0
2018-06-14,23400,23400,22500,23000,29519,189758.0,8250337.0
2018-06-15,22750,22950,22400,22850,24949,188520.0,8250337.0
2018-06-18,22500,22850,21550,21550,35387,177795.0,8250337.0
2018-06-19,21300,22100,20900,21350,24990,176145.0,8250337.0
2018-06-20,21250,21950,21250,21800,13824,179857.0,8250337.0
2018-06-21,21850,22400,21500,21500,22310,177382.0,8250337.0
2018-06-22,21250,22150,21250,21900,24474,180682.0,8250337.0
2018-06-25,21900,22350,21750,22300,15114,183983.0,8250337.0
2018-06-26,22250,22250,21700,21800,16070,179857.0,8250337.0
2018-06-27,21400,22300,21400,22000,16336,181507.0,8250337.0
2018-06-28,22000,22300,21700,21900,15234,180682.0,8250337.0
2018-06-29,21850,22350,21400,21900,9868,180682.0,8250337.0
2018-07-02,22250,22250,20850,21050,27177,173670.0,8250337.0
2018-07-03,20850,21300,19750,19900,35819,164182.0,8250337.0
2018-07-04,19900,20150,19600,19800,21567,163357.0,8250337.0
2018-07-05,19800,20200,18050,18400,67639,151806.0,8250337.0
2018-07-06,18700,18850,18050,18500,81488,152631.0,8250337.0
2018-07-09,18600,19400,18500,18900,34962,155931.0,8250337.0
2018-07-10,19000,19700,18900,19300,20122,159232.0,8250337.0
2018-07-11,19300,19300,18350,18550,38440,153044.0,8250337.0
2018-07-12,18550,19000,18200,18900,27093,155931.0,8250337.0
2018-07-13,19200,19200,18750,19000,11754,156756.0,8250337.0
2018-07-16,19000,19650,18700,19200,12398,158406.0,8250337.0
2018-07-17,19350,19350,18900,18950,13095,156344.0,8250337.0
2018-07-18,19400,19400,18350,18350,19424,151394.0,8250337.0
2018-07-19,18650,18650,17600,17750,23778,146443.0,8250337.0
2018-07-20,17750,18100,17500,17900,16667,147681.0,8250337.0
2018-07-23,17900,17900,16550,16550,28757,136543.0,8250337.0
2018-07-24,16550,16950,16000,16000,52404,132005.0,8250337.0
2018-07-25,16350,16350,15750,15800,35046,130355.0,8250337.0
2018-07-26,15800,16950,15800,16750,32672,138193.0,8250337.0
2018-07-27,16700,17550,16550,17400,30314,143556.0,8250337.0
2018-07-30,17600,17600,17250,17400,14615,143556.0,8250337.0
2018-07-31,17250,18250,17250,17900,20490,147681.0,8250337.0
2018-08-01,18000,18000,17600,17850,14740,147269.0,8250337.0
2018-08-02,17750,18100,17450,17700,13458,146031.0,8250337.0
2018-08-03,17700,17750,17000,17150,18915,141493.0,8250337.0
2018-08-06,17200,17450,17050,17300,14026,142731.0,8250337.0
2018-08-07,17400,17800,17200,17250,12437,142318.0,8250337.0
2018-08-08,17300,17600,17250,17350,6595,143143.0,8250337.0
2018-08-09,17250,17500,16700,17300,23863,142731.0,8250337.0
2018-08-10,16950,17250,16700,16850,18642,139018.0,8250337.0
2018-08-13,16850,16850,15750,15750,31152,129943.0,8250337.0
2018-08-14,15750,16100,15550,15900,19187,131180.0,8250337.0
2018-08-16,15900,15900,15050,15250,32434,125818.0,8250337.0
2018-08-17,15450,15450,15100,15450,15074,127468.0,8250337.0
2018-08-20,15500,15500,14950,15400,20706,127055.0,8250337.0
2018-08-21,15350,15600,15250,15600,12771,128705.0,8250337.0
2018-08-22,15700,15700,15300,15550,18304,128293.0,8250337.0
2018-08-23,15500,15600,14900,15300,15269,126230.0,8250337.0
2018-08-24,15100,15300,14950,15250,17772,125818.0,8250337.0
2018-08-27,15250,15450,15050,15350,8013,126643.0,8250337.0
2018-08-28,15500,15850,15200,15550,22865,128293.0,8250337.0
2018-08-29,15650,16250,15450,16050,28146,132418.0,8250337.0
2018-08-30,16100,16200,15700,15950,10803,131593.0,8250337.0
2018-08-31,15950,15950,15500,15650,15652,129118.0,8250337.0
2018-09-03,15850,15850,15400,15550,9367,128293.0,8250337.0
2018-09-04,15500,15900,15300,15850,14461,130768.0,8250337.0
2018-09-05,15850,17750,15850,17000,159757,140256.0,8250337.0
2018-09-06,17000,21200,16750,18500,776006,152631.0,8250337.0
2018-09-07,18200,18450,17400,17600,164351,145206.0,8250337.0
2018-09-10,17550,18300,17150,17900,138342,147681.0,8250337.0
2018-09-11,17800,18950,17700,18700,194807,154281.0,8250337.0
2018-09-12,18850,18850,18050,18150,84921,149744.0,8250337.0
2018-09-13,18150,18150,17450,17450,53726,143968.0,8250337.0
2018-09-14,17850,17850,17350,17350,28046,143143.0,8250337.0
2018-09-17,17350,17400,16950,17100,33441,141081.0,8250337.0
2018-09-18,17050,17250,16600,16600,37736,136956.0,8250337.0
2018-09-19,16650,19850,16650,17500,302193,144381.0,8250337.0
2018-09-20,17400,18000,17000,17000,76037,140256.0,8250337.0
2018-09-21,17050,17800,17050,17300,35819,142731.0,8250337.0
2018-09-27,17300,17750,16800,16900,53281,139431.0,8250337.0
2018-09-28,16950,16950,15950,16000,62356,132005.0,8250337.0
2018-10-01,15850,16200,15700,15850,32127,130768.0,8250337.0
2018-10-02,15800,16250,15650,15850,27073,130768.0,8250337.0
2018-10-04,15850,16000,15100,15200,33487,125405.0,8250337.0
2018-10-05,15000,15450,14900,15000,28107,123755.0,8250337.0
2018-10-08,14700,15400,14700,15150,27035,124993.0,8250337.0
2018-10-10,14750,15150,13950,13950,40854,115092.0,8250337.0
2018-10-11,13300,13700,13000,13000,34389,107254.0,8250337.0
2018-10-12,12600,13850,12600,13550,29647,111792.0,8250337.0
2018-10-15,13500,14300,13150,14100,21356,116330.0,8250337.0
2018-10-16,14100,14850,14050,14650,40663,120867.0,8250337.0
2018-10-17,14950,16400,14900,15350,76102,126643.0,8250337.0
2018-10-18,15350,15500,15000,15000,13558,123755.0,8250337.0
2018-10-19,14700,15750,14500,15750,22526,129943.0,8250337.0
2018-10-22,15750,15750,15250,15550,14109,128293.0,8250337.0
2018-10-23,15200,15550,13750,14050,45405,115917.0,8250337.0
2018-10-24,14200,14450,13600,14100,20955,116330.0,8250337.0
2018-10-25,13500,14000,12550,13750,49660,113442.0,8250337.0
2018-10-26,13750,13950,12750,12800,27589,105604.0,8250337.0
2018-10-29,12600,14050,12550,12900,64960,106429.0,8250337.0
2018-10-30,12750,13350,12300,13050,37590,107667.0,8250337.0
2018-10-31,13000,13700,12900,13600,30672,112205.0,8250337.0
2018-11-01,13750,14000,13400,13600,20438,112205.0,8250337.0
2018-11-02,13700,14100,13600,13950,26061,115092.0,8250337.0
2018-11-05,13850,14100,13750,14000,7993,115505.0,8250337.0
2018-11-06,14000,14400,13800,13800,15060,113855.0,8250337.0
2018-11-07,14200,14200,13400,13550,26986,111792.0,8250337.0
2018-11-08,13900,14350,13850,13950,7224,115092.0,8250337.0
2018-11-09,14100,14300,13800,14250,19091,117567.0,8250337.0
2018-11-12,14200,14550,14100,14500,14179,119630.0,8250337.0
2018-11-13,14150,14200,13600,13950,14767,115092.0,8250337.0
2018-11-14,13950,14200,13850,14000,5620,115505.0,8250337.0
2018-11-15,13850,14050,13500,13600,14276,112205.0,8250337.0
2018-11-16,13800,13850,13050,13300,19246,109729.0,8250337.0
2018-11-19,13400,13650,12900,13350,31729,110142.0,8250337.0
2018-11-20,13050,13350,12750,12750,33542,105192.0,8250337.0
2018-11-21,12500,13450,12400,13450,17163,110967.0,8250337.0
2018-11-22,13150,13500,12900,13350,32916,110142.0,8250337.0
2018-11-23,13400,13400,12850,13000,15098,107254.0,8250337.0
2018-11-26,12900,13200,12650,13200,14913,108904.0,8250337.0
2018-11-27,13150,13350,13050,13150,12844,108492.0,8250337.0
2018-11-28,13100,13300,13000,13200,6662,108904.0,8250337.0
2018-11-29,13200,13500,13200,13400,13520,110555.0,8250337.0
2018-11-30,13350,13500,13300,13500,12662,111380.0,8250337.0
2018-12-03,13500,14150,13500,13850,23540,114267.0,8250337.0
2018-12-04,13850,14000,13600,13650,10331,112617.0,8250337.0
2018-12-05,13400,13650,13100,13500,8722,111380.0,8250337.0
2018-12-06,13300,13400,12800,13000,20242,107254.0,8250337.0
2018-12-07,12850,13150,12300,12600,53221,103954.0,8250337.0
2018-12-10,12300,12600,12200,12450,11108,102717.0,8250337.0
2018-12-11,12400,12600,12200,12200,12085,100654.0,8250337.0
2018-12-12,12150,12450,12150,12300,10644,101479.0,8250337.0
2018-12-13,12250,12600,12250,12550,8981,103542.0,8250337.0
2018-12-14,12500,12550,12000,12200,19863,100654.0,8250337.0
2018-12-17,12200,12200,11700,11800,18421,97354.0,8250337.0
2018-12-18,11800,11950,11450,11750,18717,96941.0,8250337.0
2018-12-19,11650,12050,11650,12050,8963,99417.0,8250337.0
2018-12-20,12050,12050,11550,11950,4879,98592.0,8250337.0
2018-12-21,11950,12050,11750,11950,2396,98592.0,8250337.0
2018-12-24,11750,12000,11650,11850,8833,97766.0,8250337.0
2018-12-26,11450,12000,11350,12000,98438,99004.0,8250337.0
2018-12-27,12050,12100,11800,11950,5550,98592.0,8250337.0
2018-12-28,11800,12350,11700,11950,12011,98592.0,8250337.0
2019-01-02,12050,12300,11550,11600,13543,95704.0,8250337.0
2019-01-03,11450,11650,10800,11100,23417,91579.0,8250337.0
2019-01-04,10850,11100,10050,10650,68813,87866.0,8250337.0
2019-01-07,10750,10900,10700,10900,17018,89929.0,8250337.0
2019-01-08,10750,11000,10500,10550,8570,87041.0,8250337.0
2019-01-09,10650,11150,10250,11000,27040,90754.0,8250337.0
2019-01-10,10950,11450,10900,11350,11192,93641.0,8250337.0
2019-01-11,11200,11850,11200,11650,19480,96116.0,8250337.0
2019-01-14,11650,11750,11300,11600,11182,95704.0,8250337.0
2019-01-15,11850,12000,11500,11600,31477,95704.0,8250337.0
2019-01-16,11700,12000,11500,12000,18919,99004.0,8250337.0
2019-01-17,12050,14200,11900,13400,404707,110555.0,8250337.0
2019-01-18,13400,13550,13100,13200,74981,108904.0,8250337.0
2019-01-21,13200,13250,12800,13100,39745,108079.0,8250337.0
2019-01-22,12950,13500,12800,12950,44669,106842.0,8250337.0
2019-01-23,12700,13250,12650,13250,26763,109317.0,8250337.0
2019-01-24,13250,13700,12900,13700,30058,113030.0,8250337.0
2019-01-25,13800,13800,13250,13700,31626,113030.0,8250337.0
2019-01-28,13700,13900,13400,13900,29946,114680.0,8250337.0
2019-01-29,13850,13900,13450,13650,21294,112617.0,8250337.0
2019-01-30,13650,14600,13450,14350,73815,118392.0,8250337.0
2019-01-31,14600,14950,14200,14450,55423,119217.0,8250337.0
2019-02-01,14350,14700,13900,14050,22856,115917.0,8250337.0
2019-02-07,13900,15050,13900,14800,52659,122105.0,8250337.0
2019-02-08,14750,15500,14700,14950,46730,123343.0,8250337.0
2019-02-11,15100,15100,14450,14550,33862,120042.0,8250337.0
2019-02-12,14500,15100,14450,14600,30807,120455.0,8250337.0
2019-02-13,14650,15950,14650,15800,76082,130355.0,8250337.0
2019-02-14,15700,16800,15500,16800,63659,138606.0,8250337.0
2019-02-15,16800,17950,16300,17700,108645,146031.0,8250337.0
2019-02-18,17750,19400,17750,19150,185823,157994.0,8250337.0
2019-02-19,22050,24250,18000,18100,1382756,149331.0,8250337.0
2019-02-20,18350,19500,17200,19500,981741,160882.0,8250337.0
2019-02-21,19850,22800,19700,20450,2303249,168719.0,8250337.0
2019-02-22,20300,20450,19050,19200,308821,158406.0,8250337.0
2019-02-25,19200,19600,18600,18750,184965,154694.0,8250337.0
2019-02-26,18600,18900,17700,18200,244083,150156.0,8250337.0
2019-02-27,18050,18550,17700,18300,141827,150981.0,8250337.0
2019-02-28,18100,18400,17050,17050,196269,140668.0,8250337.0
2019-03-04,17050,18350,17050,18300,131544,150981.0,8250337.0
2019-03-05,18100,18250,17500,17550,87587,144793.0,8250337.0
2019-03-06,17950,18650,17550,17650,154976,145618.0,8250337.0
2019-03-07,17550,18150,17400,17900,106657,147681.0,8250337.0
2019-03-08,17700,18700,17550,18450,130164,152219.0,8250337.0
2019-03-11,18350,19100,18150,19000,121738,156756.0,8250337.0
2019-03-12,19350,19450,18800,19000,91462,156756.0,8250337.0
2019-03-13,18900,19100,18400,18450,89835,152219.0,8250337.0
2019-03-14,18500,20200,18500,19550,426138,161294.0,8250337.0
2019-03-15,19700,19800,18900,19200,104792,158406.0,8250337.0
2019-03-18,19200,20500,19200,20400,165899,168307.0,8250337.0
2019-03-19,20400,21200,20350,21100,179242,174082.0,8250337.0
2019-03-20,21350,21400,20050,20450,122787,168719.0,8250337.0
2019-03-21,20600,20850,20000,20450,62783,168719.0,8250337.0
2019-03-22,20450,20850,20000,20100,49537,165832.0,8250337.0
2019-03-25,19500,20150,19350,20150,76935,166244.0,8250337.0
2019-03-26,20050,20550,19900,20450,60334,168719.0,8250337.0
2019-03-27,20450,20600,19300,20450,113258,168719.0,8250337.0
2019-03-28,20350,20350,19300,19600,37641,161707.0,8250337.0
2019-03-29,19450,19800,18750,19700,52588,162532.0,8250337.0
2019-04-01,19500,20200,19500,20200,66938,166657.0,8250337.0
2019-04-02,20200,21200,19950,21100,160873,174082.0,8250337.0
2019-04-03,21050,21150,20550,21100,54381,174082.0,8250337.0
2019-04-04,21100,21250,20600,21150,90626,174495.0,8250337.0
2019-04-05,21200,21950,20550,21850,183655,180270.0,8250337.0
2019-04-08,22000,22200,21300,22200,102863,183157.0,8250337.0
2019-04-09,22150,22400,21450,22300,251642,183983.0,8250337.0
2019-04-10,22000,22050,21300,21800,93543,179857.0,8250337.0
2019-04-11,21400,21700,20900,21600,86101,178207.0,8250337.0
2019-04-12,21550,21850,21200,21700,42807,179032.0,8250337.0
2019-04-15,21800,21800,20450,20550,358859,169544.0,8250337.0
2019-04-16,20500,20500,19150,19800,131095,163357.0,8250337.0
2019-04-17,19750,20100,19450,19850,52075,163769.0,8250337.0
2019-04-18,20200,20400,18750,19350,152711,159644.0,8250337.0
2019-04-19,19350,19750,18950,19750,63362,162944.0,8250337.0
2019-04-22,19700,19900,19100,19800,38315,163357.0,8250337.0
2019-04-23,19800,19800,18600,19050,155456,157169.0,8250337.0
2019-04-24,19550,21650,19500,20650,483840,170369.0,8250337.0
2019-04-25,20800,21550,19800,20500,178391,169132.0,8250337.0
2019-04-26,20500,20500,19700,19750,29758,162944.0,8250337.0
2019-04-29,19400,19700,18950,19500,105946,160882.0,8250337.0
2019-04-30,19400,19450,18750,19200,67545,158406.0,8250337.0
2019-05-02,18900,19100,18700,18950,46769,156344.0,8250337.0
2019-05-03,19000,19450,18650,19400,50560,160057.0,8250337.0
2019-05-07,18850,19150,18600,18800,31371,155106.0,8250337.0
2019-05-08,18550,19300,17750,18800,98129,155106.0,8250337.0
2019-05-09,18750,18800,17200,17500,159439,144381.0,8250337.0
2019-05-10,17250,17650,16800,17200,149925,141906.0,8250337.0
2019-05-13,17050,17850,17050,17150,26531,141493.0,8250337.0
2019-05-14,17050,17750,16500,17400,62963,143556.0,8250337.0
2019-05-15,17400,17650,17250,17450,18515,143968.0,8250337.0
2019-05-16,17350,17450,16350,16450,64449,135718.0,8250337.0
2019-05-17,16200,17000,16200,16450,32600,135718.0,8250337.0
2019-05-20,16500,16750,16150,16450,15421,135718.0,8250337.0
2019-05-21,16700,16750,16300,16700,22964,137781.0,8250337.0
2019-05-22,16950,17300,16450,17100,23557,141081.0,8250337.0
2019-05-23,17250,17250,16750,17200,17423,141906.0,8250337.0
2019-05-24,17100,17500,16750,17500,33212,144381.0,8250337.0
2019-05-27,17250,17500,16850,17300,21108,142731.0,8250337.0
2019-05-28,17200,17500,16750,16950,33736,139843.0,8250337.0
2019-05-29,16800,17350,16750,17250,19931,142318.0,8250337.0
2019-05-30,17300,17450,16750,17450,22908,143968.0,8250337.0
2019-05-31,17250,18300,17200,18300,38012,150981.0,8250337.0
2019-06-03,18200,18650,17850,18300,32330,150981.0,8250337.0
2019-06-04,18100,18200,17500,17900,20428,147681.0,8250337.0
2019-06-05,18200,19950,18200,19800,162908,163357.0,8250337.0
2019-06-07,19950,21400,19850,21350,161654,176145.0,8250337.0
2019-06-10,21350,21750,20800,21000,67102,173257.0,8250337.0
2019-06-11,21000,21550,20800,21200,40010,174907.0,8250337.0
2019-06-12,21200,21200,20100,20200,48550,166657.0,8250337.0
2019-06-13,20350,20800,19500,19900,38755,164182.0,8250337.0
2019-06-14,19750,20500,19500,20250,44680,167069.0,8250337.0
2019-06-17,20250,20450,19800,20050,16887,165419.0,8250337.0
2019-06-18,20200,20200,19600,19600,20078,161707.0,8250337.0
2019-06-19,20050,20050,19550,19550,13041,161294.0,8250337.0
2019-06-20,19500,20000,19400,19450,16084,160469.0,8250337.0
2019-06-21,19600,19650,18300,18700,45562,154281.0,8250337.0
2019-06-24,19300,19300,17900,18000,56769,148506.0,8250337.0
2019-06-25,17950,18350,17750,18000,32396,148506.0,8250337.0
2019-06-26,17750,18250,17600,17900,33277,147681.0,8250337.0
2019-06-27,18000,18050,17550,17800,41561,146856.0,8250337.0
2019-06-28,17800,18000,17600,17950,31811,148094.0,8250337.0
2019-07-01,17800,18150,17700,18000,11697,148506.0,8250337.0
2019-07-02,18000,18000,17650,17950,14773,148094.0,8250337.0
2019-07-03,18050,18100,17200,18100,31949,149331.0,8250337.0
2019-07-04,18250,18300,17350,17400,30576,143556.0,8250337.0
2019-07-05,17600,17600,17000,17600,34928,145206.0,8250337.0
2019-07-08,17750,17750,15850,16200,190794,133655.0,8250337.0
2019-07-09,16200,16400,15400,15650,94570,129118.0,8250337.0
2019-07-10,15650,15950,15350,15900,52618,131180.0,8250337.0
2019-07-11,15700,17250,15700,17050,84776,140668.0,8250337.0
2019-07-12,16950,17000,16500,16650,37804,137368.0,8250337.0
2019-07-15,16650,17150,16600,16950,16673,139843.0,8250337.0
2019-07-16,16900,17100,16450,17000,22215,140256.0,8250337.0
2019-07-17,16750,16900,15900,16500,33195,136131.0,8250337.0
2019-07-18,16650,17400,16450,16850,28080,139018.0,8250337.0
2019-07-19,16900,17050,16450,16800,11442,138606.0,8250337.0
2019-07-22,17050,18300,16000,17150,191604,141493.0,8250337.0
2019-07-23,17150,17200,16300,16450,67547,135718.0,8250337.0
2019-07-24,16300,16600,16150,16550,16585,136543.0,8250337.0
2019-07-25,16350,16950,15750,16850,43554,139018.0,8250337.0
2019-07-26,16800,16800,15850,16450,58089,135718.0,8250337.0
2019-07-29,16150,16300,15650,15650,25763,129118.0,8250337.0
2019-07-30,15300,15950,15100,15100,59438,124580.0,8250337.0
2019-07-31,14900,15300,14250,14500,51863,119630.0,8250337.0
2019-08-01,14250,14650,14100,14300,18372,117980.0,8250337.0
2019-08-02,14050,14600,14050,14550,13819,120042.0,8250337.0
2019-08-05,14800,18150,14800,15550,676545,128293.0,8250337.0
2019-08-06,14900,15350,13150,14000,106553,115505.0,8250337.0
2019-08-07,13950,14400,13750,13900,44491,114680.0,8250337.0
2019-08-08,14050,15200,14000,15000,67341,123755.0,8250337.0
2019-08-09,15000,15150,14800,15000,25193,123755.0,8250337.0
2019-08-12,15000,15250,14700,15150,22035,124993.0,8250337.0
2019-08-13,14900,16150,14800,16150,88590,133243.0,8250337.0
2019-08-14,15900,15900,15350,15500,60663,127880.0,8250337.0
2019-08-16,15100,15150,14650,15000,30855,123755.0,8250337.0
2019-08-19,15000,15150,14650,15050,23104,124168.0,8250337.0
2019-08-20,15000,15550,15000,15500,19581,127880.0,8250337.0
2019-08-21,15600,16050,15200,16000,37508,132005.0,8250337.0
2019-08-22,16000,16050,15800,15800,15854,130355.0,8250337.0
2019-08-23,15550,15750,15100,15650,25356,129118.0,8250337.0
2019-08-26,15000,15500,14850,15000,18865,123755.0,8250337.0
2019-08-27,15100,15450,14850,14850,12234,122518.0,8250337.0
2019-08-28,14800,15250,14800,15250,9507,125818.0,8250337.0
2019-08-29,15200,15450,14850,15350,7184,126643.0,8250337.0
2019-08-30,15450,15600,14600,15100,52604,124580.0,8250337.0
2019-09-02,15250,15250,14600,14850,26082,122518.0,8250337.0
2019-09-03,14850,15050,14500,14950,28141,123343.0,8250337.0
2019-09-04,15050,16350,14950,16250,125286,134068.0,8250337.0
2019-09-05,16200,16600,15850,16550,33714,136543.0,8250337.0
2019-09-06,17450,17500,15900,16250,63331,134068.0,8250337.0
2019-09-09,16150,16500,16000,16400,20802,135306.0,8250337.0
2019-09-10,16400,16900,16050,16700,34660,137781.0,8250337.0
2019-09-11,16550,16900,16400,16900,20461,139431.0,8250337.0
2019-09-16,16900,16900,16200,16600,23890,136956.0,8250337.0
2019-09-17,16600,16750,16250,16750,24333,138193.0,8250337.0
2019-09-18,16800,17350,16200,17250,47995,142318.0,8250337.0
2019-09-19,17050,18750,17050,18150,183927,149744.0,8250337.0
2019-09-20,18150,19750,18150,19400,244991,160057.0,8250337.0
2019-09-23,19400,19450,18850,19200,52053,158406.0,8250337.0
2019-09-24,19000,19800,18450,18550,91080,153044.0,8250337.0
2019-09-25,18450,18900,18150,18250,54145,150569.0,8250337.0
2019-09-26,18250,18750,18100,18750,44954,154694.0,8250337.0
2019-09-27,18500,18550,17900,17950,36527,148094.0,8250337.0
2019-09-30,17850,18400,17750,18400,17253,151806.0,8250337.0
2019-10-01,18150,18400,17900,18400,24477,151806.0,8250337.0
2019-10-02,18150,18400,17800,18400,31473,151806.0,8250337.0
2019-10-04,18000,18450,17950,18400,15443,151806.0,8250337.0
2019-10-07,18400,18650,17950,18650,32783,,
